[2026-07-11 06:20:37] local.ERROR: There are no commands defined in the "install" namespace. {"exception":"[object] (Symfony\\Component\\Console\\Exception\\NamespaceNotFoundException(code: 0): There are no commands defined in the \"install\" namespace. at D:/xampp/htdocs/Laravel-Assessment/laravel-assessment/vendor/symfony/console/Application.php:678)
[stacktrace]
#0 D:/xampp/htdocs/Laravel-Assessment/laravel-assessment/vendor/symfony/console/Application.php(729): Symfony/Component/Console/Application->findNamespace('install')
#1 D:/xampp/htdocs/Laravel-Assessment/laravel-assessment/vendor/symfony/console/Application.php(266): Symfony/Component/Console/Application->find('install:api')
#2 D:/xampp/htdocs/Laravel-Assessment/laravel-assessment/vendor/symfony/console/Application.php(175): Symfony/Component/Console/Application->doRun(Object(Symfony/Component/Console/Input/ArgvInput), Object(Symfony/Component/Console/Output/ConsoleOutput))
#3 D:/xampp/htdocs/Laravel-Assessment/laravel-assessment/vendor/laravel/framework/src/Illuminate/Foundation/Console/Kernel.php(201): Symfony/Component/Console/Application->run(Object(Symfony/Component/Console/Input/ArgvInput), Object(Symfony/Component/Console/Output/ConsoleOutput))
#4 D:/xampp/htdocs/Laravel-Assessment/laravel-assessment/artisan(37): Illuminate/Foundation/Console/Kernel->handle(Object(Symfony/Component/Console/Input/ArgvInput), Object(Symfony/Component/Console/Output/ConsoleOutput))
#5 {main}
"} 
[2026-07-11 06:22:11] local.ERROR: There are no commands defined in the "install" namespace. {"exception":"[object] (Symfony\\Component\\Console\\Exception\\NamespaceNotFoundException(code: 0): There are no commands defined in the \"install\" namespace. at D:/xampp/htdocs/Laravel-Assessment/laravel-assessment/vendor/symfony/console/Application.php:678)
[stacktrace]
#0 D:/xampp/htdocs/Laravel-Assessment/laravel-assessment/vendor/symfony/console/Application.php(729): Symfony/Component/Console/Application->findNamespace('install')
#1 D:/xampp/htdocs/Laravel-Assessment/laravel-assessment/vendor/symfony/console/Application.php(266): Symfony/Component/Console/Application->find('install:api')
#2 D:/xampp/htdocs/Laravel-Assessment/laravel-assessment/vendor/symfony/console/Application.php(175): Symfony/Component/Console/Application->doRun(Object(Symfony/Component/Console/Input/ArgvInput), Object(Symfony/Component/Console/Output/ConsoleOutput))
#3 D:/xampp/htdocs/Laravel-Assessment/laravel-assessment/vendor/laravel/framework/src/Illuminate/Foundation/Console/Kernel.php(201): Symfony/Component/Console/Application->run(Object(Symfony/Component/Console/Input/ArgvInput), Object(Symfony/Component/Console/Output/ConsoleOutput))
#4 D:/xampp/htdocs/Laravel-Assessment/laravel-assessment/artisan(37): Illuminate/Foundation/Console/Kernel->handle(Object(Symfony/Component/Console/Input/ArgvInput), Object(Symfony/Component/Console/Output/ConsoleOutput))
#5 {main}
"} 
[2026-07-11 06:44:49] local.ERROR: SQLSTATE[HY000] [2002] No connection could be made because the target machine actively refused it (Connection: mysql, SQL: select table_name as `name`, (data_length + index_length) as `size`, table_comment as `comment`, engine as `engine`, table_collation as `collation` from information_schema.tables where table_schema = 'laravel-assignment' and table_type in ('BASE TABLE', 'SYSTEM VERSIONED') order by table_name) {"exception":"[object] (Illuminate\\Database\\QueryException(code: 2002): SQLSTATE[HY000] [2002] No connection could be made because the target machine actively refused it (Connection: mysql, SQL: select table_name as `name`, (data_length + index_length) as `size`, table_comment as `comment`, engine as `engine`, table_collation as `collation` from information_schema.tables where table_schema = 'laravel-assignment' and table_type in ('BASE TABLE', 'SYSTEM VERSIONED') order by table_name) at D:/xampp/htdocs/Laravel-Assessment/laravel-assessment/vendor/laravel/framework/src/Illuminate/Database/Connection.php:829)
[stacktrace]
#0 D:/xampp/htdocs/Laravel-Assessment/laravel-assessment/vendor/laravel/framework/src/Illuminate/Database/Connection.php(983): Illuminate/Database/Connection->runQueryCallback('select table_na...', Array, Object(Closure))
#1 D:/xampp/htdocs/Laravel-Assessment/laravel-assessment/vendor/laravel/framework/src/Illuminate/Database/Connection.php(963): Illuminate/Database/Connection->tryAgainIfCausedByLostConnection(Object(Illuminate/Database/QueryException), 'select table_na...', Array, Object(Closure))
#2 D:/xampp/htdocs/Laravel-Assessment/laravel-assessment/vendor/laravel/framework/src/Illuminate/Database/Connection.php(786): Illuminate/Database/Connection->handleQueryException(Object(Illuminate/Database/QueryException), 'select table_na...', Array, Object(Closure))
#3 D:/xampp/htdocs/Laravel-Assessment/laravel-assessment/vendor/laravel/framework/src/Illuminate/Database/Connection.php(431): Illuminate/Database/Connection->run('select table_na...', Array, Object(Closure))
#4 D:/xampp/htdocs/Laravel-Assessment/laravel-assessment/vendor/laravel/framework/src/Illuminate/Database/Connection.php(401): Illuminate/Database/Connection->select('select table_na...', Array, false)
#5 D:/xampp/htdocs/Laravel-Assessment/laravel-assessment/vendor/laravel/framework/src/Illuminate/Database/Schema/MySqlBuilder.php(42): Illuminate/Database/Connection->selectFromWriteConnection('select table_na...')
#6 D:/xampp/htdocs/Laravel-Assessment/laravel-assessment/vendor/laravel/framework/src/Illuminate/Database/Schema/Builder.php(165): Illuminate/Database/Schema/MySqlBuilder->getTables(false)
#7 D:/xampp/htdocs/Laravel-Assessment/laravel-assessment/vendor/laravel/framework/src/Illuminate/Database/Migrations/DatabaseMigrationRepository.php(184): Illuminate/Database/Schema/Builder->hasTable('migrations')
#8 D:/xampp/htdocs/Laravel-Assessment/laravel-assessment/vendor/laravel/framework/src/Illuminate/Database/Migrations/Migrator.php(727): Illuminate/Database/Migrations/DatabaseMigrationRepository->repositoryExists()
#9 D:/xampp/htdocs/Laravel-Assessment/laravel-assessment/vendor/laravel/framework/src/Illuminate/Database/Console/Migrations/MigrateCommand.php(140): Illuminate/Database/Migrations/Migrator->repositoryExists()
#10 D:/xampp/htdocs/Laravel-Assessment/laravel-assessment/vendor/laravel/framework/src/Illuminate/Support/helpers.php(261): Illuminate/Database/Console/Migrations/MigrateCommand->Illuminate/Database/Console/Migrations/{closure}(1)
#11 D:/xampp/htdocs/Laravel-Assessment/laravel-assessment/vendor/laravel/framework/src/Illuminate/Database/Console/Migrations/MigrateCommand.php(159): retry(1, Object(Closure), 0, Object(Closure))
#12 D:/xampp/htdocs/Laravel-Assessment/laravel-assessment/vendor/laravel/framework/src/Illuminate/Database/Console/Migrations/MigrateCommand.php(116): Illuminate/Database/Console/Migrations/MigrateCommand->repositoryExists()
#13 D:/xampp/htdocs/Laravel-Assessment/laravel-assessment/vendor/laravel/framework/src/Illuminate/Database/Console/Migrations/MigrateCommand.php(84): Illuminate/Database/Console/Migrations/MigrateCommand->prepareDatabase()
#14 D:/xampp/htdocs/Laravel-Assessment/laravel-assessment/vendor/laravel/framework/src/Illuminate/Database/Migrations/Migrator.php(641): Illuminate/Database/Console/Migrations/MigrateCommand->Illuminate/Database/Console/Migrations/{closure}()
#15 D:/xampp/htdocs/Laravel-Assessment/laravel-assessment/vendor/laravel/framework/src/Illuminate/Database/Console/Migrations/MigrateCommand.php(104): Illuminate/Database/Migrations/Migrator->usingConnection(NULL, Object(Closure))
#16 D:/xampp/htdocs/Laravel-Assessment/laravel-assessment/vendor/laravel/framework/src/Illuminate/Container/BoundMethod.php(36): Illuminate/Database/Console/Migrations/MigrateCommand->handle()
#17 D:/xampp/htdocs/Laravel-Assessment/laravel-assessment/vendor/laravel/framework/src/Illuminate/Container/Util.php(41): Illuminate/Container/BoundMethod::Illuminate/Container/{closure}()
#18 D:/xampp/htdocs/Laravel-Assessment/laravel-assessment/vendor/laravel/framework/src/Illuminate/Container/BoundMethod.php(93): Illuminate/Container/Util::unwrapIfClosure(Object(Closure))
#19 D:/xampp/htdocs/Laravel-Assessment/laravel-assessment/vendor/laravel/framework/src/Illuminate/Container/BoundMethod.php(37): Illuminate/Container/BoundMethod::callBoundMethod(Object(Illuminate/Foundation/Application), Array, Object(Closure))
#20 D:/xampp/htdocs/Laravel-Assessment/laravel-assessment/vendor/laravel/framework/src/Illuminate/Container/Container.php(662): Illuminate/Container/BoundMethod::call(Object(Illuminate/Foundation/Application), Array, Array, NULL)
#21 D:/xampp/htdocs/Laravel-Assessment/laravel-assessment/vendor/laravel/framework/src/Illuminate/Console/Command.php(211): Illuminate/Container/Container->call(Array)
#22 D:/xampp/htdocs/Laravel-Assessment/laravel-assessment/vendor/symfony/console/Command/Command.php(326): Illuminate/Console/Command->execute(Object(Symfony/Component/Console/Input/ArgvInput), Object(Illuminate/Console/OutputStyle))
#23 D:/xampp/htdocs/Laravel-Assessment/laravel-assessment/vendor/laravel/framework/src/Illuminate/Console/Command.php(181): Symfony/Component/Console/Command/Command->run(Object(Symfony/Component/Console/Input/ArgvInput), Object(Illuminate/Console/OutputStyle))
#24 D:/xampp/htdocs/Laravel-Assessment/laravel-assessment/vendor/symfony/console/Application.php(1121): Illuminate/Console/Command->run(Object(Symfony/Component/Console/Input/ArgvInput), Object(Symfony/Component/Console/Output/ConsoleOutput))
#25 D:/xampp/htdocs/Laravel-Assessment/laravel-assessment/vendor/symfony/console/Application.php(324): Symfony/Component/Console/Application->doRunCommand(Object(Illuminate/Database/Console/Migrations/MigrateCommand), Object(Symfony/Component/Console/Input/ArgvInput), Object(Symfony/Component/Console/Output/ConsoleOutput))
#26 D:/xampp/htdocs/Laravel-Assessment/laravel-assessment/vendor/symfony/console/Application.php(175): Symfony/Component/Console/Application->doRun(Object(Symfony/Component/Console/Input/ArgvInput), Object(Symfony/Component/Console/Output/ConsoleOutput))
#27 D:/xampp/htdocs/Laravel-Assessment/laravel-assessment/vendor/laravel/framework/src/Illuminate/Foundation/Console/Kernel.php(201): Symfony/Component/Console/Application->run(Object(Symfony/Component/Console/Input/ArgvInput), Object(Symfony/Component/Console/Output/ConsoleOutput))
#28 D:/xampp/htdocs/Laravel-Assessment/laravel-assessment/artisan(37): Illuminate/Foundation/Console/Kernel->handle(Object(Symfony/Component/Console/Input/ArgvInput), Object(Symfony/Component/Console/Output/ConsoleOutput))
#29 {main}

[previous exception] [object] (PDOException(code: 2002): SQLSTATE[HY000] [2002] No connection could be made because the target machine actively refused it at D:/xampp/htdocs/Laravel-Assessment/laravel-assessment/vendor/laravel/framework/src/Illuminate/Database/Connectors/Connector.php:65)
[stacktrace]
#0 D:/xampp/htdocs/Laravel-Assessment/laravel-assessment/vendor/laravel/framework/src/Illuminate/Database/Connectors/Connector.php(65): PDO->__construct('mysql:host=127....', 'root', '', Array)
#1 D:/xampp/htdocs/Laravel-Assessment/laravel-assessment/vendor/laravel/framework/src/Illuminate/Database/Connectors/Connector.php(83): Illuminate/Database/Connectors/Connector->createPdoConnection('mysql:host=127....', 'root', '', Array)
#2 D:/xampp/htdocs/Laravel-Assessment/laravel-assessment/vendor/laravel/framework/src/Illuminate/Database/Connectors/Connector.php(49): Illuminate/Database/Connectors/Connector->tryAgainIfCausedByLostConnection(Object(PDOException), 'mysql:host=127....', 'root', '', Array)
#3 D:/xampp/htdocs/Laravel-Assessment/laravel-assessment/vendor/laravel/framework/src/Illuminate/Database/Connectors/MySqlConnector.php(24): Illuminate/Database/Connectors/Connector->createConnection('mysql:host=127....', Array, Array)
#4 D:/xampp/htdocs/Laravel-Assessment/laravel-assessment/vendor/laravel/framework/src/Illuminate/Database/Connectors/ConnectionFactory.php(184): Illuminate/Database/Connectors/MySqlConnector->connect(Array)
#5 [internal function]: Illuminate/Database/Connectors/ConnectionFactory->Illuminate/Database/Connectors/{closure}()
#6 D:/xampp/htdocs/Laravel-Assessment/laravel-assessment/vendor/laravel/framework/src/Illuminate/Database/Connection.php(1339): call_user_func(Object(Closure))
#7 D:/xampp/htdocs/Laravel-Assessment/laravel-assessment/vendor/laravel/framework/src/Illuminate/Database/Connection.php(528): Illuminate/Database/Connection->getPdo()
#8 D:/xampp/htdocs/Laravel-Assessment/laravel-assessment/vendor/laravel/framework/src/Illuminate/Database/Connection.php(423): Illuminate/Database/Connection->getPdoForSelect(false)
#9 D:/xampp/htdocs/Laravel-Assessment/laravel-assessment/vendor/laravel/framework/src/Illuminate/Database/Connection.php(816): Illuminate/Database/Connection->Illuminate/Database/{closure}('select table_na...', Array)
#10 D:/xampp/htdocs/Laravel-Assessment/laravel-assessment/vendor/laravel/framework/src/Illuminate/Database/Connection.php(983): Illuminate/Database/Connection->runQueryCallback('select table_na...', Array, Object(Closure))
#11 D:/xampp/htdocs/Laravel-Assessment/laravel-assessment/vendor/laravel/framework/src/Illuminate/Database/Connection.php(963): Illuminate/Database/Connection->tryAgainIfCausedByLostConnection(Object(Illuminate/Database/QueryException), 'select table_na...', Array, Object(Closure))
#12 D:/xampp/htdocs/Laravel-Assessment/laravel-assessment/vendor/laravel/framework/src/Illuminate/Database/Connection.php(786): Illuminate/Database/Connection->handleQueryException(Object(Illuminate/Database/QueryException), 'select table_na...', Array, Object(Closure))
#13 D:/xampp/htdocs/Laravel-Assessment/laravel-assessment/vendor/laravel/framework/src/Illuminate/Database/Connection.php(431): Illuminate/Database/Connection->run('select table_na...', Array, Object(Closure))
#14 D:/xampp/htdocs/Laravel-Assessment/laravel-assessment/vendor/laravel/framework/src/Illuminate/Database/Connection.php(401): Illuminate/Database/Connection->select('select table_na...', Array, false)
#15 D:/xampp/htdocs/Laravel-Assessment/laravel-assessment/vendor/laravel/framework/src/Illuminate/Database/Schema/MySqlBuilder.php(42): Illuminate/Database/Connection->selectFromWriteConnection('select table_na...')
#16 D:/xampp/htdocs/Laravel-Assessment/laravel-assessment/vendor/laravel/framework/src/Illuminate/Database/Schema/Builder.php(165): Illuminate/Database/Schema/MySqlBuilder->getTables(false)
#17 D:/xampp/htdocs/Laravel-Assessment/laravel-assessment/vendor/laravel/framework/src/Illuminate/Database/Migrations/DatabaseMigrationRepository.php(184): Illuminate/Database/Schema/Builder->hasTable('migrations')
#18 D:/xampp/htdocs/Laravel-Assessment/laravel-assessment/vendor/laravel/framework/src/Illuminate/Database/Migrations/Migrator.php(727): Illuminate/Database/Migrations/DatabaseMigrationRepository->repositoryExists()
#19 D:/xampp/htdocs/Laravel-Assessment/laravel-assessment/vendor/laravel/framework/src/Illuminate/Database/Console/Migrations/MigrateCommand.php(140): Illuminate/Database/Migrations/Migrator->repositoryExists()
#20 D:/xampp/htdocs/Laravel-Assessment/laravel-assessment/vendor/laravel/framework/src/Illuminate/Support/helpers.php(261): Illuminate/Database/Console/Migrations/MigrateCommand->Illuminate/Database/Console/Migrations/{closure}(1)
#21 D:/xampp/htdocs/Laravel-Assessment/laravel-assessment/vendor/laravel/framework/src/Illuminate/Database/Console/Migrations/MigrateCommand.php(159): retry(1, Object(Closure), 0, Object(Closure))
#22 D:/xampp/htdocs/Laravel-Assessment/laravel-assessment/vendor/laravel/framework/src/Illuminate/Database/Console/Migrations/MigrateCommand.php(116): Illuminate/Database/Console/Migrations/MigrateCommand->repositoryExists()
#23 D:/xampp/htdocs/Laravel-Assessment/laravel-assessment/vendor/laravel/framework/src/Illuminate/Database/Console/Migrations/MigrateCommand.php(84): Illuminate/Database/Console/Migrations/MigrateCommand->prepareDatabase()
#24 D:/xampp/htdocs/Laravel-Assessment/laravel-assessment/vendor/laravel/framework/src/Illuminate/Database/Migrations/Migrator.php(641): Illuminate/Database/Console/Migrations/MigrateCommand->Illuminate/Database/Console/Migrations/{closure}()
#25 D:/xampp/htdocs/Laravel-Assessment/laravel-assessment/vendor/laravel/framework/src/Illuminate/Database/Console/Migrations/MigrateCommand.php(104): Illuminate/Database/Migrations/Migrator->usingConnection(NULL, Object(Closure))
#26 D:/xampp/htdocs/Laravel-Assessment/laravel-assessment/vendor/laravel/framework/src/Illuminate/Container/BoundMethod.php(36): Illuminate/Database/Console/Migrations/MigrateCommand->handle()
#27 D:/xampp/htdocs/Laravel-Assessment/laravel-assessment/vendor/laravel/framework/src/Illuminate/Container/Util.php(41): Illuminate/Container/BoundMethod::Illuminate/Container/{closure}()
#28 D:/xampp/htdocs/Laravel-Assessment/laravel-assessment/vendor/laravel/framework/src/Illuminate/Container/BoundMethod.php(93): Illuminate/Container/Util::unwrapIfClosure(Object(Closure))
#29 D:/xampp/htdocs/Laravel-Assessment/laravel-assessment/vendor/laravel/framework/src/Illuminate/Container/BoundMethod.php(37): Illuminate/Container/BoundMethod::callBoundMethod(Object(Illuminate/Foundation/Application), Array, Object(Closure))
#30 D:/xampp/htdocs/Laravel-Assessment/laravel-assessment/vendor/laravel/framework/src/Illuminate/Container/Container.php(662): Illuminate/Container/BoundMethod::call(Object(Illuminate/Foundation/Application), Array, Array, NULL)
#31 D:/xampp/htdocs/Laravel-Assessment/laravel-assessment/vendor/laravel/framework/src/Illuminate/Console/Command.php(211): Illuminate/Container/Container->call(Array)
#32 D:/xampp/htdocs/Laravel-Assessment/laravel-assessment/vendor/symfony/console/Command/Command.php(326): Illuminate/Console/Command->execute(Object(Symfony/Component/Console/Input/ArgvInput), Object(Illuminate/Console/OutputStyle))
#33 D:/xampp/htdocs/Laravel-Assessment/laravel-assessment/vendor/laravel/framework/src/Illuminate/Console/Command.php(181): Symfony/Component/Console/Command/Command->run(Object(Symfony/Component/Console/Input/ArgvInput), Object(Illuminate/Console/OutputStyle))
#34 D:/xampp/htdocs/Laravel-Assessment/laravel-assessment/vendor/symfony/console/Application.php(1121): Illuminate/Console/Command->run(Object(Symfony/Component/Console/Input/ArgvInput), Object(Symfony/Component/Console/Output/ConsoleOutput))
#35 D:/xampp/htdocs/Laravel-Assessment/laravel-assessment/vendor/symfony/console/Application.php(324): Symfony/Component/Console/Application->doRunCommand(Object(Illuminate/Database/Console/Migrations/MigrateCommand), Object(Symfony/Component/Console/Input/ArgvInput), Object(Symfony/Component/Console/Output/ConsoleOutput))
#36 D:/xampp/htdocs/Laravel-Assessment/laravel-assessment/vendor/symfony/console/Application.php(175): Symfony/Component/Console/Application->doRun(Object(Symfony/Component/Console/Input/ArgvInput), Object(Symfony/Component/Console/Output/ConsoleOutput))
#37 D:/xampp/htdocs/Laravel-Assessment/laravel-assessment/vendor/laravel/framework/src/Illuminate/Foundation/Console/Kernel.php(201): Symfony/Component/Console/Application->run(Object(Symfony/Component/Console/Input/ArgvInput), Object(Symfony/Component/Console/Output/ConsoleOutput))
#38 D:/xampp/htdocs/Laravel-Assessment/laravel-assessment/artisan(37): Illuminate/Foundation/Console/Kernel->handle(Object(Symfony/Component/Console/Input/ArgvInput), Object(Symfony/Component/Console/Output/ConsoleOutput))
#39 {main}
"} 
[2026-07-11 06:45:37] local.ERROR: The "--columns" option does not exist. {"exception":"[object] (Symfony\\Component\\Console\\Exception\\RuntimeException(code: 0): The \"--columns\" option does not exist. at D:/xampp/htdocs/Laravel-Assessment/laravel-assessment/vendor/symfony/console/Input/ArgvInput.php:222)
[stacktrace]
#0 D:/xampp/htdocs/Laravel-Assessment/laravel-assessment/vendor/symfony/console/Input/ArgvInput.php(149): Symfony/Component/Console/Input/ArgvInput->addLongOption('columns', 'uri,name,action...')
#1 D:/xampp/htdocs/Laravel-Assessment/laravel-assessment/vendor/symfony/console/Input/ArgvInput.php(85): Symfony/Component/Console/Input/ArgvInput->parseLongOption('--columns=uri,n...')
#2 D:/xampp/htdocs/Laravel-Assessment/laravel-assessment/vendor/symfony/console/Input/ArgvInput.php(74): Symfony/Component/Console/Input/ArgvInput->parseToken('--columns=uri,n...', true)
#3 D:/xampp/htdocs/Laravel-Assessment/laravel-assessment/vendor/symfony/console/Input/Input.php(56): Symfony/Component/Console/Input/ArgvInput->parse()
#4 D:/xampp/htdocs/Laravel-Assessment/laravel-assessment/vendor/symfony/console/Command/Command.php(285): Symfony/Component/Console/Input/Input->bind(Object(Symfony/Component/Console/Input/InputDefinition))
#5 D:/xampp/htdocs/Laravel-Assessment/laravel-assessment/vendor/laravel/framework/src/Illuminate/Console/Command.php(181): Symfony/Component/Console/Command/Command->run(Object(Symfony/Component/Console/Input/ArgvInput), Object(Illuminate/Console/OutputStyle))
#6 D:/xampp/htdocs/Laravel-Assessment/laravel-assessment/vendor/symfony/console/Application.php(1121): Illuminate/Console/Command->run(Object(Symfony/Component/Console/Input/ArgvInput), Object(Symfony/Component/Console/Output/ConsoleOutput))
#7 D:/xampp/htdocs/Laravel-Assessment/laravel-assessment/vendor/symfony/console/Application.php(324): Symfony/Component/Console/Application->doRunCommand(Object(Illuminate/Foundation/Console/RouteListCommand), Object(Symfony/Component/Console/Input/ArgvInput), Object(Symfony/Component/Console/Output/ConsoleOutput))
#8 D:/xampp/htdocs/Laravel-Assessment/laravel-assessment/vendor/symfony/console/Application.php(175): Symfony/Component/Console/Application->doRun(Object(Symfony/Component/Console/Input/ArgvInput), Object(Symfony/Component/Console/Output/ConsoleOutput))
#9 D:/xampp/htdocs/Laravel-Assessment/laravel-assessment/vendor/laravel/framework/src/Illuminate/Foundation/Console/Kernel.php(201): Symfony/Component/Console/Application->run(Object(Symfony/Component/Console/Input/ArgvInput), Object(Symfony/Component/Console/Output/ConsoleOutput))
#10 D:/xampp/htdocs/Laravel-Assessment/laravel-assessment/artisan(37): Illuminate/Foundation/Console/Kernel->handle(Object(Symfony/Component/Console/Input/ArgvInput), Object(Symfony/Component/Console/Output/ConsoleOutput))
#11 {main}
"} 
[2026-07-11 06:45:42] local.ERROR: The "--columns" option does not exist. {"exception":"[object] (Symfony\\Component\\Console\\Exception\\RuntimeException(code: 0): The \"--columns\" option does not exist. at D:/xampp/htdocs/Laravel-Assessment/laravel-assessment/vendor/symfony/console/Input/ArgvInput.php:222)
[stacktrace]
#0 D:/xampp/htdocs/Laravel-Assessment/laravel-assessment/vendor/symfony/console/Input/ArgvInput.php(149): Symfony/Component/Console/Input/ArgvInput->addLongOption('columns', 'uri,name,action...')
#1 D:/xampp/htdocs/Laravel-Assessment/laravel-assessment/vendor/symfony/console/Input/ArgvInput.php(85): Symfony/Component/Console/Input/ArgvInput->parseLongOption('--columns=uri,n...')
#2 D:/xampp/htdocs/Laravel-Assessment/laravel-assessment/vendor/symfony/console/Input/ArgvInput.php(74): Symfony/Component/Console/Input/ArgvInput->parseToken('--columns=uri,n...', true)
#3 D:/xampp/htdocs/Laravel-Assessment/laravel-assessment/vendor/symfony/console/Input/Input.php(56): Symfony/Component/Console/Input/ArgvInput->parse()
#4 D:/xampp/htdocs/Laravel-Assessment/laravel-assessment/vendor/symfony/console/Command/Command.php(285): Symfony/Component/Console/Input/Input->bind(Object(Symfony/Component/Console/Input/InputDefinition))
#5 D:/xampp/htdocs/Laravel-Assessment/laravel-assessment/vendor/laravel/framework/src/Illuminate/Console/Command.php(181): Symfony/Component/Console/Command/Command->run(Object(Symfony/Component/Console/Input/ArgvInput), Object(Illuminate/Console/OutputStyle))
#6 D:/xampp/htdocs/Laravel-Assessment/laravel-assessment/vendor/symfony/console/Application.php(1121): Illuminate/Console/Command->run(Object(Symfony/Component/Console/Input/ArgvInput), Object(Symfony/Component/Console/Output/ConsoleOutput))
#7 D:/xampp/htdocs/Laravel-Assessment/laravel-assessment/vendor/symfony/console/Application.php(324): Symfony/Component/Console/Application->doRunCommand(Object(Illuminate/Foundation/Console/RouteListCommand), Object(Symfony/Component/Console/Input/ArgvInput), Object(Symfony/Component/Console/Output/ConsoleOutput))
#8 D:/xampp/htdocs/Laravel-Assessment/laravel-assessment/vendor/symfony/console/Application.php(175): Symfony/Component/Console/Application->doRun(Object(Symfony/Component/Console/Input/ArgvInput), Object(Symfony/Component/Console/Output/ConsoleOutput))
#9 D:/xampp/htdocs/Laravel-Assessment/laravel-assessment/vendor/laravel/framework/src/Illuminate/Foundation/Console/Kernel.php(201): Symfony/Component/Console/Application->run(Object(Symfony/Component/Console/Input/ArgvInput), Object(Symfony/Component/Console/Output/ConsoleOutput))
#10 D:/xampp/htdocs/Laravel-Assessment/laravel-assessment/artisan(37): Illuminate/Foundation/Console/Kernel->handle(Object(Symfony/Component/Console/Input/ArgvInput), Object(Symfony/Component/Console/Output/ConsoleOutput))
#11 {main}
"} 
[2026-07-11 06:45:47] local.ERROR: The "--columns" option does not exist. {"exception":"[object] (Symfony\\Component\\Console\\Exception\\RuntimeException(code: 0): The \"--columns\" option does not exist. at D:/xampp/htdocs/Laravel-Assessment/laravel-assessment/vendor/symfony/console/Input/ArgvInput.php:222)
[stacktrace]
#0 D:/xampp/htdocs/Laravel-Assessment/laravel-assessment/vendor/symfony/console/Input/ArgvInput.php(149): Symfony/Component/Console/Input/ArgvInput->addLongOption('columns', 'uri,name,action...')
#1 D:/xampp/htdocs/Laravel-Assessment/laravel-assessment/vendor/symfony/console/Input/ArgvInput.php(85): Symfony/Component/Console/Input/ArgvInput->parseLongOption('--columns=uri,n...')
#2 D:/xampp/htdocs/Laravel-Assessment/laravel-assessment/vendor/symfony/console/Input/ArgvInput.php(74): Symfony/Component/Console/Input/ArgvInput->parseToken('--columns=uri,n...', true)
#3 D:/xampp/htdocs/Laravel-Assessment/laravel-assessment/vendor/symfony/console/Input/Input.php(56): Symfony/Component/Console/Input/ArgvInput->parse()
#4 D:/xampp/htdocs/Laravel-Assessment/laravel-assessment/vendor/symfony/console/Command/Command.php(285): Symfony/Component/Console/Input/Input->bind(Object(Symfony/Component/Console/Input/InputDefinition))
#5 D:/xampp/htdocs/Laravel-Assessment/laravel-assessment/vendor/laravel/framework/src/Illuminate/Console/Command.php(181): Symfony/Component/Console/Command/Command->run(Object(Symfony/Component/Console/Input/ArgvInput), Object(Illuminate/Console/OutputStyle))
#6 D:/xampp/htdocs/Laravel-Assessment/laravel-assessment/vendor/symfony/console/Application.php(1121): Illuminate/Console/Command->run(Object(Symfony/Component/Console/Input/ArgvInput), Object(Symfony/Component/Console/Output/ConsoleOutput))
#7 D:/xampp/htdocs/Laravel-Assessment/laravel-assessment/vendor/symfony/console/Application.php(324): Symfony/Component/Console/Application->doRunCommand(Object(Illuminate/Foundation/Console/RouteListCommand), Object(Symfony/Component/Console/Input/ArgvInput), Object(Symfony/Component/Console/Output/ConsoleOutput))
#8 D:/xampp/htdocs/Laravel-Assessment/laravel-assessment/vendor/symfony/console/Application.php(175): Symfony/Component/Console/Application->doRun(Object(Symfony/Component/Console/Input/ArgvInput), Object(Symfony/Component/Console/Output/ConsoleOutput))
#9 D:/xampp/htdocs/Laravel-Assessment/laravel-assessment/vendor/laravel/framework/src/Illuminate/Foundation/Console/Kernel.php(201): Symfony/Component/Console/Application->run(Object(Symfony/Component/Console/Input/ArgvInput), Object(Symfony/Component/Console/Output/ConsoleOutput))
#10 D:/xampp/htdocs/Laravel-Assessment/laravel-assessment/artisan(37): Illuminate/Foundation/Console/Kernel->handle(Object(Symfony/Component/Console/Input/ArgvInput), Object(Symfony/Component/Console/Output/ConsoleOutput))
#11 {main}
"} 
[2026-07-11 06:45:57] local.ERROR: SQLSTATE[HY000] [2002] No connection could be made because the target machine actively refused it (Connection: mysql, SQL: select table_name as `name`, (data_length + index_length) as `size`, table_comment as `comment`, engine as `engine`, table_collation as `collation` from information_schema.tables where table_schema = 'laravel-assignment' and table_type in ('BASE TABLE', 'SYSTEM VERSIONED') order by table_name) {"exception":"[object] (Illuminate\\Database\\QueryException(code: 2002): SQLSTATE[HY000] [2002] No connection could be made because the target machine actively refused it (Connection: mysql, SQL: select table_name as `name`, (data_length + index_length) as `size`, table_comment as `comment`, engine as `engine`, table_collation as `collation` from information_schema.tables where table_schema = 'laravel-assignment' and table_type in ('BASE TABLE', 'SYSTEM VERSIONED') order by table_name) at D:/xampp/htdocs/Laravel-Assessment/laravel-assessment/vendor/laravel/framework/src/Illuminate/Database/Connection.php:829)
[stacktrace]
#0 D:/xampp/htdocs/Laravel-Assessment/laravel-assessment/vendor/laravel/framework/src/Illuminate/Database/Connection.php(983): Illuminate/Database/Connection->runQueryCallback('select table_na...', Array, Object(Closure))
#1 D:/xampp/htdocs/Laravel-Assessment/laravel-assessment/vendor/laravel/framework/src/Illuminate/Database/Connection.php(963): Illuminate/Database/Connection->tryAgainIfCausedByLostConnection(Object(Illuminate/Database/QueryException), 'select table_na...', Array, Object(Closure))
#2 D:/xampp/htdocs/Laravel-Assessment/laravel-assessment/vendor/laravel/framework/src/Illuminate/Database/Connection.php(786): Illuminate/Database/Connection->handleQueryException(Object(Illuminate/Database/QueryException), 'select table_na...', Array, Object(Closure))
#3 D:/xampp/htdocs/Laravel-Assessment/laravel-assessment/vendor/laravel/framework/src/Illuminate/Database/Connection.php(431): Illuminate/Database/Connection->run('select table_na...', Array, Object(Closure))
#4 D:/xampp/htdocs/Laravel-Assessment/laravel-assessment/vendor/laravel/framework/src/Illuminate/Database/Connection.php(401): Illuminate/Database/Connection->select('select table_na...', Array, false)
#5 D:/xampp/htdocs/Laravel-Assessment/laravel-assessment/vendor/laravel/framework/src/Illuminate/Database/Schema/MySqlBuilder.php(42): Illuminate/Database/Connection->selectFromWriteConnection('select table_na...')
#6 D:/xampp/htdocs/Laravel-Assessment/laravel-assessment/vendor/laravel/framework/src/Illuminate/Database/Schema/Builder.php(165): Illuminate/Database/Schema/MySqlBuilder->getTables(false)
#7 D:/xampp/htdocs/Laravel-Assessment/laravel-assessment/vendor/laravel/framework/src/Illuminate/Database/Migrations/DatabaseMigrationRepository.php(184): Illuminate/Database/Schema/Builder->hasTable('migrations')
#8 D:/xampp/htdocs/Laravel-Assessment/laravel-assessment/vendor/laravel/framework/src/Illuminate/Database/Migrations/Migrator.php(727): Illuminate/Database/Migrations/DatabaseMigrationRepository->repositoryExists()
#9 D:/xampp/htdocs/Laravel-Assessment/laravel-assessment/vendor/laravel/framework/src/Illuminate/Database/Console/Migrations/MigrateCommand.php(140): Illuminate/Database/Migrations/Migrator->repositoryExists()
#10 D:/xampp/htdocs/Laravel-Assessment/laravel-assessment/vendor/laravel/framework/src/Illuminate/Support/helpers.php(261): Illuminate/Database/Console/Migrations/MigrateCommand->Illuminate/Database/Console/Migrations/{closure}(1)
#11 D:/xampp/htdocs/Laravel-Assessment/laravel-assessment/vendor/laravel/framework/src/Illuminate/Database/Console/Migrations/MigrateCommand.php(159): retry(1, Object(Closure), 0, Object(Closure))
#12 D:/xampp/htdocs/Laravel-Assessment/laravel-assessment/vendor/laravel/framework/src/Illuminate/Database/Console/Migrations/MigrateCommand.php(116): Illuminate/Database/Console/Migrations/MigrateCommand->repositoryExists()
#13 D:/xampp/htdocs/Laravel-Assessment/laravel-assessment/vendor/laravel/framework/src/Illuminate/Database/Console/Migrations/MigrateCommand.php(84): Illuminate/Database/Console/Migrations/MigrateCommand->prepareDatabase()
#14 D:/xampp/htdocs/Laravel-Assessment/laravel-assessment/vendor/laravel/framework/src/Illuminate/Database/Migrations/Migrator.php(641): Illuminate/Database/Console/Migrations/MigrateCommand->Illuminate/Database/Console/Migrations/{closure}()
#15 D:/xampp/htdocs/Laravel-Assessment/laravel-assessment/vendor/laravel/framework/src/Illuminate/Database/Console/Migrations/MigrateCommand.php(104): Illuminate/Database/Migrations/Migrator->usingConnection(NULL, Object(Closure))
#16 D:/xampp/htdocs/Laravel-Assessment/laravel-assessment/vendor/laravel/framework/src/Illuminate/Container/BoundMethod.php(36): Illuminate/Database/Console/Migrations/MigrateCommand->handle()
#17 D:/xampp/htdocs/Laravel-Assessment/laravel-assessment/vendor/laravel/framework/src/Illuminate/Container/Util.php(41): Illuminate/Container/BoundMethod::Illuminate/Container/{closure}()
#18 D:/xampp/htdocs/Laravel-Assessment/laravel-assessment/vendor/laravel/framework/src/Illuminate/Container/BoundMethod.php(93): Illuminate/Container/Util::unwrapIfClosure(Object(Closure))
#19 D:/xampp/htdocs/Laravel-Assessment/laravel-assessment/vendor/laravel/framework/src/Illuminate/Container/BoundMethod.php(37): Illuminate/Container/BoundMethod::callBoundMethod(Object(Illuminate/Foundation/Application), Array, Object(Closure))
#20 D:/xampp/htdocs/Laravel-Assessment/laravel-assessment/vendor/laravel/framework/src/Illuminate/Container/Container.php(662): Illuminate/Container/BoundMethod::call(Object(Illuminate/Foundation/Application), Array, Array, NULL)
#21 D:/xampp/htdocs/Laravel-Assessment/laravel-assessment/vendor/laravel/framework/src/Illuminate/Console/Command.php(211): Illuminate/Container/Container->call(Array)
#22 D:/xampp/htdocs/Laravel-Assessment/laravel-assessment/vendor/symfony/console/Command/Command.php(326): Illuminate/Console/Command->execute(Object(Symfony/Component/Console/Input/ArgvInput), Object(Illuminate/Console/OutputStyle))
#23 D:/xampp/htdocs/Laravel-Assessment/laravel-assessment/vendor/laravel/framework/src/Illuminate/Console/Command.php(181): Symfony/Component/Console/Command/Command->run(Object(Symfony/Component/Console/Input/ArgvInput), Object(Illuminate/Console/OutputStyle))
#24 D:/xampp/htdocs/Laravel-Assessment/laravel-assessment/vendor/symfony/console/Application.php(1121): Illuminate/Console/Command->run(Object(Symfony/Component/Console/Input/ArgvInput), Object(Symfony/Component/Console/Output/ConsoleOutput))
#25 D:/xampp/htdocs/Laravel-Assessment/laravel-assessment/vendor/symfony/console/Application.php(324): Symfony/Component/Console/Application->doRunCommand(Object(Illuminate/Database/Console/Migrations/MigrateCommand), Object(Symfony/Component/Console/Input/ArgvInput), Object(Symfony/Component/Console/Output/ConsoleOutput))
#26 D:/xampp/htdocs/Laravel-Assessment/laravel-assessment/vendor/symfony/console/Application.php(175): Symfony/Component/Console/Application->doRun(Object(Symfony/Component/Console/Input/ArgvInput), Object(Symfony/Component/Console/Output/ConsoleOutput))
#27 D:/xampp/htdocs/Laravel-Assessment/laravel-assessment/vendor/laravel/framework/src/Illuminate/Foundation/Console/Kernel.php(201): Symfony/Component/Console/Application->run(Object(Symfony/Component/Console/Input/ArgvInput), Object(Symfony/Component/Console/Output/ConsoleOutput))
#28 D:/xampp/htdocs/Laravel-Assessment/laravel-assessment/artisan(37): Illuminate/Foundation/Console/Kernel->handle(Object(Symfony/Component/Console/Input/ArgvInput), Object(Symfony/Component/Console/Output/ConsoleOutput))
#29 {main}

[previous exception] [object] (PDOException(code: 2002): SQLSTATE[HY000] [2002] No connection could be made because the target machine actively refused it at D:/xampp/htdocs/Laravel-Assessment/laravel-assessment/vendor/laravel/framework/src/Illuminate/Database/Connectors/Connector.php:65)
[stacktrace]
#0 D:/xampp/htdocs/Laravel-Assessment/laravel-assessment/vendor/laravel/framework/src/Illuminate/Database/Connectors/Connector.php(65): PDO->__construct('mysql:host=127....', 'root', '', Array)
#1 D:/xampp/htdocs/Laravel-Assessment/laravel-assessment/vendor/laravel/framework/src/Illuminate/Database/Connectors/Connector.php(83): Illuminate/Database/Connectors/Connector->createPdoConnection('mysql:host=127....', 'root', '', Array)
#2 D:/xampp/htdocs/Laravel-Assessment/laravel-assessment/vendor/laravel/framework/src/Illuminate/Database/Connectors/Connector.php(49): Illuminate/Database/Connectors/Connector->tryAgainIfCausedByLostConnection(Object(PDOException), 'mysql:host=127....', 'root', '', Array)
#3 D:/xampp/htdocs/Laravel-Assessment/laravel-assessment/vendor/laravel/framework/src/Illuminate/Database/Connectors/MySqlConnector.php(24): Illuminate/Database/Connectors/Connector->createConnection('mysql:host=127....', Array, Array)
#4 D:/xampp/htdocs/Laravel-Assessment/laravel-assessment/vendor/laravel/framework/src/Illuminate/Database/Connectors/ConnectionFactory.php(184): Illuminate/Database/Connectors/MySqlConnector->connect(Array)
#5 [internal function]: Illuminate/Database/Connectors/ConnectionFactory->Illuminate/Database/Connectors/{closure}()
#6 D:/xampp/htdocs/Laravel-Assessment/laravel-assessment/vendor/laravel/framework/src/Illuminate/Database/Connection.php(1339): call_user_func(Object(Closure))
#7 D:/xampp/htdocs/Laravel-Assessment/laravel-assessment/vendor/laravel/framework/src/Illuminate/Database/Connection.php(528): Illuminate/Database/Connection->getPdo()
#8 D:/xampp/htdocs/Laravel-Assessment/laravel-assessment/vendor/laravel/framework/src/Illuminate/Database/Connection.php(423): Illuminate/Database/Connection->getPdoForSelect(false)
#9 D:/xampp/htdocs/Laravel-Assessment/laravel-assessment/vendor/laravel/framework/src/Illuminate/Database/Connection.php(816): Illuminate/Database/Connection->Illuminate/Database/{closure}('select table_na...', Array)
#10 D:/xampp/htdocs/Laravel-Assessment/laravel-assessment/vendor/laravel/framework/src/Illuminate/Database/Connection.php(983): Illuminate/Database/Connection->runQueryCallback('select table_na...', Array, Object(Closure))
#11 D:/xampp/htdocs/Laravel-Assessment/laravel-assessment/vendor/laravel/framework/src/Illuminate/Database/Connection.php(963): Illuminate/Database/Connection->tryAgainIfCausedByLostConnection(Object(Illuminate/Database/QueryException), 'select table_na...', Array, Object(Closure))
#12 D:/xampp/htdocs/Laravel-Assessment/laravel-assessment/vendor/laravel/framework/src/Illuminate/Database/Connection.php(786): Illuminate/Database/Connection->handleQueryException(Object(Illuminate/Database/QueryException), 'select table_na...', Array, Object(Closure))
#13 D:/xampp/htdocs/Laravel-Assessment/laravel-assessment/vendor/laravel/framework/src/Illuminate/Database/Connection.php(431): Illuminate/Database/Connection->run('select table_na...', Array, Object(Closure))
#14 D:/xampp/htdocs/Laravel-Assessment/laravel-assessment/vendor/laravel/framework/src/Illuminate/Database/Connection.php(401): Illuminate/Database/Connection->select('select table_na...', Array, false)
#15 D:/xampp/htdocs/Laravel-Assessment/laravel-assessment/vendor/laravel/framework/src/Illuminate/Database/Schema/MySqlBuilder.php(42): Illuminate/Database/Connection->selectFromWriteConnection('select table_na...')
#16 D:/xampp/htdocs/Laravel-Assessment/laravel-assessment/vendor/laravel/framework/src/Illuminate/Database/Schema/Builder.php(165): Illuminate/Database/Schema/MySqlBuilder->getTables(false)
#17 D:/xampp/htdocs/Laravel-Assessment/laravel-assessment/vendor/laravel/framework/src/Illuminate/Database/Migrations/DatabaseMigrationRepository.php(184): Illuminate/Database/Schema/Builder->hasTable('migrations')
#18 D:/xampp/htdocs/Laravel-Assessment/laravel-assessment/vendor/laravel/framework/src/Illuminate/Database/Migrations/Migrator.php(727): Illuminate/Database/Migrations/DatabaseMigrationRepository->repositoryExists()
#19 D:/xampp/htdocs/Laravel-Assessment/laravel-assessment/vendor/laravel/framework/src/Illuminate/Database/Console/Migrations/MigrateCommand.php(140): Illuminate/Database/Migrations/Migrator->repositoryExists()
#20 D:/xampp/htdocs/Laravel-Assessment/laravel-assessment/vendor/laravel/framework/src/Illuminate/Support/helpers.php(261): Illuminate/Database/Console/Migrations/MigrateCommand->Illuminate/Database/Console/Migrations/{closure}(1)
#21 D:/xampp/htdocs/Laravel-Assessment/laravel-assessment/vendor/laravel/framework/src/Illuminate/Database/Console/Migrations/MigrateCommand.php(159): retry(1, Object(Closure), 0, Object(Closure))
#22 D:/xampp/htdocs/Laravel-Assessment/laravel-assessment/vendor/laravel/framework/src/Illuminate/Database/Console/Migrations/MigrateCommand.php(116): Illuminate/Database/Console/Migrations/MigrateCommand->repositoryExists()
#23 D:/xampp/htdocs/Laravel-Assessment/laravel-assessment/vendor/laravel/framework/src/Illuminate/Database/Console/Migrations/MigrateCommand.php(84): Illuminate/Database/Console/Migrations/MigrateCommand->prepareDatabase()
#24 D:/xampp/htdocs/Laravel-Assessment/laravel-assessment/vendor/laravel/framework/src/Illuminate/Database/Migrations/Migrator.php(641): Illuminate/Database/Console/Migrations/MigrateCommand->Illuminate/Database/Console/Migrations/{closure}()
#25 D:/xampp/htdocs/Laravel-Assessment/laravel-assessment/vendor/laravel/framework/src/Illuminate/Database/Console/Migrations/MigrateCommand.php(104): Illuminate/Database/Migrations/Migrator->usingConnection(NULL, Object(Closure))
#26 D:/xampp/htdocs/Laravel-Assessment/laravel-assessment/vendor/laravel/framework/src/Illuminate/Container/BoundMethod.php(36): Illuminate/Database/Console/Migrations/MigrateCommand->handle()
#27 D:/xampp/htdocs/Laravel-Assessment/laravel-assessment/vendor/laravel/framework/src/Illuminate/Container/Util.php(41): Illuminate/Container/BoundMethod::Illuminate/Container/{closure}()
#28 D:/xampp/htdocs/Laravel-Assessment/laravel-assessment/vendor/laravel/framework/src/Illuminate/Container/BoundMethod.php(93): Illuminate/Container/Util::unwrapIfClosure(Object(Closure))
#29 D:/xampp/htdocs/Laravel-Assessment/laravel-assessment/vendor/laravel/framework/src/Illuminate/Container/BoundMethod.php(37): Illuminate/Container/BoundMethod::callBoundMethod(Object(Illuminate/Foundation/Application), Array, Object(Closure))
#30 D:/xampp/htdocs/Laravel-Assessment/laravel-assessment/vendor/laravel/framework/src/Illuminate/Container/Container.php(662): Illuminate/Container/BoundMethod::call(Object(Illuminate/Foundation/Application), Array, Array, NULL)
#31 D:/xampp/htdocs/Laravel-Assessment/laravel-assessment/vendor/laravel/framework/src/Illuminate/Console/Command.php(211): Illuminate/Container/Container->call(Array)
#32 D:/xampp/htdocs/Laravel-Assessment/laravel-assessment/vendor/symfony/console/Command/Command.php(326): Illuminate/Console/Command->execute(Object(Symfony/Component/Console/Input/ArgvInput), Object(Illuminate/Console/OutputStyle))
#33 D:/xampp/htdocs/Laravel-Assessment/laravel-assessment/vendor/laravel/framework/src/Illuminate/Console/Command.php(181): Symfony/Component/Console/Command/Command->run(Object(Symfony/Component/Console/Input/ArgvInput), Object(Illuminate/Console/OutputStyle))
#34 D:/xampp/htdocs/Laravel-Assessment/laravel-assessment/vendor/symfony/console/Application.php(1121): Illuminate/Console/Command->run(Object(Symfony/Component/Console/Input/ArgvInput), Object(Symfony/Component/Console/Output/ConsoleOutput))
#35 D:/xampp/htdocs/Laravel-Assessment/laravel-assessment/vendor/symfony/console/Application.php(324): Symfony/Component/Console/Application->doRunCommand(Object(Illuminate/Database/Console/Migrations/MigrateCommand), Object(Symfony/Component/Console/Input/ArgvInput), Object(Symfony/Component/Console/Output/ConsoleOutput))
#36 D:/xampp/htdocs/Laravel-Assessment/laravel-assessment/vendor/symfony/console/Application.php(175): Symfony/Component/Console/Application->doRun(Object(Symfony/Component/Console/Input/ArgvInput), Object(Symfony/Component/Console/Output/ConsoleOutput))
#37 D:/xampp/htdocs/Laravel-Assessment/laravel-assessment/vendor/laravel/framework/src/Illuminate/Foundation/Console/Kernel.php(201): Symfony/Component/Console/Application->run(Object(Symfony/Component/Console/Input/ArgvInput), Object(Symfony/Component/Console/Output/ConsoleOutput))
#38 D:/xampp/htdocs/Laravel-Assessment/laravel-assessment/artisan(37): Illuminate/Foundation/Console/Kernel->handle(Object(Symfony/Component/Console/Input/ArgvInput), Object(Symfony/Component/Console/Output/ConsoleOutput))
#39 {main}
"} 
[2026-07-11 07:10:33] local.ERROR: Call to undefined method Laravel\Passport\Passport::routes() {"exception":"[object] (Error(code: 0): Call to undefined method Laravel\\Passport\\Passport::routes() at D:/xampp/htdocs/Laravel-Assessment/laravel-assessment/app/Providers/AuthServiceProvider.php:25)
[stacktrace]
#0 D:/xampp/htdocs/Laravel-Assessment/laravel-assessment/vendor/laravel/framework/src/Illuminate/Container/BoundMethod.php(36): App/Providers/AuthServiceProvider->boot()
#1 D:/xampp/htdocs/Laravel-Assessment/laravel-assessment/vendor/laravel/framework/src/Illuminate/Container/Util.php(41): Illuminate/Container/BoundMethod::Illuminate/Container/{closure}()
#2 D:/xampp/htdocs/Laravel-Assessment/laravel-assessment/vendor/laravel/framework/src/Illuminate/Container/BoundMethod.php(93): Illuminate/Container/Util::unwrapIfClosure(Object(Closure))
#3 D:/xampp/htdocs/Laravel-Assessment/laravel-assessment/vendor/laravel/framework/src/Illuminate/Container/BoundMethod.php(37): Illuminate/Container/BoundMethod::callBoundMethod(Object(Illuminate/Foundation/Application), Array, Object(Closure))
#4 D:/xampp/htdocs/Laravel-Assessment/laravel-assessment/vendor/laravel/framework/src/Illuminate/Container/Container.php(662): Illuminate/Container/BoundMethod::call(Object(Illuminate/Foundation/Application), Array, Array, NULL)
#5 D:/xampp/htdocs/Laravel-Assessment/laravel-assessment/vendor/laravel/framework/src/Illuminate/Foundation/Application.php(1059): Illuminate/Container/Container->call(Array)
#6 D:/xampp/htdocs/Laravel-Assessment/laravel-assessment/vendor/laravel/framework/src/Illuminate/Foundation/Application.php(1040): Illuminate/Foundation/Application->bootProvider(Object(App/Providers/AuthServiceProvider))
#7 [internal function]: Illuminate/Foundation/Application->Illuminate/Foundation/{closure}(Object(App/Providers/AuthServiceProvider), 22)
#8 D:/xampp/htdocs/Laravel-Assessment/laravel-assessment/vendor/laravel/framework/src/Illuminate/Foundation/Application.php(1041): array_walk(Array, Object(Closure))
#9 D:/xampp/htdocs/Laravel-Assessment/laravel-assessment/vendor/laravel/framework/src/Illuminate/Foundation/Bootstrap/BootProviders.php(17): Illuminate/Foundation/Application->boot()
#10 D:/xampp/htdocs/Laravel-Assessment/laravel-assessment/vendor/laravel/framework/src/Illuminate/Foundation/Application.php(286): Illuminate/Foundation/Bootstrap/BootProviders->bootstrap(Object(Illuminate/Foundation/Application))
#11 D:/xampp/htdocs/Laravel-Assessment/laravel-assessment/vendor/laravel/framework/src/Illuminate/Foundation/Console/Kernel.php(447): Illuminate/Foundation/Application->bootstrapWith(Array)
#12 D:/xampp/htdocs/Laravel-Assessment/laravel-assessment/vendor/laravel/framework/src/Illuminate/Foundation/Console/Kernel.php(199): Illuminate/Foundation/Console/Kernel->bootstrap()
#13 D:/xampp/htdocs/Laravel-Assessment/laravel-assessment/artisan(37): Illuminate/Foundation/Console/Kernel->handle(Object(Symfony/Component/Console/Input/ArgvInput), Object(Symfony/Component/Console/Output/ConsoleOutput))
#14 {main}
"} 
[2026-07-11 07:10:55] local.ERROR: Call to undefined method Laravel\Passport\Passport::routes() {"exception":"[object] (Error(code: 0): Call to undefined method Laravel\\Passport\\Passport::routes() at D:/xampp/htdocs/Laravel-Assessment/laravel-assessment/app/Providers/AuthServiceProvider.php:25)
[stacktrace]
#0 D:/xampp/htdocs/Laravel-Assessment/laravel-assessment/vendor/laravel/framework/src/Illuminate/Container/BoundMethod.php(36): App/Providers/AuthServiceProvider->boot()
#1 D:/xampp/htdocs/Laravel-Assessment/laravel-assessment/vendor/laravel/framework/src/Illuminate/Container/Util.php(41): Illuminate/Container/BoundMethod::Illuminate/Container/{closure}()
#2 D:/xampp/htdocs/Laravel-Assessment/laravel-assessment/vendor/laravel/framework/src/Illuminate/Container/BoundMethod.php(93): Illuminate/Container/Util::unwrapIfClosure(Object(Closure))
#3 D:/xampp/htdocs/Laravel-Assessment/laravel-assessment/vendor/laravel/framework/src/Illuminate/Container/BoundMethod.php(37): Illuminate/Container/BoundMethod::callBoundMethod(Object(Illuminate/Foundation/Application), Array, Object(Closure))
#4 D:/xampp/htdocs/Laravel-Assessment/laravel-assessment/vendor/laravel/framework/src/Illuminate/Container/Container.php(662): Illuminate/Container/BoundMethod::call(Object(Illuminate/Foundation/Application), Array, Array, NULL)
#5 D:/xampp/htdocs/Laravel-Assessment/laravel-assessment/vendor/laravel/framework/src/Illuminate/Foundation/Application.php(1059): Illuminate/Container/Container->call(Array)
#6 D:/xampp/htdocs/Laravel-Assessment/laravel-assessment/vendor/laravel/framework/src/Illuminate/Foundation/Application.php(1040): Illuminate/Foundation/Application->bootProvider(Object(App/Providers/AuthServiceProvider))
#7 [internal function]: Illuminate/Foundation/Application->Illuminate/Foundation/{closure}(Object(App/Providers/AuthServiceProvider), 22)
#8 D:/xampp/htdocs/Laravel-Assessment/laravel-assessment/vendor/laravel/framework/src/Illuminate/Foundation/Application.php(1041): array_walk(Array, Object(Closure))
#9 D:/xampp/htdocs/Laravel-Assessment/laravel-assessment/vendor/laravel/framework/src/Illuminate/Foundation/Bootstrap/BootProviders.php(17): Illuminate/Foundation/Application->boot()
#10 D:/xampp/htdocs/Laravel-Assessment/laravel-assessment/vendor/laravel/framework/src/Illuminate/Foundation/Application.php(286): Illuminate/Foundation/Bootstrap/BootProviders->bootstrap(Object(Illuminate/Foundation/Application))
#11 D:/xampp/htdocs/Laravel-Assessment/laravel-assessment/vendor/laravel/framework/src/Illuminate/Foundation/Console/Kernel.php(447): Illuminate/Foundation/Application->bootstrapWith(Array)
#12 D:/xampp/htdocs/Laravel-Assessment/laravel-assessment/vendor/laravel/framework/src/Illuminate/Foundation/Console/Kernel.php(199): Illuminate/Foundation/Console/Kernel->bootstrap()
#13 D:/xampp/htdocs/Laravel-Assessment/laravel-assessment/artisan(37): Illuminate/Foundation/Console/Kernel->handle(Object(Symfony/Component/Console/Input/ArgvInput), Object(Symfony/Component/Console/Output/ConsoleOutput))
#14 {main}
"} 
[2026-07-11 08:11:58] local.ERROR: Class "Illuminate\Support\Facade\Hash" not found {"exception":"[object] (Error(code: 0): Class \"Illuminate\\Support\\Facade\\Hash\" not found at D:/xampp/htdocs/Laravel-Assessment/laravel-assessment/app/Http/Controllers/Api/AuthController.php:23)
[stacktrace]
#0 D:/xampp/htdocs/Laravel-Assessment/laravel-assessment/vendor/laravel/framework/src/Illuminate/Routing/Controller.php(54): App/Http/Controllers/Api/AuthController->register(Object(Illuminate/Http/Request))
#1 D:/xampp/htdocs/Laravel-Assessment/laravel-assessment/vendor/laravel/framework/src/Illuminate/Routing/ControllerDispatcher.php(43): Illuminate/Routing/Controller->callAction('register', Array)
#2 D:/xampp/htdocs/Laravel-Assessment/laravel-assessment/vendor/laravel/framework/src/Illuminate/Routing/Route.php(260): Illuminate/Routing/ControllerDispatcher->dispatch(Object(Illuminate/Routing/Route), Object(App/Http/Controllers/Api/AuthController), 'register')
#3 D:/xampp/htdocs/Laravel-Assessment/laravel-assessment/vendor/laravel/framework/src/Illuminate/Routing/Route.php(205): Illuminate/Routing/Route->runController()
#4 D:/xampp/htdocs/Laravel-Assessment/laravel-assessment/vendor/laravel/framework/src/Illuminate/Routing/Router.php(806): Illuminate/Routing/Route->run()
#5 D:/xampp/htdocs/Laravel-Assessment/laravel-assessment/vendor/laravel/framework/src/Illuminate/Pipeline/Pipeline.php(144): Illuminate/Routing/Router->Illuminate/Routing/{closure}(Object(Illuminate/Http/Request))
#6 D:/xampp/htdocs/Laravel-Assessment/laravel-assessment/vendor/laravel/framework/src/Illuminate/Routing/Middleware/SubstituteBindings.php(50): Illuminate/Pipeline/Pipeline->Illuminate/Pipeline/{closure}(Object(Illuminate/Http/Request))
#7 D:/xampp/htdocs/Laravel-Assessment/laravel-assessment/vendor/laravel/framework/src/Illuminate/Pipeline/Pipeline.php(183): Illuminate/Routing/Middleware/SubstituteBindings->handle(Object(Illuminate/Http/Request), Object(Closure))
#8 D:/xampp/htdocs/Laravel-Assessment/laravel-assessment/vendor/laravel/framework/src/Illuminate/Routing/Middleware/ThrottleRequests.php(159): Illuminate/Pipeline/Pipeline->Illuminate/Pipeline/{closure}(Object(Illuminate/Http/Request))
#9 D:/xampp/htdocs/Laravel-Assessment/laravel-assessment/vendor/laravel/framework/src/Illuminate/Routing/Middleware/ThrottleRequests.php(135): Illuminate/Routing/Middleware/ThrottleRequests->handleRequest(Object(Illuminate/Http/Request), Object(Closure), Array)
#10 D:/xampp/htdocs/Laravel-Assessment/laravel-assessment/vendor/laravel/framework/src/Illuminate/Routing/Middleware/ThrottleRequests.php(87): Illuminate/Routing/Middleware/ThrottleRequests->handleRequestUsingNamedLimiter(Object(Illuminate/Http/Request), Object(Closure), 'api', Object(Closure))
#11 D:/xampp/htdocs/Laravel-Assessment/laravel-assessment/vendor/laravel/framework/src/Illuminate/Pipeline/Pipeline.php(183): Illuminate/Routing/Middleware/ThrottleRequests->handle(Object(Illuminate/Http/Request), Object(Closure), 'api')
#12 D:/xampp/htdocs/Laravel-Assessment/laravel-assessment/vendor/laravel/framework/src/Illuminate/Pipeline/Pipeline.php(119): Illuminate/Pipeline/Pipeline->Illuminate/Pipeline/{closure}(Object(Illuminate/Http/Request))
#13 D:/xampp/htdocs/Laravel-Assessment/laravel-assessment/vendor/laravel/framework/src/Illuminate/Routing/Router.php(807): Illuminate/Pipeline/Pipeline->then(Object(Closure))
#14 D:/xampp/htdocs/Laravel-Assessment/laravel-assessment/vendor/laravel/framework/src/Illuminate/Routing/Router.php(784): Illuminate/Routing/Router->runRouteWithinStack(Object(Illuminate/Routing/Route), Object(Illuminate/Http/Request))
#15 D:/xampp/htdocs/Laravel-Assessment/laravel-assessment/vendor/laravel/framework/src/Illuminate/Routing/Router.php(748): Illuminate/Routing/Router->runRoute(Object(Illuminate/Http/Request), Object(Illuminate/Routing/Route))
#16 D:/xampp/htdocs/Laravel-Assessment/laravel-assessment/vendor/laravel/framework/src/Illuminate/Routing/Router.php(737): Illuminate/Routing/Router->dispatchToRoute(Object(Illuminate/Http/Request))
#17 D:/xampp/htdocs/Laravel-Assessment/laravel-assessment/vendor/laravel/framework/src/Illuminate/Foundation/Http/Kernel.php(200): Illuminate/Routing/Router->dispatch(Object(Illuminate/Http/Request))
#18 D:/xampp/htdocs/Laravel-Assessment/laravel-assessment/vendor/laravel/framework/src/Illuminate/Pipeline/Pipeline.php(144): Illuminate/Foundation/Http/Kernel->Illuminate/Foundation/Http/{closure}(Object(Illuminate/Http/Request))
#19 D:/xampp/htdocs/Laravel-Assessment/laravel-assessment/vendor/laravel/framework/src/Illuminate/Foundation/Http/Middleware/TransformsRequest.php(21): Illuminate/Pipeline/Pipeline->Illuminate/Pipeline/{closure}(Object(Illuminate/Http/Request))
#20 D:/xampp/htdocs/Laravel-Assessment/laravel-assessment/vendor/laravel/framework/src/Illuminate/Foundation/Http/Middleware/ConvertEmptyStringsToNull.php(31): Illuminate/Foundation/Http/Middleware/TransformsRequest->handle(Object(Illuminate/Http/Request), Object(Closure))
#21 D:/xampp/htdocs/Laravel-Assessment/laravel-assessment/vendor/laravel/framework/src/Illuminate/Pipeline/Pipeline.php(183): Illuminate/Foundation/Http/Middleware/ConvertEmptyStringsToNull->handle(Object(Illuminate/Http/Request), Object(Closure))
#22 D:/xampp/htdocs/Laravel-Assessment/laravel-assessment/vendor/laravel/framework/src/Illuminate/Foundation/Http/Middleware/TransformsRequest.php(21): Illuminate/Pipeline/Pipeline->Illuminate/Pipeline/{closure}(Object(Illuminate/Http/Request))
#23 D:/xampp/htdocs/Laravel-Assessment/laravel-assessment/vendor/laravel/framework/src/Illuminate/Foundation/Http/Middleware/TrimStrings.php(40): Illuminate/Foundation/Http/Middleware/TransformsRequest->handle(Object(Illuminate/Http/Request), Object(Closure))
#24 D:/xampp/htdocs/Laravel-Assessment/laravel-assessment/vendor/laravel/framework/src/Illuminate/Pipeline/Pipeline.php(183): Illuminate/Foundation/Http/Middleware/TrimStrings->handle(Object(Illuminate/Http/Request), Object(Closure))
#25 D:/xampp/htdocs/Laravel-Assessment/laravel-assessment/vendor/laravel/framework/src/Illuminate/Foundation/Http/Middleware/ValidatePostSize.php(27): Illuminate/Pipeline/Pipeline->Illuminate/Pipeline/{closure}(Object(Illuminate/Http/Request))
#26 D:/xampp/htdocs/Laravel-Assessment/laravel-assessment/vendor/laravel/framework/src/Illuminate/Pipeline/Pipeline.php(183): Illuminate/Foundation/Http/Middleware/ValidatePostSize->handle(Object(Illuminate/Http/Request), Object(Closure))
#27 D:/xampp/htdocs/Laravel-Assessment/laravel-assessment/vendor/laravel/framework/src/Illuminate/Foundation/Http/Middleware/PreventRequestsDuringMaintenance.php(99): Illuminate/Pipeline/Pipeline->Illuminate/Pipeline/{closure}(Object(Illuminate/Http/Request))
#28 D:/xampp/htdocs/Laravel-Assessment/laravel-assessment/vendor/laravel/framework/src/Illuminate/Pipeline/Pipeline.php(183): Illuminate/Foundation/Http/Middleware/PreventRequestsDuringMaintenance->handle(Object(Illuminate/Http/Request), Object(Closure))
#29 D:/xampp/htdocs/Laravel-Assessment/laravel-assessment/vendor/laravel/framework/src/Illuminate/Http/Middleware/HandleCors.php(62): Illuminate/Pipeline/Pipeline->Illuminate/Pipeline/{closure}(Object(Illuminate/Http/Request))
#30 D:/xampp/htdocs/Laravel-Assessment/laravel-assessment/vendor/laravel/framework/src/Illuminate/Pipeline/Pipeline.php(183): Illuminate/Http/Middleware/HandleCors->handle(Object(Illuminate/Http/Request), Object(Closure))
#31 D:/xampp/htdocs/Laravel-Assessment/laravel-assessment/vendor/laravel/framework/src/Illuminate/Http/Middleware/TrustProxies.php(39): Illuminate/Pipeline/Pipeline->Illuminate/Pipeline/{closure}(Object(Illuminate/Http/Request))
#32 D:/xampp/htdocs/Laravel-Assessment/laravel-assessment/vendor/laravel/framework/src/Illuminate/Pipeline/Pipeline.php(183): Illuminate/Http/Middleware/TrustProxies->handle(Object(Illuminate/Http/Request), Object(Closure))
#33 D:/xampp/htdocs/Laravel-Assessment/laravel-assessment/vendor/laravel/framework/src/Illuminate/Pipeline/Pipeline.php(119): Illuminate/Pipeline/Pipeline->Illuminate/Pipeline/{closure}(Object(Illuminate/Http/Request))
#34 D:/xampp/htdocs/Laravel-Assessment/laravel-assessment/vendor/laravel/framework/src/Illuminate/Foundation/Http/Kernel.php(175): Illuminate/Pipeline/Pipeline->then(Object(Closure))
#35 D:/xampp/htdocs/Laravel-Assessment/laravel-assessment/vendor/laravel/framework/src/Illuminate/Foundation/Http/Kernel.php(144): Illuminate/Foundation/Http/Kernel->sendRequestThroughRouter(Object(Illuminate/Http/Request))
#36 D:/xampp/htdocs/Laravel-Assessment/laravel-assessment/public/index.php(52): Illuminate/Foundation/Http/Kernel->handle(Object(Illuminate/Http/Request))
#37 D:/xampp/htdocs/Laravel-Assessment/laravel-assessment/vendor/laravel/framework/src/Illuminate/Foundation/resources/server.php(16): require_once('D://xampp//htdocs...')
#38 {main}
"} 
[2026-07-11 08:14:22] local.ERROR: Class "App\Http\Controllers\Api\req" does not exist {"exception":"[object] (ReflectionException(code: -1): Class \"App\\Http\\Controllers\\Api\\req\" does not exist at D:/xampp/htdocs/Laravel-Assessment/laravel-assessment/vendor/laravel/framework/src/Illuminate/Routing/ResolvesRouteDependencies.php:81)
[stacktrace]
#0 D:/xampp/htdocs/Laravel-Assessment/laravel-assessment/vendor/laravel/framework/src/Illuminate/Routing/ResolvesRouteDependencies.php(81): ReflectionClass->__construct('App//Http//Contro...')
#1 D:/xampp/htdocs/Laravel-Assessment/laravel-assessment/vendor/laravel/framework/src/Illuminate/Routing/ResolvesRouteDependencies.php(50): Illuminate/Routing/ControllerDispatcher->transformDependency(Object(ReflectionParameter), Array, Object(stdClass))
#2 D:/xampp/htdocs/Laravel-Assessment/laravel-assessment/vendor/laravel/framework/src/Illuminate/Routing/ResolvesRouteDependencies.php(30): Illuminate/Routing/ControllerDispatcher->resolveMethodDependencies(Array, Object(ReflectionMethod))
#3 D:/xampp/htdocs/Laravel-Assessment/laravel-assessment/vendor/laravel/framework/src/Illuminate/Routing/ControllerDispatcher.php(60): Illuminate/Routing/ControllerDispatcher->resolveClassMethodDependencies(Array, Object(App/Http/Controllers/Api/AuthController), 'login')
#4 D:/xampp/htdocs/Laravel-Assessment/laravel-assessment/vendor/laravel/framework/src/Illuminate/Routing/ControllerDispatcher.php(40): Illuminate/Routing/ControllerDispatcher->resolveParameters(Object(Illuminate/Routing/Route), Object(App/Http/Controllers/Api/AuthController), 'login')
#5 D:/xampp/htdocs/Laravel-Assessment/laravel-assessment/vendor/laravel/framework/src/Illuminate/Routing/Route.php(260): Illuminate/Routing/ControllerDispatcher->dispatch(Object(Illuminate/Routing/Route), Object(App/Http/Controllers/Api/AuthController), 'login')
#6 D:/xampp/htdocs/Laravel-Assessment/laravel-assessment/vendor/laravel/framework/src/Illuminate/Routing/Route.php(205): Illuminate/Routing/Route->runController()
#7 D:/xampp/htdocs/Laravel-Assessment/laravel-assessment/vendor/laravel/framework/src/Illuminate/Routing/Router.php(806): Illuminate/Routing/Route->run()
#8 D:/xampp/htdocs/Laravel-Assessment/laravel-assessment/vendor/laravel/framework/src/Illuminate/Pipeline/Pipeline.php(144): Illuminate/Routing/Router->Illuminate/Routing/{closure}(Object(Illuminate/Http/Request))
#9 D:/xampp/htdocs/Laravel-Assessment/laravel-assessment/vendor/laravel/framework/src/Illuminate/Routing/Middleware/SubstituteBindings.php(50): Illuminate/Pipeline/Pipeline->Illuminate/Pipeline/{closure}(Object(Illuminate/Http/Request))
#10 D:/xampp/htdocs/Laravel-Assessment/laravel-assessment/vendor/laravel/framework/src/Illuminate/Pipeline/Pipeline.php(183): Illuminate/Routing/Middleware/SubstituteBindings->handle(Object(Illuminate/Http/Request), Object(Closure))
#11 D:/xampp/htdocs/Laravel-Assessment/laravel-assessment/vendor/laravel/framework/src/Illuminate/Routing/Middleware/ThrottleRequests.php(159): Illuminate/Pipeline/Pipeline->Illuminate/Pipeline/{closure}(Object(Illuminate/Http/Request))
#12 D:/xampp/htdocs/Laravel-Assessment/laravel-assessment/vendor/laravel/framework/src/Illuminate/Routing/Middleware/ThrottleRequests.php(135): Illuminate/Routing/Middleware/ThrottleRequests->handleRequest(Object(Illuminate/Http/Request), Object(Closure), Array)
#13 D:/xampp/htdocs/Laravel-Assessment/laravel-assessment/vendor/laravel/framework/src/Illuminate/Routing/Middleware/ThrottleRequests.php(87): Illuminate/Routing/Middleware/ThrottleRequests->handleRequestUsingNamedLimiter(Object(Illuminate/Http/Request), Object(Closure), 'api', Object(Closure))
#14 D:/xampp/htdocs/Laravel-Assessment/laravel-assessment/vendor/laravel/framework/src/Illuminate/Pipeline/Pipeline.php(183): Illuminate/Routing/Middleware/ThrottleRequests->handle(Object(Illuminate/Http/Request), Object(Closure), 'api')
#15 D:/xampp/htdocs/Laravel-Assessment/laravel-assessment/vendor/laravel/framework/src/Illuminate/Pipeline/Pipeline.php(119): Illuminate/Pipeline/Pipeline->Illuminate/Pipeline/{closure}(Object(Illuminate/Http/Request))
#16 D:/xampp/htdocs/Laravel-Assessment/laravel-assessment/vendor/laravel/framework/src/Illuminate/Routing/Router.php(807): Illuminate/Pipeline/Pipeline->then(Object(Closure))
#17 D:/xampp/htdocs/Laravel-Assessment/laravel-assessment/vendor/laravel/framework/src/Illuminate/Routing/Router.php(784): Illuminate/Routing/Router->runRouteWithinStack(Object(Illuminate/Routing/Route), Object(Illuminate/Http/Request))
#18 D:/xampp/htdocs/Laravel-Assessment/laravel-assessment/vendor/laravel/framework/src/Illuminate/Routing/Router.php(748): Illuminate/Routing/Router->runRoute(Object(Illuminate/Http/Request), Object(Illuminate/Routing/Route))
#19 D:/xampp/htdocs/Laravel-Assessment/laravel-assessment/vendor/laravel/framework/src/Illuminate/Routing/Router.php(737): Illuminate/Routing/Router->dispatchToRoute(Object(Illuminate/Http/Request))
#20 D:/xampp/htdocs/Laravel-Assessment/laravel-assessment/vendor/laravel/framework/src/Illuminate/Foundation/Http/Kernel.php(200): Illuminate/Routing/Router->dispatch(Object(Illuminate/Http/Request))
#21 D:/xampp/htdocs/Laravel-Assessment/laravel-assessment/vendor/laravel/framework/src/Illuminate/Pipeline/Pipeline.php(144): Illuminate/Foundation/Http/Kernel->Illuminate/Foundation/Http/{closure}(Object(Illuminate/Http/Request))
#22 D:/xampp/htdocs/Laravel-Assessment/laravel-assessment/vendor/laravel/framework/src/Illuminate/Foundation/Http/Middleware/TransformsRequest.php(21): Illuminate/Pipeline/Pipeline->Illuminate/Pipeline/{closure}(Object(Illuminate/Http/Request))
#23 D:/xampp/htdocs/Laravel-Assessment/laravel-assessment/vendor/laravel/framework/src/Illuminate/Foundation/Http/Middleware/ConvertEmptyStringsToNull.php(31): Illuminate/Foundation/Http/Middleware/TransformsRequest->handle(Object(Illuminate/Http/Request), Object(Closure))
#24 D:/xampp/htdocs/Laravel-Assessment/laravel-assessment/vendor/laravel/framework/src/Illuminate/Pipeline/Pipeline.php(183): Illuminate/Foundation/Http/Middleware/ConvertEmptyStringsToNull->handle(Object(Illuminate/Http/Request), Object(Closure))
#25 D:/xampp/htdocs/Laravel-Assessment/laravel-assessment/vendor/laravel/framework/src/Illuminate/Foundation/Http/Middleware/TransformsRequest.php(21): Illuminate/Pipeline/Pipeline->Illuminate/Pipeline/{closure}(Object(Illuminate/Http/Request))
#26 D:/xampp/htdocs/Laravel-Assessment/laravel-assessment/vendor/laravel/framework/src/Illuminate/Foundation/Http/Middleware/TrimStrings.php(40): Illuminate/Foundation/Http/Middleware/TransformsRequest->handle(Object(Illuminate/Http/Request), Object(Closure))
#27 D:/xampp/htdocs/Laravel-Assessment/laravel-assessment/vendor/laravel/framework/src/Illuminate/Pipeline/Pipeline.php(183): Illuminate/Foundation/Http/Middleware/TrimStrings->handle(Object(Illuminate/Http/Request), Object(Closure))
#28 D:/xampp/htdocs/Laravel-Assessment/laravel-assessment/vendor/laravel/framework/src/Illuminate/Foundation/Http/Middleware/ValidatePostSize.php(27): Illuminate/Pipeline/Pipeline->Illuminate/Pipeline/{closure}(Object(Illuminate/Http/Request))
#29 D:/xampp/htdocs/Laravel-Assessment/laravel-assessment/vendor/laravel/framework/src/Illuminate/Pipeline/Pipeline.php(183): Illuminate/Foundation/Http/Middleware/ValidatePostSize->handle(Object(Illuminate/Http/Request), Object(Closure))
#30 D:/xampp/htdocs/Laravel-Assessment/laravel-assessment/vendor/laravel/framework/src/Illuminate/Foundation/Http/Middleware/PreventRequestsDuringMaintenance.php(99): Illuminate/Pipeline/Pipeline->Illuminate/Pipeline/{closure}(Object(Illuminate/Http/Request))
#31 D:/xampp/htdocs/Laravel-Assessment/laravel-assessment/vendor/laravel/framework/src/Illuminate/Pipeline/Pipeline.php(183): Illuminate/Foundation/Http/Middleware/PreventRequestsDuringMaintenance->handle(Object(Illuminate/Http/Request), Object(Closure))
#32 D:/xampp/htdocs/Laravel-Assessment/laravel-assessment/vendor/laravel/framework/src/Illuminate/Http/Middleware/HandleCors.php(62): Illuminate/Pipeline/Pipeline->Illuminate/Pipeline/{closure}(Object(Illuminate/Http/Request))
#33 D:/xampp/htdocs/Laravel-Assessment/laravel-assessment/vendor/laravel/framework/src/Illuminate/Pipeline/Pipeline.php(183): Illuminate/Http/Middleware/HandleCors->handle(Object(Illuminate/Http/Request), Object(Closure))
#34 D:/xampp/htdocs/Laravel-Assessment/laravel-assessment/vendor/laravel/framework/src/Illuminate/Http/Middleware/TrustProxies.php(39): Illuminate/Pipeline/Pipeline->Illuminate/Pipeline/{closure}(Object(Illuminate/Http/Request))
#35 D:/xampp/htdocs/Laravel-Assessment/laravel-assessment/vendor/laravel/framework/src/Illuminate/Pipeline/Pipeline.php(183): Illuminate/Http/Middleware/TrustProxies->handle(Object(Illuminate/Http/Request), Object(Closure))
#36 D:/xampp/htdocs/Laravel-Assessment/laravel-assessment/vendor/laravel/framework/src/Illuminate/Pipeline/Pipeline.php(119): Illuminate/Pipeline/Pipeline->Illuminate/Pipeline/{closure}(Object(Illuminate/Http/Request))
#37 D:/xampp/htdocs/Laravel-Assessment/laravel-assessment/vendor/laravel/framework/src/Illuminate/Foundation/Http/Kernel.php(175): Illuminate/Pipeline/Pipeline->then(Object(Closure))
#38 D:/xampp/htdocs/Laravel-Assessment/laravel-assessment/vendor/laravel/framework/src/Illuminate/Foundation/Http/Kernel.php(144): Illuminate/Foundation/Http/Kernel->sendRequestThroughRouter(Object(Illuminate/Http/Request))
#39 D:/xampp/htdocs/Laravel-Assessment/laravel-assessment/public/index.php(52): Illuminate/Foundation/Http/Kernel->handle(Object(Illuminate/Http/Request))
#40 D:/xampp/htdocs/Laravel-Assessment/laravel-assessment/vendor/laravel/framework/src/Illuminate/Foundation/resources/server.php(16): require_once('D://xampp//htdocs...')
#41 {main}
"} 
[2026-07-11 08:45:26] local.ERROR: The "--columns" option does not exist. {"exception":"[object] (Symfony\\Component\\Console\\Exception\\RuntimeException(code: 0): The \"--columns\" option does not exist. at D:/xampp/htdocs/Laravel-Assessment/laravel-assessment/vendor/symfony/console/Input/ArgvInput.php:222)
[stacktrace]
#0 D:/xampp/htdocs/Laravel-Assessment/laravel-assessment/vendor/symfony/console/Input/ArgvInput.php(149): Symfony/Component/Console/Input/ArgvInput->addLongOption('columns', 'uri,name,action...')
#1 D:/xampp/htdocs/Laravel-Assessment/laravel-assessment/vendor/symfony/console/Input/ArgvInput.php(85): Symfony/Component/Console/Input/ArgvInput->parseLongOption('--columns=uri,n...')
#2 D:/xampp/htdocs/Laravel-Assessment/laravel-assessment/vendor/symfony/console/Input/ArgvInput.php(74): Symfony/Component/Console/Input/ArgvInput->parseToken('--columns=uri,n...', true)
#3 D:/xampp/htdocs/Laravel-Assessment/laravel-assessment/vendor/symfony/console/Input/Input.php(56): Symfony/Component/Console/Input/ArgvInput->parse()
#4 D:/xampp/htdocs/Laravel-Assessment/laravel-assessment/vendor/symfony/console/Command/Command.php(285): Symfony/Component/Console/Input/Input->bind(Object(Symfony/Component/Console/Input/InputDefinition))
#5 D:/xampp/htdocs/Laravel-Assessment/laravel-assessment/vendor/laravel/framework/src/Illuminate/Console/Command.php(181): Symfony/Component/Console/Command/Command->run(Object(Symfony/Component/Console/Input/ArgvInput), Object(Illuminate/Console/OutputStyle))
#6 D:/xampp/htdocs/Laravel-Assessment/laravel-assessment/vendor/symfony/console/Application.php(1121): Illuminate/Console/Command->run(Object(Symfony/Component/Console/Input/ArgvInput), Object(Symfony/Component/Console/Output/ConsoleOutput))
#7 D:/xampp/htdocs/Laravel-Assessment/laravel-assessment/vendor/symfony/console/Application.php(324): Symfony/Component/Console/Application->doRunCommand(Object(Illuminate/Foundation/Console/RouteListCommand), Object(Symfony/Component/Console/Input/ArgvInput), Object(Symfony/Component/Console/Output/ConsoleOutput))
#8 D:/xampp/htdocs/Laravel-Assessment/laravel-assessment/vendor/symfony/console/Application.php(175): Symfony/Component/Console/Application->doRun(Object(Symfony/Component/Console/Input/ArgvInput), Object(Symfony/Component/Console/Output/ConsoleOutput))
#9 D:/xampp/htdocs/Laravel-Assessment/laravel-assessment/vendor/laravel/framework/src/Illuminate/Foundation/Console/Kernel.php(201): Symfony/Component/Console/Application->run(Object(Symfony/Component/Console/Input/ArgvInput), Object(Symfony/Component/Console/Output/ConsoleOutput))
#10 D:/xampp/htdocs/Laravel-Assessment/laravel-assessment/artisan(37): Illuminate/Foundation/Console/Kernel->handle(Object(Symfony/Component/Console/Input/ArgvInput), Object(Symfony/Component/Console/Output/ConsoleOutput))
#11 {main}
"} 
[2026-07-11 08:45:42] local.ERROR: The "--columns" option does not exist. {"exception":"[object] (Symfony\\Component\\Console\\Exception\\RuntimeException(code: 0): The \"--columns\" option does not exist. at D:/xampp/htdocs/Laravel-Assessment/laravel-assessment/vendor/symfony/console/Input/ArgvInput.php:222)
[stacktrace]
#0 D:/xampp/htdocs/Laravel-Assessment/laravel-assessment/vendor/symfony/console/Input/ArgvInput.php(149): Symfony/Component/Console/Input/ArgvInput->addLongOption('columns', 'uri,name,action...')
#1 D:/xampp/htdocs/Laravel-Assessment/laravel-assessment/vendor/symfony/console/Input/ArgvInput.php(85): Symfony/Component/Console/Input/ArgvInput->parseLongOption('--columns=uri,n...')
#2 D:/xampp/htdocs/Laravel-Assessment/laravel-assessment/vendor/symfony/console/Input/ArgvInput.php(74): Symfony/Component/Console/Input/ArgvInput->parseToken('--columns=uri,n...', true)
#3 D:/xampp/htdocs/Laravel-Assessment/laravel-assessment/vendor/symfony/console/Input/Input.php(56): Symfony/Component/Console/Input/ArgvInput->parse()
#4 D:/xampp/htdocs/Laravel-Assessment/laravel-assessment/vendor/symfony/console/Command/Command.php(285): Symfony/Component/Console/Input/Input->bind(Object(Symfony/Component/Console/Input/InputDefinition))
#5 D:/xampp/htdocs/Laravel-Assessment/laravel-assessment/vendor/laravel/framework/src/Illuminate/Console/Command.php(181): Symfony/Component/Console/Command/Command->run(Object(Symfony/Component/Console/Input/ArgvInput), Object(Illuminate/Console/OutputStyle))
#6 D:/xampp/htdocs/Laravel-Assessment/laravel-assessment/vendor/symfony/console/Application.php(1121): Illuminate/Console/Command->run(Object(Symfony/Component/Console/Input/ArgvInput), Object(Symfony/Component/Console/Output/ConsoleOutput))
#7 D:/xampp/htdocs/Laravel-Assessment/laravel-assessment/vendor/symfony/console/Application.php(324): Symfony/Component/Console/Application->doRunCommand(Object(Illuminate/Foundation/Console/RouteListCommand), Object(Symfony/Component/Console/Input/ArgvInput), Object(Symfony/Component/Console/Output/ConsoleOutput))
#8 D:/xampp/htdocs/Laravel-Assessment/laravel-assessment/vendor/symfony/console/Application.php(175): Symfony/Component/Console/Application->doRun(Object(Symfony/Component/Console/Input/ArgvInput), Object(Symfony/Component/Console/Output/ConsoleOutput))
#9 D:/xampp/htdocs/Laravel-Assessment/laravel-assessment/vendor/laravel/framework/src/Illuminate/Foundation/Console/Kernel.php(201): Symfony/Component/Console/Application->run(Object(Symfony/Component/Console/Input/ArgvInput), Object(Symfony/Component/Console/Output/ConsoleOutput))
#10 D:/xampp/htdocs/Laravel-Assessment/laravel-assessment/artisan(37): Illuminate/Foundation/Console/Kernel->handle(Object(Symfony/Component/Console/Input/ArgvInput), Object(Symfony/Component/Console/Output/ConsoleOutput))
#11 {main}
"} 
[2026-07-11 08:45:51] local.ERROR: The "--columns" option does not exist. {"exception":"[object] (Symfony\\Component\\Console\\Exception\\RuntimeException(code: 0): The \"--columns\" option does not exist. at D:/xampp/htdocs/Laravel-Assessment/laravel-assessment/vendor/symfony/console/Input/ArgvInput.php:222)
[stacktrace]
#0 D:/xampp/htdocs/Laravel-Assessment/laravel-assessment/vendor/symfony/console/Input/ArgvInput.php(149): Symfony/Component/Console/Input/ArgvInput->addLongOption('columns', 'uri,name,action...')
#1 D:/xampp/htdocs/Laravel-Assessment/laravel-assessment/vendor/symfony/console/Input/ArgvInput.php(85): Symfony/Component/Console/Input/ArgvInput->parseLongOption('--columns=uri,n...')
#2 D:/xampp/htdocs/Laravel-Assessment/laravel-assessment/vendor/symfony/console/Input/ArgvInput.php(74): Symfony/Component/Console/Input/ArgvInput->parseToken('--columns=uri,n...', true)
#3 D:/xampp/htdocs/Laravel-Assessment/laravel-assessment/vendor/symfony/console/Input/Input.php(56): Symfony/Component/Console/Input/ArgvInput->parse()
#4 D:/xampp/htdocs/Laravel-Assessment/laravel-assessment/vendor/symfony/console/Command/Command.php(285): Symfony/Component/Console/Input/Input->bind(Object(Symfony/Component/Console/Input/InputDefinition))
#5 D:/xampp/htdocs/Laravel-Assessment/laravel-assessment/vendor/laravel/framework/src/Illuminate/Console/Command.php(181): Symfony/Component/Console/Command/Command->run(Object(Symfony/Component/Console/Input/ArgvInput), Object(Illuminate/Console/OutputStyle))
#6 D:/xampp/htdocs/Laravel-Assessment/laravel-assessment/vendor/symfony/console/Application.php(1121): Illuminate/Console/Command->run(Object(Symfony/Component/Console/Input/ArgvInput), Object(Symfony/Component/Console/Output/ConsoleOutput))
#7 D:/xampp/htdocs/Laravel-Assessment/laravel-assessment/vendor/symfony/console/Application.php(324): Symfony/Component/Console/Application->doRunCommand(Object(Illuminate/Foundation/Console/RouteListCommand), Object(Symfony/Component/Console/Input/ArgvInput), Object(Symfony/Component/Console/Output/ConsoleOutput))
#8 D:/xampp/htdocs/Laravel-Assessment/laravel-assessment/vendor/symfony/console/Application.php(175): Symfony/Component/Console/Application->doRun(Object(Symfony/Component/Console/Input/ArgvInput), Object(Symfony/Component/Console/Output/ConsoleOutput))
#9 D:/xampp/htdocs/Laravel-Assessment/laravel-assessment/vendor/laravel/framework/src/Illuminate/Foundation/Console/Kernel.php(201): Symfony/Component/Console/Application->run(Object(Symfony/Component/Console/Input/ArgvInput), Object(Symfony/Component/Console/Output/ConsoleOutput))
#10 D:/xampp/htdocs/Laravel-Assessment/laravel-assessment/artisan(37): Illuminate/Foundation/Console/Kernel->handle(Object(Symfony/Component/Console/Input/ArgvInput), Object(Symfony/Component/Console/Output/ConsoleOutput))
#11 {main}
"} 
[2026-07-11 08:47:11] local.ERROR: SQLSTATE[HY000] [2002] No connection could be made because the target machine actively refused it (Connection: mysql, SQL: select * from `users` where `email` = abhishek@gmail.com limit 1) {"exception":"[object] (Illuminate\\Database\\QueryException(code: 2002): SQLSTATE[HY000] [2002] No connection could be made because the target machine actively refused it (Connection: mysql, SQL: select * from `users` where `email` = abhishek@gmail.com limit 1) at D:/xampp/htdocs/Laravel-Assessment/laravel-assessment/vendor/laravel/framework/src/Illuminate/Database/Connection.php:829)
[stacktrace]
#0 D:/xampp/htdocs/Laravel-Assessment/laravel-assessment/vendor/laravel/framework/src/Illuminate/Database/Connection.php(983): Illuminate/Database/Connection->runQueryCallback('select * from `...', Array, Object(Closure))
#1 D:/xampp/htdocs/Laravel-Assessment/laravel-assessment/vendor/laravel/framework/src/Illuminate/Database/Connection.php(963): Illuminate/Database/Connection->tryAgainIfCausedByLostConnection(Object(Illuminate/Database/QueryException), 'select * from `...', Array, Object(Closure))
#2 D:/xampp/htdocs/Laravel-Assessment/laravel-assessment/vendor/laravel/framework/src/Illuminate/Database/Connection.php(786): Illuminate/Database/Connection->handleQueryException(Object(Illuminate/Database/QueryException), 'select * from `...', Array, Object(Closure))
#3 D:/xampp/htdocs/Laravel-Assessment/laravel-assessment/vendor/laravel/framework/src/Illuminate/Database/Connection.php(431): Illuminate/Database/Connection->run('select * from `...', Array, Object(Closure))
#4 D:/xampp/htdocs/Laravel-Assessment/laravel-assessment/vendor/laravel/framework/src/Illuminate/Database/Query/Builder.php(2914): Illuminate/Database/Connection->select('select * from `...', Array, true)
#5 D:/xampp/htdocs/Laravel-Assessment/laravel-assessment/vendor/laravel/framework/src/Illuminate/Database/Query/Builder.php(2902): Illuminate/Database/Query/Builder->runSelect()
#6 D:/xampp/htdocs/Laravel-Assessment/laravel-assessment/vendor/laravel/framework/src/Illuminate/Database/Query/Builder.php(3456): Illuminate/Database/Query/Builder->Illuminate/Database/Query/{closure}()
#7 D:/xampp/htdocs/Laravel-Assessment/laravel-assessment/vendor/laravel/framework/src/Illuminate/Database/Query/Builder.php(2903): Illuminate/Database/Query/Builder->onceWithColumns(Array, Object(Closure))
#8 D:/xampp/htdocs/Laravel-Assessment/laravel-assessment/vendor/laravel/framework/src/Illuminate/Database/Eloquent/Builder.php(739): Illuminate/Database/Query/Builder->get(Array)
#9 D:/xampp/htdocs/Laravel-Assessment/laravel-assessment/vendor/laravel/framework/src/Illuminate/Database/Eloquent/Builder.php(723): Illuminate/Database/Eloquent/Builder->getModels(Array)
#10 D:/xampp/htdocs/Laravel-Assessment/laravel-assessment/vendor/laravel/framework/src/Illuminate/Database/Concerns/BuildsQueries.php(333): Illuminate/Database/Eloquent/Builder->get(Array)
#11 D:/xampp/htdocs/Laravel-Assessment/laravel-assessment/vendor/laravel/framework/src/Illuminate/Auth/EloquentUserProvider.php(139): Illuminate/Database/Eloquent/Builder->first()
#12 D:/xampp/htdocs/Laravel-Assessment/laravel-assessment/vendor/laravel/framework/src/Illuminate/Auth/SessionGuard.php(381): Illuminate/Auth/EloquentUserProvider->retrieveByCredentials(Array)
#13 D:/xampp/htdocs/Laravel-Assessment/laravel-assessment/vendor/laravel/framework/src/Illuminate/Auth/AuthManager.php(340): Illuminate/Auth/SessionGuard->attempt(Array)
#14 D:/xampp/htdocs/Laravel-Assessment/laravel-assessment/vendor/laravel/framework/src/Illuminate/Support/Facades/Facade.php(355): Illuminate/Auth/AuthManager->__call('attempt', Array)
#15 D:/xampp/htdocs/Laravel-Assessment/laravel-assessment/app/Http/Controllers/Api/AuthController.php(34): Illuminate/Support/Facades/Facade::__callStatic('attempt', Array)
#16 D:/xampp/htdocs/Laravel-Assessment/laravel-assessment/vendor/laravel/framework/src/Illuminate/Routing/Controller.php(54): App/Http/Controllers/Api/AuthController->login(Object(Illuminate/Http/Request))
#17 D:/xampp/htdocs/Laravel-Assessment/laravel-assessment/vendor/laravel/framework/src/Illuminate/Routing/ControllerDispatcher.php(43): Illuminate/Routing/Controller->callAction('login', Array)
#18 D:/xampp/htdocs/Laravel-Assessment/laravel-assessment/vendor/laravel/framework/src/Illuminate/Routing/Route.php(260): Illuminate/Routing/ControllerDispatcher->dispatch(Object(Illuminate/Routing/Route), Object(App/Http/Controllers/Api/AuthController), 'login')
#19 D:/xampp/htdocs/Laravel-Assessment/laravel-assessment/vendor/laravel/framework/src/Illuminate/Routing/Route.php(205): Illuminate/Routing/Route->runController()
#20 D:/xampp/htdocs/Laravel-Assessment/laravel-assessment/vendor/laravel/framework/src/Illuminate/Routing/Router.php(806): Illuminate/Routing/Route->run()
#21 D:/xampp/htdocs/Laravel-Assessment/laravel-assessment/vendor/laravel/framework/src/Illuminate/Pipeline/Pipeline.php(144): Illuminate/Routing/Router->Illuminate/Routing/{closure}(Object(Illuminate/Http/Request))
#22 D:/xampp/htdocs/Laravel-Assessment/laravel-assessment/vendor/laravel/framework/src/Illuminate/Routing/Middleware/SubstituteBindings.php(50): Illuminate/Pipeline/Pipeline->Illuminate/Pipeline/{closure}(Object(Illuminate/Http/Request))
#23 D:/xampp/htdocs/Laravel-Assessment/laravel-assessment/vendor/laravel/framework/src/Illuminate/Pipeline/Pipeline.php(183): Illuminate/Routing/Middleware/SubstituteBindings->handle(Object(Illuminate/Http/Request), Object(Closure))
#24 D:/xampp/htdocs/Laravel-Assessment/laravel-assessment/vendor/laravel/framework/src/Illuminate/Routing/Middleware/ThrottleRequests.php(159): Illuminate/Pipeline/Pipeline->Illuminate/Pipeline/{closure}(Object(Illuminate/Http/Request))
#25 D:/xampp/htdocs/Laravel-Assessment/laravel-assessment/vendor/laravel/framework/src/Illuminate/Routing/Middleware/ThrottleRequests.php(135): Illuminate/Routing/Middleware/ThrottleRequests->handleRequest(Object(Illuminate/Http/Request), Object(Closure), Array)
#26 D:/xampp/htdocs/Laravel-Assessment/laravel-assessment/vendor/laravel/framework/src/Illuminate/Routing/Middleware/ThrottleRequests.php(87): Illuminate/Routing/Middleware/ThrottleRequests->handleRequestUsingNamedLimiter(Object(Illuminate/Http/Request), Object(Closure), 'api', Object(Closure))
#27 D:/xampp/htdocs/Laravel-Assessment/laravel-assessment/vendor/laravel/framework/src/Illuminate/Pipeline/Pipeline.php(183): Illuminate/Routing/Middleware/ThrottleRequests->handle(Object(Illuminate/Http/Request), Object(Closure), 'api')
#28 D:/xampp/htdocs/Laravel-Assessment/laravel-assessment/vendor/laravel/framework/src/Illuminate/Pipeline/Pipeline.php(119): Illuminate/Pipeline/Pipeline->Illuminate/Pipeline/{closure}(Object(Illuminate/Http/Request))
#29 D:/xampp/htdocs/Laravel-Assessment/laravel-assessment/vendor/laravel/framework/src/Illuminate/Routing/Router.php(807): Illuminate/Pipeline/Pipeline->then(Object(Closure))
#30 D:/xampp/htdocs/Laravel-Assessment/laravel-assessment/vendor/laravel/framework/src/Illuminate/Routing/Router.php(784): Illuminate/Routing/Router->runRouteWithinStack(Object(Illuminate/Routing/Route), Object(Illuminate/Http/Request))
#31 D:/xampp/htdocs/Laravel-Assessment/laravel-assessment/vendor/laravel/framework/src/Illuminate/Routing/Router.php(748): Illuminate/Routing/Router->runRoute(Object(Illuminate/Http/Request), Object(Illuminate/Routing/Route))
#32 D:/xampp/htdocs/Laravel-Assessment/laravel-assessment/vendor/laravel/framework/src/Illuminate/Routing/Router.php(737): Illuminate/Routing/Router->dispatchToRoute(Object(Illuminate/Http/Request))
#33 D:/xampp/htdocs/Laravel-Assessment/laravel-assessment/vendor/laravel/framework/src/Illuminate/Foundation/Http/Kernel.php(200): Illuminate/Routing/Router->dispatch(Object(Illuminate/Http/Request))
#34 D:/xampp/htdocs/Laravel-Assessment/laravel-assessment/vendor/laravel/framework/src/Illuminate/Pipeline/Pipeline.php(144): Illuminate/Foundation/Http/Kernel->Illuminate/Foundation/Http/{closure}(Object(Illuminate/Http/Request))
#35 D:/xampp/htdocs/Laravel-Assessment/laravel-assessment/vendor/laravel/framework/src/Illuminate/Foundation/Http/Middleware/TransformsRequest.php(21): Illuminate/Pipeline/Pipeline->Illuminate/Pipeline/{closure}(Object(Illuminate/Http/Request))
#36 D:/xampp/htdocs/Laravel-Assessment/laravel-assessment/vendor/laravel/framework/src/Illuminate/Foundation/Http/Middleware/ConvertEmptyStringsToNull.php(31): Illuminate/Foundation/Http/Middleware/TransformsRequest->handle(Object(Illuminate/Http/Request), Object(Closure))
#37 D:/xampp/htdocs/Laravel-Assessment/laravel-assessment/vendor/laravel/framework/src/Illuminate/Pipeline/Pipeline.php(183): Illuminate/Foundation/Http/Middleware/ConvertEmptyStringsToNull->handle(Object(Illuminate/Http/Request), Object(Closure))
#38 D:/xampp/htdocs/Laravel-Assessment/laravel-assessment/vendor/laravel/framework/src/Illuminate/Foundation/Http/Middleware/TransformsRequest.php(21): Illuminate/Pipeline/Pipeline->Illuminate/Pipeline/{closure}(Object(Illuminate/Http/Request))
#39 D:/xampp/htdocs/Laravel-Assessment/laravel-assessment/vendor/laravel/framework/src/Illuminate/Foundation/Http/Middleware/TrimStrings.php(40): Illuminate/Foundation/Http/Middleware/TransformsRequest->handle(Object(Illuminate/Http/Request), Object(Closure))
#40 D:/xampp/htdocs/Laravel-Assessment/laravel-assessment/vendor/laravel/framework/src/Illuminate/Pipeline/Pipeline.php(183): Illuminate/Foundation/Http/Middleware/TrimStrings->handle(Object(Illuminate/Http/Request), Object(Closure))
#41 D:/xampp/htdocs/Laravel-Assessment/laravel-assessment/vendor/laravel/framework/src/Illuminate/Foundation/Http/Middleware/ValidatePostSize.php(27): Illuminate/Pipeline/Pipeline->Illuminate/Pipeline/{closure}(Object(Illuminate/Http/Request))
#42 D:/xampp/htdocs/Laravel-Assessment/laravel-assessment/vendor/laravel/framework/src/Illuminate/Pipeline/Pipeline.php(183): Illuminate/Foundation/Http/Middleware/ValidatePostSize->handle(Object(Illuminate/Http/Request), Object(Closure))
#43 D:/xampp/htdocs/Laravel-Assessment/laravel-assessment/vendor/laravel/framework/src/Illuminate/Foundation/Http/Middleware/PreventRequestsDuringMaintenance.php(99): Illuminate/Pipeline/Pipeline->Illuminate/Pipeline/{closure}(Object(Illuminate/Http/Request))
#44 D:/xampp/htdocs/Laravel-Assessment/laravel-assessment/vendor/laravel/framework/src/Illuminate/Pipeline/Pipeline.php(183): Illuminate/Foundation/Http/Middleware/PreventRequestsDuringMaintenance->handle(Object(Illuminate/Http/Request), Object(Closure))
#45 D:/xampp/htdocs/Laravel-Assessment/laravel-assessment/vendor/laravel/framework/src/Illuminate/Http/Middleware/HandleCors.php(62): Illuminate/Pipeline/Pipeline->Illuminate/Pipeline/{closure}(Object(Illuminate/Http/Request))
#46 D:/xampp/htdocs/Laravel-Assessment/laravel-assessment/vendor/laravel/framework/src/Illuminate/Pipeline/Pipeline.php(183): Illuminate/Http/Middleware/HandleCors->handle(Object(Illuminate/Http/Request), Object(Closure))
#47 D:/xampp/htdocs/Laravel-Assessment/laravel-assessment/vendor/laravel/framework/src/Illuminate/Http/Middleware/TrustProxies.php(39): Illuminate/Pipeline/Pipeline->Illuminate/Pipeline/{closure}(Object(Illuminate/Http/Request))
#48 D:/xampp/htdocs/Laravel-Assessment/laravel-assessment/vendor/laravel/framework/src/Illuminate/Pipeline/Pipeline.php(183): Illuminate/Http/Middleware/TrustProxies->handle(Object(Illuminate/Http/Request), Object(Closure))
#49 D:/xampp/htdocs/Laravel-Assessment/laravel-assessment/vendor/laravel/framework/src/Illuminate/Pipeline/Pipeline.php(119): Illuminate/Pipeline/Pipeline->Illuminate/Pipeline/{closure}(Object(Illuminate/Http/Request))
#50 D:/xampp/htdocs/Laravel-Assessment/laravel-assessment/vendor/laravel/framework/src/Illuminate/Foundation/Http/Kernel.php(175): Illuminate/Pipeline/Pipeline->then(Object(Closure))
#51 D:/xampp/htdocs/Laravel-Assessment/laravel-assessment/vendor/laravel/framework/src/Illuminate/Foundation/Http/Kernel.php(144): Illuminate/Foundation/Http/Kernel->sendRequestThroughRouter(Object(Illuminate/Http/Request))
#52 D:/xampp/htdocs/Laravel-Assessment/laravel-assessment/public/index.php(52): Illuminate/Foundation/Http/Kernel->handle(Object(Illuminate/Http/Request))
#53 D:/xampp/htdocs/Laravel-Assessment/laravel-assessment/vendor/laravel/framework/src/Illuminate/Foundation/resources/server.php(16): require_once('D://xampp//htdocs...')
#54 {main}

[previous exception] [object] (PDOException(code: 2002): SQLSTATE[HY000] [2002] No connection could be made because the target machine actively refused it at D:/xampp/htdocs/Laravel-Assessment/laravel-assessment/vendor/laravel/framework/src/Illuminate/Database/Connectors/Connector.php:65)
[stacktrace]
#0 D:/xampp/htdocs/Laravel-Assessment/laravel-assessment/vendor/laravel/framework/src/Illuminate/Database/Connectors/Connector.php(65): PDO->__construct('mysql:host=127....', 'root', '', Array)
#1 D:/xampp/htdocs/Laravel-Assessment/laravel-assessment/vendor/laravel/framework/src/Illuminate/Database/Connectors/Connector.php(83): Illuminate/Database/Connectors/Connector->createPdoConnection('mysql:host=127....', 'root', '', Array)
#2 D:/xampp/htdocs/Laravel-Assessment/laravel-assessment/vendor/laravel/framework/src/Illuminate/Database/Connectors/Connector.php(49): Illuminate/Database/Connectors/Connector->tryAgainIfCausedByLostConnection(Object(PDOException), 'mysql:host=127....', 'root', '', Array)
#3 D:/xampp/htdocs/Laravel-Assessment/laravel-assessment/vendor/laravel/framework/src/Illuminate/Database/Connectors/MySqlConnector.php(24): Illuminate/Database/Connectors/Connector->createConnection('mysql:host=127....', Array, Array)
#4 D:/xampp/htdocs/Laravel-Assessment/laravel-assessment/vendor/laravel/framework/src/Illuminate/Database/Connectors/ConnectionFactory.php(184): Illuminate/Database/Connectors/MySqlConnector->connect(Array)
#5 [internal function]: Illuminate/Database/Connectors/ConnectionFactory->Illuminate/Database/Connectors/{closure}()
#6 D:/xampp/htdocs/Laravel-Assessment/laravel-assessment/vendor/laravel/framework/src/Illuminate/Database/Connection.php(1339): call_user_func(Object(Closure))
#7 D:/xampp/htdocs/Laravel-Assessment/laravel-assessment/vendor/laravel/framework/src/Illuminate/Database/Connection.php(1375): Illuminate/Database/Connection->getPdo()
#8 D:/xampp/htdocs/Laravel-Assessment/laravel-assessment/vendor/laravel/framework/src/Illuminate/Database/Connection.php(528): Illuminate/Database/Connection->getReadPdo()
#9 D:/xampp/htdocs/Laravel-Assessment/laravel-assessment/vendor/laravel/framework/src/Illuminate/Database/Connection.php(423): Illuminate/Database/Connection->getPdoForSelect(true)
#10 D:/xampp/htdocs/Laravel-Assessment/laravel-assessment/vendor/laravel/framework/src/Illuminate/Database/Connection.php(816): Illuminate/Database/Connection->Illuminate/Database/{closure}('select * from `...', Array)
#11 D:/xampp/htdocs/Laravel-Assessment/laravel-assessment/vendor/laravel/framework/src/Illuminate/Database/Connection.php(983): Illuminate/Database/Connection->runQueryCallback('select * from `...', Array, Object(Closure))
#12 D:/xampp/htdocs/Laravel-Assessment/laravel-assessment/vendor/laravel/framework/src/Illuminate/Database/Connection.php(963): Illuminate/Database/Connection->tryAgainIfCausedByLostConnection(Object(Illuminate/Database/QueryException), 'select * from `...', Array, Object(Closure))
#13 D:/xampp/htdocs/Laravel-Assessment/laravel-assessment/vendor/laravel/framework/src/Illuminate/Database/Connection.php(786): Illuminate/Database/Connection->handleQueryException(Object(Illuminate/Database/QueryException), 'select * from `...', Array, Object(Closure))
#14 D:/xampp/htdocs/Laravel-Assessment/laravel-assessment/vendor/laravel/framework/src/Illuminate/Database/Connection.php(431): Illuminate/Database/Connection->run('select * from `...', Array, Object(Closure))
#15 D:/xampp/htdocs/Laravel-Assessment/laravel-assessment/vendor/laravel/framework/src/Illuminate/Database/Query/Builder.php(2914): Illuminate/Database/Connection->select('select * from `...', Array, true)
#16 D:/xampp/htdocs/Laravel-Assessment/laravel-assessment/vendor/laravel/framework/src/Illuminate/Database/Query/Builder.php(2902): Illuminate/Database/Query/Builder->runSelect()
#17 D:/xampp/htdocs/Laravel-Assessment/laravel-assessment/vendor/laravel/framework/src/Illuminate/Database/Query/Builder.php(3456): Illuminate/Database/Query/Builder->Illuminate/Database/Query/{closure}()
#18 D:/xampp/htdocs/Laravel-Assessment/laravel-assessment/vendor/laravel/framework/src/Illuminate/Database/Query/Builder.php(2903): Illuminate/Database/Query/Builder->onceWithColumns(Array, Object(Closure))
#19 D:/xampp/htdocs/Laravel-Assessment/laravel-assessment/vendor/laravel/framework/src/Illuminate/Database/Eloquent/Builder.php(739): Illuminate/Database/Query/Builder->get(Array)
#20 D:/xampp/htdocs/Laravel-Assessment/laravel-assessment/vendor/laravel/framework/src/Illuminate/Database/Eloquent/Builder.php(723): Illuminate/Database/Eloquent/Builder->getModels(Array)
#21 D:/xampp/htdocs/Laravel-Assessment/laravel-assessment/vendor/laravel/framework/src/Illuminate/Database/Concerns/BuildsQueries.php(333): Illuminate/Database/Eloquent/Builder->get(Array)
#22 D:/xampp/htdocs/Laravel-Assessment/laravel-assessment/vendor/laravel/framework/src/Illuminate/Auth/EloquentUserProvider.php(139): Illuminate/Database/Eloquent/Builder->first()
#23 D:/xampp/htdocs/Laravel-Assessment/laravel-assessment/vendor/laravel/framework/src/Illuminate/Auth/SessionGuard.php(381): Illuminate/Auth/EloquentUserProvider->retrieveByCredentials(Array)
#24 D:/xampp/htdocs/Laravel-Assessment/laravel-assessment/vendor/laravel/framework/src/Illuminate/Auth/AuthManager.php(340): Illuminate/Auth/SessionGuard->attempt(Array)
#25 D:/xampp/htdocs/Laravel-Assessment/laravel-assessment/vendor/laravel/framework/src/Illuminate/Support/Facades/Facade.php(355): Illuminate/Auth/AuthManager->__call('attempt', Array)
#26 D:/xampp/htdocs/Laravel-Assessment/laravel-assessment/app/Http/Controllers/Api/AuthController.php(34): Illuminate/Support/Facades/Facade::__callStatic('attempt', Array)
#27 D:/xampp/htdocs/Laravel-Assessment/laravel-assessment/vendor/laravel/framework/src/Illuminate/Routing/Controller.php(54): App/Http/Controllers/Api/AuthController->login(Object(Illuminate/Http/Request))
#28 D:/xampp/htdocs/Laravel-Assessment/laravel-assessment/vendor/laravel/framework/src/Illuminate/Routing/ControllerDispatcher.php(43): Illuminate/Routing/Controller->callAction('login', Array)
#29 D:/xampp/htdocs/Laravel-Assessment/laravel-assessment/vendor/laravel/framework/src/Illuminate/Routing/Route.php(260): Illuminate/Routing/ControllerDispatcher->dispatch(Object(Illuminate/Routing/Route), Object(App/Http/Controllers/Api/AuthController), 'login')
#30 D:/xampp/htdocs/Laravel-Assessment/laravel-assessment/vendor/laravel/framework/src/Illuminate/Routing/Route.php(205): Illuminate/Routing/Route->runController()
#31 D:/xampp/htdocs/Laravel-Assessment/laravel-assessment/vendor/laravel/framework/src/Illuminate/Routing/Router.php(806): Illuminate/Routing/Route->run()
#32 D:/xampp/htdocs/Laravel-Assessment/laravel-assessment/vendor/laravel/framework/src/Illuminate/Pipeline/Pipeline.php(144): Illuminate/Routing/Router->Illuminate/Routing/{closure}(Object(Illuminate/Http/Request))
#33 D:/xampp/htdocs/Laravel-Assessment/laravel-assessment/vendor/laravel/framework/src/Illuminate/Routing/Middleware/SubstituteBindings.php(50): Illuminate/Pipeline/Pipeline->Illuminate/Pipeline/{closure}(Object(Illuminate/Http/Request))
#34 D:/xampp/htdocs/Laravel-Assessment/laravel-assessment/vendor/laravel/framework/src/Illuminate/Pipeline/Pipeline.php(183): Illuminate/Routing/Middleware/SubstituteBindings->handle(Object(Illuminate/Http/Request), Object(Closure))
#35 D:/xampp/htdocs/Laravel-Assessment/laravel-assessment/vendor/laravel/framework/src/Illuminate/Routing/Middleware/ThrottleRequests.php(159): Illuminate/Pipeline/Pipeline->Illuminate/Pipeline/{closure}(Object(Illuminate/Http/Request))
#36 D:/xampp/htdocs/Laravel-Assessment/laravel-assessment/vendor/laravel/framework/src/Illuminate/Routing/Middleware/ThrottleRequests.php(135): Illuminate/Routing/Middleware/ThrottleRequests->handleRequest(Object(Illuminate/Http/Request), Object(Closure), Array)
#37 D:/xampp/htdocs/Laravel-Assessment/laravel-assessment/vendor/laravel/framework/src/Illuminate/Routing/Middleware/ThrottleRequests.php(87): Illuminate/Routing/Middleware/ThrottleRequests->handleRequestUsingNamedLimiter(Object(Illuminate/Http/Request), Object(Closure), 'api', Object(Closure))
#38 D:/xampp/htdocs/Laravel-Assessment/laravel-assessment/vendor/laravel/framework/src/Illuminate/Pipeline/Pipeline.php(183): Illuminate/Routing/Middleware/ThrottleRequests->handle(Object(Illuminate/Http/Request), Object(Closure), 'api')
#39 D:/xampp/htdocs/Laravel-Assessment/laravel-assessment/vendor/laravel/framework/src/Illuminate/Pipeline/Pipeline.php(119): Illuminate/Pipeline/Pipeline->Illuminate/Pipeline/{closure}(Object(Illuminate/Http/Request))
#40 D:/xampp/htdocs/Laravel-Assessment/laravel-assessment/vendor/laravel/framework/src/Illuminate/Routing/Router.php(807): Illuminate/Pipeline/Pipeline->then(Object(Closure))
#41 D:/xampp/htdocs/Laravel-Assessment/laravel-assessment/vendor/laravel/framework/src/Illuminate/Routing/Router.php(784): Illuminate/Routing/Router->runRouteWithinStack(Object(Illuminate/Routing/Route), Object(Illuminate/Http/Request))
#42 D:/xampp/htdocs/Laravel-Assessment/laravel-assessment/vendor/laravel/framework/src/Illuminate/Routing/Router.php(748): Illuminate/Routing/Router->runRoute(Object(Illuminate/Http/Request), Object(Illuminate/Routing/Route))
#43 D:/xampp/htdocs/Laravel-Assessment/laravel-assessment/vendor/laravel/framework/src/Illuminate/Routing/Router.php(737): Illuminate/Routing/Router->dispatchToRoute(Object(Illuminate/Http/Request))
#44 D:/xampp/htdocs/Laravel-Assessment/laravel-assessment/vendor/laravel/framework/src/Illuminate/Foundation/Http/Kernel.php(200): Illuminate/Routing/Router->dispatch(Object(Illuminate/Http/Request))
#45 D:/xampp/htdocs/Laravel-Assessment/laravel-assessment/vendor/laravel/framework/src/Illuminate/Pipeline/Pipeline.php(144): Illuminate/Foundation/Http/Kernel->Illuminate/Foundation/Http/{closure}(Object(Illuminate/Http/Request))
#46 D:/xampp/htdocs/Laravel-Assessment/laravel-assessment/vendor/laravel/framework/src/Illuminate/Foundation/Http/Middleware/TransformsRequest.php(21): Illuminate/Pipeline/Pipeline->Illuminate/Pipeline/{closure}(Object(Illuminate/Http/Request))
#47 D:/xampp/htdocs/Laravel-Assessment/laravel-assessment/vendor/laravel/framework/src/Illuminate/Foundation/Http/Middleware/ConvertEmptyStringsToNull.php(31): Illuminate/Foundation/Http/Middleware/TransformsRequest->handle(Object(Illuminate/Http/Request), Object(Closure))
#48 D:/xampp/htdocs/Laravel-Assessment/laravel-assessment/vendor/laravel/framework/src/Illuminate/Pipeline/Pipeline.php(183): Illuminate/Foundation/Http/Middleware/ConvertEmptyStringsToNull->handle(Object(Illuminate/Http/Request), Object(Closure))
#49 D:/xampp/htdocs/Laravel-Assessment/laravel-assessment/vendor/laravel/framework/src/Illuminate/Foundation/Http/Middleware/TransformsRequest.php(21): Illuminate/Pipeline/Pipeline->Illuminate/Pipeline/{closure}(Object(Illuminate/Http/Request))
#50 D:/xampp/htdocs/Laravel-Assessment/laravel-assessment/vendor/laravel/framework/src/Illuminate/Foundation/Http/Middleware/TrimStrings.php(40): Illuminate/Foundation/Http/Middleware/TransformsRequest->handle(Object(Illuminate/Http/Request), Object(Closure))
#51 D:/xampp/htdocs/Laravel-Assessment/laravel-assessment/vendor/laravel/framework/src/Illuminate/Pipeline/Pipeline.php(183): Illuminate/Foundation/Http/Middleware/TrimStrings->handle(Object(Illuminate/Http/Request), Object(Closure))
#52 D:/xampp/htdocs/Laravel-Assessment/laravel-assessment/vendor/laravel/framework/src/Illuminate/Foundation/Http/Middleware/ValidatePostSize.php(27): Illuminate/Pipeline/Pipeline->Illuminate/Pipeline/{closure}(Object(Illuminate/Http/Request))
#53 D:/xampp/htdocs/Laravel-Assessment/laravel-assessment/vendor/laravel/framework/src/Illuminate/Pipeline/Pipeline.php(183): Illuminate/Foundation/Http/Middleware/ValidatePostSize->handle(Object(Illuminate/Http/Request), Object(Closure))
#54 D:/xampp/htdocs/Laravel-Assessment/laravel-assessment/vendor/laravel/framework/src/Illuminate/Foundation/Http/Middleware/PreventRequestsDuringMaintenance.php(99): Illuminate/Pipeline/Pipeline->Illuminate/Pipeline/{closure}(Object(Illuminate/Http/Request))
#55 D:/xampp/htdocs/Laravel-Assessment/laravel-assessment/vendor/laravel/framework/src/Illuminate/Pipeline/Pipeline.php(183): Illuminate/Foundation/Http/Middleware/PreventRequestsDuringMaintenance->handle(Object(Illuminate/Http/Request), Object(Closure))
#56 D:/xampp/htdocs/Laravel-Assessment/laravel-assessment/vendor/laravel/framework/src/Illuminate/Http/Middleware/HandleCors.php(62): Illuminate/Pipeline/Pipeline->Illuminate/Pipeline/{closure}(Object(Illuminate/Http/Request))
#57 D:/xampp/htdocs/Laravel-Assessment/laravel-assessment/vendor/laravel/framework/src/Illuminate/Pipeline/Pipeline.php(183): Illuminate/Http/Middleware/HandleCors->handle(Object(Illuminate/Http/Request), Object(Closure))
#58 D:/xampp/htdocs/Laravel-Assessment/laravel-assessment/vendor/laravel/framework/src/Illuminate/Http/Middleware/TrustProxies.php(39): Illuminate/Pipeline/Pipeline->Illuminate/Pipeline/{closure}(Object(Illuminate/Http/Request))
#59 D:/xampp/htdocs/Laravel-Assessment/laravel-assessment/vendor/laravel/framework/src/Illuminate/Pipeline/Pipeline.php(183): Illuminate/Http/Middleware/TrustProxies->handle(Object(Illuminate/Http/Request), Object(Closure))
#60 D:/xampp/htdocs/Laravel-Assessment/laravel-assessment/vendor/laravel/framework/src/Illuminate/Pipeline/Pipeline.php(119): Illuminate/Pipeline/Pipeline->Illuminate/Pipeline/{closure}(Object(Illuminate/Http/Request))
#61 D:/xampp/htdocs/Laravel-Assessment/laravel-assessment/vendor/laravel/framework/src/Illuminate/Foundation/Http/Kernel.php(175): Illuminate/Pipeline/Pipeline->then(Object(Closure))
#62 D:/xampp/htdocs/Laravel-Assessment/laravel-assessment/vendor/laravel/framework/src/Illuminate/Foundation/Http/Kernel.php(144): Illuminate/Foundation/Http/Kernel->sendRequestThroughRouter(Object(Illuminate/Http/Request))
#63 D:/xampp/htdocs/Laravel-Assessment/laravel-assessment/public/index.php(52): Illuminate/Foundation/Http/Kernel->handle(Object(Illuminate/Http/Request))
#64 D:/xampp/htdocs/Laravel-Assessment/laravel-assessment/vendor/laravel/framework/src/Illuminate/Foundation/resources/server.php(16): require_once('D://xampp//htdocs...')
#65 {main}
"} 
[2026-07-11 08:49:24] local.ERROR: Route [login] not defined. {"exception":"[object] (Symfony\\Component\\Routing\\Exception\\RouteNotFoundException(code: 0): Route [login] not defined. at D:/xampp/htdocs/Laravel-Assessment/laravel-assessment/vendor/laravel/framework/src/Illuminate/Routing/UrlGenerator.php:477)
[stacktrace]
#0 D:/xampp/htdocs/Laravel-Assessment/laravel-assessment/vendor/laravel/framework/src/Illuminate/Foundation/helpers.php(811): Illuminate/Routing/UrlGenerator->route('login', Array, true)
#1 D:/xampp/htdocs/Laravel-Assessment/laravel-assessment/app/Http/Middleware/Authenticate.php(15): route('login')
#2 D:/xampp/htdocs/Laravel-Assessment/laravel-assessment/vendor/laravel/framework/src/Illuminate/Auth/Middleware/Authenticate.php(96): App/Http/Middleware/Authenticate->redirectTo(Object(Illuminate/Http/Request))
#3 D:/xampp/htdocs/Laravel-Assessment/laravel-assessment/vendor/laravel/framework/src/Illuminate/Auth/Middleware/Authenticate.php(81): Illuminate/Auth/Middleware/Authenticate->unauthenticated(Object(Illuminate/Http/Request), Array)
#4 D:/xampp/htdocs/Laravel-Assessment/laravel-assessment/vendor/laravel/framework/src/Illuminate/Auth/Middleware/Authenticate.php(55): Illuminate/Auth/Middleware/Authenticate->authenticate(Object(Illuminate/Http/Request), Array)
#5 D:/xampp/htdocs/Laravel-Assessment/laravel-assessment/vendor/laravel/framework/src/Illuminate/Pipeline/Pipeline.php(183): Illuminate/Auth/Middleware/Authenticate->handle(Object(Illuminate/Http/Request), Object(Closure), 'api')
#6 D:/xampp/htdocs/Laravel-Assessment/laravel-assessment/vendor/laravel/framework/src/Illuminate/Pipeline/Pipeline.php(119): Illuminate/Pipeline/Pipeline->Illuminate/Pipeline/{closure}(Object(Illuminate/Http/Request))
#7 D:/xampp/htdocs/Laravel-Assessment/laravel-assessment/vendor/laravel/framework/src/Illuminate/Routing/Router.php(807): Illuminate/Pipeline/Pipeline->then(Object(Closure))
#8 D:/xampp/htdocs/Laravel-Assessment/laravel-assessment/vendor/laravel/framework/src/Illuminate/Routing/Router.php(784): Illuminate/Routing/Router->runRouteWithinStack(Object(Illuminate/Routing/Route), Object(Illuminate/Http/Request))
#9 D:/xampp/htdocs/Laravel-Assessment/laravel-assessment/vendor/laravel/framework/src/Illuminate/Routing/Router.php(748): Illuminate/Routing/Router->runRoute(Object(Illuminate/Http/Request), Object(Illuminate/Routing/Route))
#10 D:/xampp/htdocs/Laravel-Assessment/laravel-assessment/vendor/laravel/framework/src/Illuminate/Routing/Router.php(737): Illuminate/Routing/Router->dispatchToRoute(Object(Illuminate/Http/Request))
#11 D:/xampp/htdocs/Laravel-Assessment/laravel-assessment/vendor/laravel/framework/src/Illuminate/Foundation/Http/Kernel.php(200): Illuminate/Routing/Router->dispatch(Object(Illuminate/Http/Request))
#12 D:/xampp/htdocs/Laravel-Assessment/laravel-assessment/vendor/laravel/framework/src/Illuminate/Pipeline/Pipeline.php(144): Illuminate/Foundation/Http/Kernel->Illuminate/Foundation/Http/{closure}(Object(Illuminate/Http/Request))
#13 D:/xampp/htdocs/Laravel-Assessment/laravel-assessment/vendor/laravel/framework/src/Illuminate/Foundation/Http/Middleware/TransformsRequest.php(21): Illuminate/Pipeline/Pipeline->Illuminate/Pipeline/{closure}(Object(Illuminate/Http/Request))
#14 D:/xampp/htdocs/Laravel-Assessment/laravel-assessment/vendor/laravel/framework/src/Illuminate/Foundation/Http/Middleware/ConvertEmptyStringsToNull.php(31): Illuminate/Foundation/Http/Middleware/TransformsRequest->handle(Object(Illuminate/Http/Request), Object(Closure))
#15 D:/xampp/htdocs/Laravel-Assessment/laravel-assessment/vendor/laravel/framework/src/Illuminate/Pipeline/Pipeline.php(183): Illuminate/Foundation/Http/Middleware/ConvertEmptyStringsToNull->handle(Object(Illuminate/Http/Request), Object(Closure))
#16 D:/xampp/htdocs/Laravel-Assessment/laravel-assessment/vendor/laravel/framework/src/Illuminate/Foundation/Http/Middleware/TransformsRequest.php(21): Illuminate/Pipeline/Pipeline->Illuminate/Pipeline/{closure}(Object(Illuminate/Http/Request))
#17 D:/xampp/htdocs/Laravel-Assessment/laravel-assessment/vendor/laravel/framework/src/Illuminate/Foundation/Http/Middleware/TrimStrings.php(40): Illuminate/Foundation/Http/Middleware/TransformsRequest->handle(Object(Illuminate/Http/Request), Object(Closure))
#18 D:/xampp/htdocs/Laravel-Assessment/laravel-assessment/vendor/laravel/framework/src/Illuminate/Pipeline/Pipeline.php(183): Illuminate/Foundation/Http/Middleware/TrimStrings->handle(Object(Illuminate/Http/Request), Object(Closure))
#19 D:/xampp/htdocs/Laravel-Assessment/laravel-assessment/vendor/laravel/framework/src/Illuminate/Foundation/Http/Middleware/ValidatePostSize.php(27): Illuminate/Pipeline/Pipeline->Illuminate/Pipeline/{closure}(Object(Illuminate/Http/Request))
#20 D:/xampp/htdocs/Laravel-Assessment/laravel-assessment/vendor/laravel/framework/src/Illuminate/Pipeline/Pipeline.php(183): Illuminate/Foundation/Http/Middleware/ValidatePostSize->handle(Object(Illuminate/Http/Request), Object(Closure))
#21 D:/xampp/htdocs/Laravel-Assessment/laravel-assessment/vendor/laravel/framework/src/Illuminate/Foundation/Http/Middleware/PreventRequestsDuringMaintenance.php(99): Illuminate/Pipeline/Pipeline->Illuminate/Pipeline/{closure}(Object(Illuminate/Http/Request))
#22 D:/xampp/htdocs/Laravel-Assessment/laravel-assessment/vendor/laravel/framework/src/Illuminate/Pipeline/Pipeline.php(183): Illuminate/Foundation/Http/Middleware/PreventRequestsDuringMaintenance->handle(Object(Illuminate/Http/Request), Object(Closure))
#23 D:/xampp/htdocs/Laravel-Assessment/laravel-assessment/vendor/laravel/framework/src/Illuminate/Http/Middleware/HandleCors.php(62): Illuminate/Pipeline/Pipeline->Illuminate/Pipeline/{closure}(Object(Illuminate/Http/Request))
#24 D:/xampp/htdocs/Laravel-Assessment/laravel-assessment/vendor/laravel/framework/src/Illuminate/Pipeline/Pipeline.php(183): Illuminate/Http/Middleware/HandleCors->handle(Object(Illuminate/Http/Request), Object(Closure))
#25 D:/xampp/htdocs/Laravel-Assessment/laravel-assessment/vendor/laravel/framework/src/Illuminate/Http/Middleware/TrustProxies.php(39): Illuminate/Pipeline/Pipeline->Illuminate/Pipeline/{closure}(Object(Illuminate/Http/Request))
#26 D:/xampp/htdocs/Laravel-Assessment/laravel-assessment/vendor/laravel/framework/src/Illuminate/Pipeline/Pipeline.php(183): Illuminate/Http/Middleware/TrustProxies->handle(Object(Illuminate/Http/Request), Object(Closure))
#27 D:/xampp/htdocs/Laravel-Assessment/laravel-assessment/vendor/laravel/framework/src/Illuminate/Pipeline/Pipeline.php(119): Illuminate/Pipeline/Pipeline->Illuminate/Pipeline/{closure}(Object(Illuminate/Http/Request))
#28 D:/xampp/htdocs/Laravel-Assessment/laravel-assessment/vendor/laravel/framework/src/Illuminate/Foundation/Http/Kernel.php(175): Illuminate/Pipeline/Pipeline->then(Object(Closure))
#29 D:/xampp/htdocs/Laravel-Assessment/laravel-assessment/vendor/laravel/framework/src/Illuminate/Foundation/Http/Kernel.php(144): Illuminate/Foundation/Http/Kernel->sendRequestThroughRouter(Object(Illuminate/Http/Request))
#30 D:/xampp/htdocs/Laravel-Assessment/laravel-assessment/public/index.php(52): Illuminate/Foundation/Http/Kernel->handle(Object(Illuminate/Http/Request))
#31 D:/xampp/htdocs/Laravel-Assessment/laravel-assessment/vendor/laravel/framework/src/Illuminate/Foundation/resources/server.php(16): require_once('D://xampp//htdocs...')
#32 {main}
"} 
[2026-07-11 08:49:41] local.ERROR: Route [login] not defined. {"exception":"[object] (Symfony\\Component\\Routing\\Exception\\RouteNotFoundException(code: 0): Route [login] not defined. at D:/xampp/htdocs/Laravel-Assessment/laravel-assessment/vendor/laravel/framework/src/Illuminate/Routing/UrlGenerator.php:477)
[stacktrace]
#0 D:/xampp/htdocs/Laravel-Assessment/laravel-assessment/vendor/laravel/framework/src/Illuminate/Foundation/helpers.php(811): Illuminate/Routing/UrlGenerator->route('login', Array, true)
#1 D:/xampp/htdocs/Laravel-Assessment/laravel-assessment/app/Http/Middleware/Authenticate.php(15): route('login')
#2 D:/xampp/htdocs/Laravel-Assessment/laravel-assessment/vendor/laravel/framework/src/Illuminate/Auth/Middleware/Authenticate.php(96): App/Http/Middleware/Authenticate->redirectTo(Object(Illuminate/Http/Request))
#3 D:/xampp/htdocs/Laravel-Assessment/laravel-assessment/vendor/laravel/framework/src/Illuminate/Auth/Middleware/Authenticate.php(81): Illuminate/Auth/Middleware/Authenticate->unauthenticated(Object(Illuminate/Http/Request), Array)
#4 D:/xampp/htdocs/Laravel-Assessment/laravel-assessment/vendor/laravel/framework/src/Illuminate/Auth/Middleware/Authenticate.php(55): Illuminate/Auth/Middleware/Authenticate->authenticate(Object(Illuminate/Http/Request), Array)
#5 D:/xampp/htdocs/Laravel-Assessment/laravel-assessment/vendor/laravel/framework/src/Illuminate/Pipeline/Pipeline.php(183): Illuminate/Auth/Middleware/Authenticate->handle(Object(Illuminate/Http/Request), Object(Closure), 'api')
#6 D:/xampp/htdocs/Laravel-Assessment/laravel-assessment/vendor/laravel/framework/src/Illuminate/Pipeline/Pipeline.php(119): Illuminate/Pipeline/Pipeline->Illuminate/Pipeline/{closure}(Object(Illuminate/Http/Request))
#7 D:/xampp/htdocs/Laravel-Assessment/laravel-assessment/vendor/laravel/framework/src/Illuminate/Routing/Router.php(807): Illuminate/Pipeline/Pipeline->then(Object(Closure))
#8 D:/xampp/htdocs/Laravel-Assessment/laravel-assessment/vendor/laravel/framework/src/Illuminate/Routing/Router.php(784): Illuminate/Routing/Router->runRouteWithinStack(Object(Illuminate/Routing/Route), Object(Illuminate/Http/Request))
#9 D:/xampp/htdocs/Laravel-Assessment/laravel-assessment/vendor/laravel/framework/src/Illuminate/Routing/Router.php(748): Illuminate/Routing/Router->runRoute(Object(Illuminate/Http/Request), Object(Illuminate/Routing/Route))
#10 D:/xampp/htdocs/Laravel-Assessment/laravel-assessment/vendor/laravel/framework/src/Illuminate/Routing/Router.php(737): Illuminate/Routing/Router->dispatchToRoute(Object(Illuminate/Http/Request))
#11 D:/xampp/htdocs/Laravel-Assessment/laravel-assessment/vendor/laravel/framework/src/Illuminate/Foundation/Http/Kernel.php(200): Illuminate/Routing/Router->dispatch(Object(Illuminate/Http/Request))
#12 D:/xampp/htdocs/Laravel-Assessment/laravel-assessment/vendor/laravel/framework/src/Illuminate/Pipeline/Pipeline.php(144): Illuminate/Foundation/Http/Kernel->Illuminate/Foundation/Http/{closure}(Object(Illuminate/Http/Request))
#13 D:/xampp/htdocs/Laravel-Assessment/laravel-assessment/vendor/laravel/framework/src/Illuminate/Foundation/Http/Middleware/TransformsRequest.php(21): Illuminate/Pipeline/Pipeline->Illuminate/Pipeline/{closure}(Object(Illuminate/Http/Request))
#14 D:/xampp/htdocs/Laravel-Assessment/laravel-assessment/vendor/laravel/framework/src/Illuminate/Foundation/Http/Middleware/ConvertEmptyStringsToNull.php(31): Illuminate/Foundation/Http/Middleware/TransformsRequest->handle(Object(Illuminate/Http/Request), Object(Closure))
#15 D:/xampp/htdocs/Laravel-Assessment/laravel-assessment/vendor/laravel/framework/src/Illuminate/Pipeline/Pipeline.php(183): Illuminate/Foundation/Http/Middleware/ConvertEmptyStringsToNull->handle(Object(Illuminate/Http/Request), Object(Closure))
#16 D:/xampp/htdocs/Laravel-Assessment/laravel-assessment/vendor/laravel/framework/src/Illuminate/Foundation/Http/Middleware/TransformsRequest.php(21): Illuminate/Pipeline/Pipeline->Illuminate/Pipeline/{closure}(Object(Illuminate/Http/Request))
#17 D:/xampp/htdocs/Laravel-Assessment/laravel-assessment/vendor/laravel/framework/src/Illuminate/Foundation/Http/Middleware/TrimStrings.php(40): Illuminate/Foundation/Http/Middleware/TransformsRequest->handle(Object(Illuminate/Http/Request), Object(Closure))
#18 D:/xampp/htdocs/Laravel-Assessment/laravel-assessment/vendor/laravel/framework/src/Illuminate/Pipeline/Pipeline.php(183): Illuminate/Foundation/Http/Middleware/TrimStrings->handle(Object(Illuminate/Http/Request), Object(Closure))
#19 D:/xampp/htdocs/Laravel-Assessment/laravel-assessment/vendor/laravel/framework/src/Illuminate/Foundation/Http/Middleware/ValidatePostSize.php(27): Illuminate/Pipeline/Pipeline->Illuminate/Pipeline/{closure}(Object(Illuminate/Http/Request))
#20 D:/xampp/htdocs/Laravel-Assessment/laravel-assessment/vendor/laravel/framework/src/Illuminate/Pipeline/Pipeline.php(183): Illuminate/Foundation/Http/Middleware/ValidatePostSize->handle(Object(Illuminate/Http/Request), Object(Closure))
#21 D:/xampp/htdocs/Laravel-Assessment/laravel-assessment/vendor/laravel/framework/src/Illuminate/Foundation/Http/Middleware/PreventRequestsDuringMaintenance.php(99): Illuminate/Pipeline/Pipeline->Illuminate/Pipeline/{closure}(Object(Illuminate/Http/Request))
#22 D:/xampp/htdocs/Laravel-Assessment/laravel-assessment/vendor/laravel/framework/src/Illuminate/Pipeline/Pipeline.php(183): Illuminate/Foundation/Http/Middleware/PreventRequestsDuringMaintenance->handle(Object(Illuminate/Http/Request), Object(Closure))
#23 D:/xampp/htdocs/Laravel-Assessment/laravel-assessment/vendor/laravel/framework/src/Illuminate/Http/Middleware/HandleCors.php(62): Illuminate/Pipeline/Pipeline->Illuminate/Pipeline/{closure}(Object(Illuminate/Http/Request))
#24 D:/xampp/htdocs/Laravel-Assessment/laravel-assessment/vendor/laravel/framework/src/Illuminate/Pipeline/Pipeline.php(183): Illuminate/Http/Middleware/HandleCors->handle(Object(Illuminate/Http/Request), Object(Closure))
#25 D:/xampp/htdocs/Laravel-Assessment/laravel-assessment/vendor/laravel/framework/src/Illuminate/Http/Middleware/TrustProxies.php(39): Illuminate/Pipeline/Pipeline->Illuminate/Pipeline/{closure}(Object(Illuminate/Http/Request))
#26 D:/xampp/htdocs/Laravel-Assessment/laravel-assessment/vendor/laravel/framework/src/Illuminate/Pipeline/Pipeline.php(183): Illuminate/Http/Middleware/TrustProxies->handle(Object(Illuminate/Http/Request), Object(Closure))
#27 D:/xampp/htdocs/Laravel-Assessment/laravel-assessment/vendor/laravel/framework/src/Illuminate/Pipeline/Pipeline.php(119): Illuminate/Pipeline/Pipeline->Illuminate/Pipeline/{closure}(Object(Illuminate/Http/Request))
#28 D:/xampp/htdocs/Laravel-Assessment/laravel-assessment/vendor/laravel/framework/src/Illuminate/Foundation/Http/Kernel.php(175): Illuminate/Pipeline/Pipeline->then(Object(Closure))
#29 D:/xampp/htdocs/Laravel-Assessment/laravel-assessment/vendor/laravel/framework/src/Illuminate/Foundation/Http/Kernel.php(144): Illuminate/Foundation/Http/Kernel->sendRequestThroughRouter(Object(Illuminate/Http/Request))
#30 D:/xampp/htdocs/Laravel-Assessment/laravel-assessment/public/index.php(52): Illuminate/Foundation/Http/Kernel->handle(Object(Illuminate/Http/Request))
#31 D:/xampp/htdocs/Laravel-Assessment/laravel-assessment/vendor/laravel/framework/src/Illuminate/Foundation/resources/server.php(16): require_once('D://xampp//htdocs...')
#32 {main}
"} 
[2026-07-11 08:49:48] local.ERROR: Route [login] not defined. {"exception":"[object] (Symfony\\Component\\Routing\\Exception\\RouteNotFoundException(code: 0): Route [login] not defined. at D:/xampp/htdocs/Laravel-Assessment/laravel-assessment/vendor/laravel/framework/src/Illuminate/Routing/UrlGenerator.php:477)
[stacktrace]
#0 D:/xampp/htdocs/Laravel-Assessment/laravel-assessment/vendor/laravel/framework/src/Illuminate/Foundation/helpers.php(811): Illuminate/Routing/UrlGenerator->route('login', Array, true)
#1 D:/xampp/htdocs/Laravel-Assessment/laravel-assessment/app/Http/Middleware/Authenticate.php(15): route('login')
#2 D:/xampp/htdocs/Laravel-Assessment/laravel-assessment/vendor/laravel/framework/src/Illuminate/Auth/Middleware/Authenticate.php(96): App/Http/Middleware/Authenticate->redirectTo(Object(Illuminate/Http/Request))
#3 D:/xampp/htdocs/Laravel-Assessment/laravel-assessment/vendor/laravel/framework/src/Illuminate/Auth/Middleware/Authenticate.php(81): Illuminate/Auth/Middleware/Authenticate->unauthenticated(Object(Illuminate/Http/Request), Array)
#4 D:/xampp/htdocs/Laravel-Assessment/laravel-assessment/vendor/laravel/framework/src/Illuminate/Auth/Middleware/Authenticate.php(55): Illuminate/Auth/Middleware/Authenticate->authenticate(Object(Illuminate/Http/Request), Array)
#5 D:/xampp/htdocs/Laravel-Assessment/laravel-assessment/vendor/laravel/framework/src/Illuminate/Pipeline/Pipeline.php(183): Illuminate/Auth/Middleware/Authenticate->handle(Object(Illuminate/Http/Request), Object(Closure), 'api')
#6 D:/xampp/htdocs/Laravel-Assessment/laravel-assessment/vendor/laravel/framework/src/Illuminate/Pipeline/Pipeline.php(119): Illuminate/Pipeline/Pipeline->Illuminate/Pipeline/{closure}(Object(Illuminate/Http/Request))
#7 D:/xampp/htdocs/Laravel-Assessment/laravel-assessment/vendor/laravel/framework/src/Illuminate/Routing/Router.php(807): Illuminate/Pipeline/Pipeline->then(Object(Closure))
#8 D:/xampp/htdocs/Laravel-Assessment/laravel-assessment/vendor/laravel/framework/src/Illuminate/Routing/Router.php(784): Illuminate/Routing/Router->runRouteWithinStack(Object(Illuminate/Routing/Route), Object(Illuminate/Http/Request))
#9 D:/xampp/htdocs/Laravel-Assessment/laravel-assessment/vendor/laravel/framework/src/Illuminate/Routing/Router.php(748): Illuminate/Routing/Router->runRoute(Object(Illuminate/Http/Request), Object(Illuminate/Routing/Route))
#10 D:/xampp/htdocs/Laravel-Assessment/laravel-assessment/vendor/laravel/framework/src/Illuminate/Routing/Router.php(737): Illuminate/Routing/Router->dispatchToRoute(Object(Illuminate/Http/Request))
#11 D:/xampp/htdocs/Laravel-Assessment/laravel-assessment/vendor/laravel/framework/src/Illuminate/Foundation/Http/Kernel.php(200): Illuminate/Routing/Router->dispatch(Object(Illuminate/Http/Request))
#12 D:/xampp/htdocs/Laravel-Assessment/laravel-assessment/vendor/laravel/framework/src/Illuminate/Pipeline/Pipeline.php(144): Illuminate/Foundation/Http/Kernel->Illuminate/Foundation/Http/{closure}(Object(Illuminate/Http/Request))
#13 D:/xampp/htdocs/Laravel-Assessment/laravel-assessment/vendor/laravel/framework/src/Illuminate/Foundation/Http/Middleware/TransformsRequest.php(21): Illuminate/Pipeline/Pipeline->Illuminate/Pipeline/{closure}(Object(Illuminate/Http/Request))
#14 D:/xampp/htdocs/Laravel-Assessment/laravel-assessment/vendor/laravel/framework/src/Illuminate/Foundation/Http/Middleware/ConvertEmptyStringsToNull.php(31): Illuminate/Foundation/Http/Middleware/TransformsRequest->handle(Object(Illuminate/Http/Request), Object(Closure))
#15 D:/xampp/htdocs/Laravel-Assessment/laravel-assessment/vendor/laravel/framework/src/Illuminate/Pipeline/Pipeline.php(183): Illuminate/Foundation/Http/Middleware/ConvertEmptyStringsToNull->handle(Object(Illuminate/Http/Request), Object(Closure))
#16 D:/xampp/htdocs/Laravel-Assessment/laravel-assessment/vendor/laravel/framework/src/Illuminate/Foundation/Http/Middleware/TransformsRequest.php(21): Illuminate/Pipeline/Pipeline->Illuminate/Pipeline/{closure}(Object(Illuminate/Http/Request))
#17 D:/xampp/htdocs/Laravel-Assessment/laravel-assessment/vendor/laravel/framework/src/Illuminate/Foundation/Http/Middleware/TrimStrings.php(40): Illuminate/Foundation/Http/Middleware/TransformsRequest->handle(Object(Illuminate/Http/Request), Object(Closure))
#18 D:/xampp/htdocs/Laravel-Assessment/laravel-assessment/vendor/laravel/framework/src/Illuminate/Pipeline/Pipeline.php(183): Illuminate/Foundation/Http/Middleware/TrimStrings->handle(Object(Illuminate/Http/Request), Object(Closure))
#19 D:/xampp/htdocs/Laravel-Assessment/laravel-assessment/vendor/laravel/framework/src/Illuminate/Foundation/Http/Middleware/ValidatePostSize.php(27): Illuminate/Pipeline/Pipeline->Illuminate/Pipeline/{closure}(Object(Illuminate/Http/Request))
#20 D:/xampp/htdocs/Laravel-Assessment/laravel-assessment/vendor/laravel/framework/src/Illuminate/Pipeline/Pipeline.php(183): Illuminate/Foundation/Http/Middleware/ValidatePostSize->handle(Object(Illuminate/Http/Request), Object(Closure))
#21 D:/xampp/htdocs/Laravel-Assessment/laravel-assessment/vendor/laravel/framework/src/Illuminate/Foundation/Http/Middleware/PreventRequestsDuringMaintenance.php(99): Illuminate/Pipeline/Pipeline->Illuminate/Pipeline/{closure}(Object(Illuminate/Http/Request))
#22 D:/xampp/htdocs/Laravel-Assessment/laravel-assessment/vendor/laravel/framework/src/Illuminate/Pipeline/Pipeline.php(183): Illuminate/Foundation/Http/Middleware/PreventRequestsDuringMaintenance->handle(Object(Illuminate/Http/Request), Object(Closure))
#23 D:/xampp/htdocs/Laravel-Assessment/laravel-assessment/vendor/laravel/framework/src/Illuminate/Http/Middleware/HandleCors.php(62): Illuminate/Pipeline/Pipeline->Illuminate/Pipeline/{closure}(Object(Illuminate/Http/Request))
#24 D:/xampp/htdocs/Laravel-Assessment/laravel-assessment/vendor/laravel/framework/src/Illuminate/Pipeline/Pipeline.php(183): Illuminate/Http/Middleware/HandleCors->handle(Object(Illuminate/Http/Request), Object(Closure))
#25 D:/xampp/htdocs/Laravel-Assessment/laravel-assessment/vendor/laravel/framework/src/Illuminate/Http/Middleware/TrustProxies.php(39): Illuminate/Pipeline/Pipeline->Illuminate/Pipeline/{closure}(Object(Illuminate/Http/Request))
#26 D:/xampp/htdocs/Laravel-Assessment/laravel-assessment/vendor/laravel/framework/src/Illuminate/Pipeline/Pipeline.php(183): Illuminate/Http/Middleware/TrustProxies->handle(Object(Illuminate/Http/Request), Object(Closure))
#27 D:/xampp/htdocs/Laravel-Assessment/laravel-assessment/vendor/laravel/framework/src/Illuminate/Pipeline/Pipeline.php(119): Illuminate/Pipeline/Pipeline->Illuminate/Pipeline/{closure}(Object(Illuminate/Http/Request))
#28 D:/xampp/htdocs/Laravel-Assessment/laravel-assessment/vendor/laravel/framework/src/Illuminate/Foundation/Http/Kernel.php(175): Illuminate/Pipeline/Pipeline->then(Object(Closure))
#29 D:/xampp/htdocs/Laravel-Assessment/laravel-assessment/vendor/laravel/framework/src/Illuminate/Foundation/Http/Kernel.php(144): Illuminate/Foundation/Http/Kernel->sendRequestThroughRouter(Object(Illuminate/Http/Request))
#30 D:/xampp/htdocs/Laravel-Assessment/laravel-assessment/public/index.php(52): Illuminate/Foundation/Http/Kernel->handle(Object(Illuminate/Http/Request))
#31 D:/xampp/htdocs/Laravel-Assessment/laravel-assessment/vendor/laravel/framework/src/Illuminate/Foundation/resources/server.php(16): require_once('D://xampp//htdocs...')
#32 {main}
"} 
[2026-07-11 09:11:58] local.ERROR: Class "ProductController" does not exist {"exception":"[object] (ReflectionException(code: -1): Class \"ProductController\" does not exist at D:/xampp/htdocs/Laravel-Assessment/laravel-assessment/vendor/laravel/framework/src/Illuminate/Foundation/Console/RouteListCommand.php:225)
[stacktrace]
#0 D:/xampp/htdocs/Laravel-Assessment/laravel-assessment/vendor/laravel/framework/src/Illuminate/Foundation/Console/RouteListCommand.php(225): ReflectionClass->__construct('ProductControll...')
#1 D:/xampp/htdocs/Laravel-Assessment/laravel-assessment/vendor/laravel/framework/src/Illuminate/Foundation/Console/RouteListCommand.php(147): Illuminate/Foundation/Console/RouteListCommand->isVendorRoute(Object(Illuminate/Routing/Route))
#2 D:/xampp/htdocs/Laravel-Assessment/laravel-assessment/vendor/laravel/framework/src/Illuminate/Foundation/Console/RouteListCommand.php(116): Illuminate/Foundation/Console/RouteListCommand->getRouteInformation(Object(Illuminate/Routing/Route))
#3 [internal function]: Illuminate/Foundation/Console/RouteListCommand->Illuminate/Foundation/Console/{closure}(Object(Illuminate/Routing/Route), 21)
#4 D:/xampp/htdocs/Laravel-Assessment/laravel-assessment/vendor/laravel/framework/src/Illuminate/Collections/Arr.php(600): array_map(Object(Closure), Array, Array)
#5 D:/xampp/htdocs/Laravel-Assessment/laravel-assessment/vendor/laravel/framework/src/Illuminate/Collections/Collection.php(778): Illuminate/Support/Arr::map(Array, Object(Closure))
#6 D:/xampp/htdocs/Laravel-Assessment/laravel-assessment/vendor/laravel/framework/src/Illuminate/Foundation/Console/RouteListCommand.php(117): Illuminate/Support/Collection->map(Object(Closure))
#7 D:/xampp/htdocs/Laravel-Assessment/laravel-assessment/vendor/laravel/framework/src/Illuminate/Foundation/Console/RouteListCommand.php(101): Illuminate/Foundation/Console/RouteListCommand->getRoutes()
#8 D:/xampp/htdocs/Laravel-Assessment/laravel-assessment/vendor/laravel/framework/src/Illuminate/Container/BoundMethod.php(36): Illuminate/Foundation/Console/RouteListCommand->handle()
#9 D:/xampp/htdocs/Laravel-Assessment/laravel-assessment/vendor/laravel/framework/src/Illuminate/Container/Util.php(41): Illuminate/Container/BoundMethod::Illuminate/Container/{closure}()
#10 D:/xampp/htdocs/Laravel-Assessment/laravel-assessment/vendor/laravel/framework/src/Illuminate/Container/BoundMethod.php(93): Illuminate/Container/Util::unwrapIfClosure(Object(Closure))
#11 D:/xampp/htdocs/Laravel-Assessment/laravel-assessment/vendor/laravel/framework/src/Illuminate/Container/BoundMethod.php(37): Illuminate/Container/BoundMethod::callBoundMethod(Object(Illuminate/Foundation/Application), Array, Object(Closure))
#12 D:/xampp/htdocs/Laravel-Assessment/laravel-assessment/vendor/laravel/framework/src/Illuminate/Container/Container.php(662): Illuminate/Container/BoundMethod::call(Object(Illuminate/Foundation/Application), Array, Array, NULL)
#13 D:/xampp/htdocs/Laravel-Assessment/laravel-assessment/vendor/laravel/framework/src/Illuminate/Console/Command.php(211): Illuminate/Container/Container->call(Array)
#14 D:/xampp/htdocs/Laravel-Assessment/laravel-assessment/vendor/symfony/console/Command/Command.php(326): Illuminate/Console/Command->execute(Object(Symfony/Component/Console/Input/ArgvInput), Object(Illuminate/Console/OutputStyle))
#15 D:/xampp/htdocs/Laravel-Assessment/laravel-assessment/vendor/laravel/framework/src/Illuminate/Console/Command.php(181): Symfony/Component/Console/Command/Command->run(Object(Symfony/Component/Console/Input/ArgvInput), Object(Illuminate/Console/OutputStyle))
#16 D:/xampp/htdocs/Laravel-Assessment/laravel-assessment/vendor/symfony/console/Application.php(1121): Illuminate/Console/Command->run(Object(Symfony/Component/Console/Input/ArgvInput), Object(Symfony/Component/Console/Output/ConsoleOutput))
#17 D:/xampp/htdocs/Laravel-Assessment/laravel-assessment/vendor/symfony/console/Application.php(324): Symfony/Component/Console/Application->doRunCommand(Object(Illuminate/Foundation/Console/RouteListCommand), Object(Symfony/Component/Console/Input/ArgvInput), Object(Symfony/Component/Console/Output/ConsoleOutput))
#18 D:/xampp/htdocs/Laravel-Assessment/laravel-assessment/vendor/symfony/console/Application.php(175): Symfony/Component/Console/Application->doRun(Object(Symfony/Component/Console/Input/ArgvInput), Object(Symfony/Component/Console/Output/ConsoleOutput))
#19 D:/xampp/htdocs/Laravel-Assessment/laravel-assessment/vendor/laravel/framework/src/Illuminate/Foundation/Console/Kernel.php(201): Symfony/Component/Console/Application->run(Object(Symfony/Component/Console/Input/ArgvInput), Object(Symfony/Component/Console/Output/ConsoleOutput))
#20 D:/xampp/htdocs/Laravel-Assessment/laravel-assessment/artisan(37): Illuminate/Foundation/Console/Kernel->handle(Object(Symfony/Component/Console/Input/ArgvInput), Object(Symfony/Component/Console/Output/ConsoleOutput))
#21 {main}
"} 
[2026-07-11 09:11:59] local.ERROR: Class "ProductController" does not exist {"exception":"[object] (ReflectionException(code: -1): Class \"ProductController\" does not exist at D:/xampp/htdocs/Laravel-Assessment/laravel-assessment/vendor/laravel/framework/src/Illuminate/Foundation/Console/RouteListCommand.php:225)
[stacktrace]
#0 D:/xampp/htdocs/Laravel-Assessment/laravel-assessment/vendor/laravel/framework/src/Illuminate/Foundation/Console/RouteListCommand.php(225): ReflectionClass->__construct('ProductControll...')
#1 D:/xampp/htdocs/Laravel-Assessment/laravel-assessment/vendor/laravel/framework/src/Illuminate/Foundation/Console/RouteListCommand.php(147): Illuminate/Foundation/Console/RouteListCommand->isVendorRoute(Object(Illuminate/Routing/Route))
#2 D:/xampp/htdocs/Laravel-Assessment/laravel-assessment/vendor/laravel/framework/src/Illuminate/Foundation/Console/RouteListCommand.php(116): Illuminate/Foundation/Console/RouteListCommand->getRouteInformation(Object(Illuminate/Routing/Route))
#3 [internal function]: Illuminate/Foundation/Console/RouteListCommand->Illuminate/Foundation/Console/{closure}(Object(Illuminate/Routing/Route), 21)
#4 D:/xampp/htdocs/Laravel-Assessment/laravel-assessment/vendor/laravel/framework/src/Illuminate/Collections/Arr.php(600): array_map(Object(Closure), Array, Array)
#5 D:/xampp/htdocs/Laravel-Assessment/laravel-assessment/vendor/laravel/framework/src/Illuminate/Collections/Collection.php(778): Illuminate/Support/Arr::map(Array, Object(Closure))
#6 D:/xampp/htdocs/Laravel-Assessment/laravel-assessment/vendor/laravel/framework/src/Illuminate/Foundation/Console/RouteListCommand.php(117): Illuminate/Support/Collection->map(Object(Closure))
#7 D:/xampp/htdocs/Laravel-Assessment/laravel-assessment/vendor/laravel/framework/src/Illuminate/Foundation/Console/RouteListCommand.php(101): Illuminate/Foundation/Console/RouteListCommand->getRoutes()
#8 D:/xampp/htdocs/Laravel-Assessment/laravel-assessment/vendor/laravel/framework/src/Illuminate/Container/BoundMethod.php(36): Illuminate/Foundation/Console/RouteListCommand->handle()
#9 D:/xampp/htdocs/Laravel-Assessment/laravel-assessment/vendor/laravel/framework/src/Illuminate/Container/Util.php(41): Illuminate/Container/BoundMethod::Illuminate/Container/{closure}()
#10 D:/xampp/htdocs/Laravel-Assessment/laravel-assessment/vendor/laravel/framework/src/Illuminate/Container/BoundMethod.php(93): Illuminate/Container/Util::unwrapIfClosure(Object(Closure))
#11 D:/xampp/htdocs/Laravel-Assessment/laravel-assessment/vendor/laravel/framework/src/Illuminate/Container/BoundMethod.php(37): Illuminate/Container/BoundMethod::callBoundMethod(Object(Illuminate/Foundation/Application), Array, Object(Closure))
#12 D:/xampp/htdocs/Laravel-Assessment/laravel-assessment/vendor/laravel/framework/src/Illuminate/Container/Container.php(662): Illuminate/Container/BoundMethod::call(Object(Illuminate/Foundation/Application), Array, Array, NULL)
#13 D:/xampp/htdocs/Laravel-Assessment/laravel-assessment/vendor/laravel/framework/src/Illuminate/Console/Command.php(211): Illuminate/Container/Container->call(Array)
#14 D:/xampp/htdocs/Laravel-Assessment/laravel-assessment/vendor/symfony/console/Command/Command.php(326): Illuminate/Console/Command->execute(Object(Symfony/Component/Console/Input/ArgvInput), Object(Illuminate/Console/OutputStyle))
#15 D:/xampp/htdocs/Laravel-Assessment/laravel-assessment/vendor/laravel/framework/src/Illuminate/Console/Command.php(181): Symfony/Component/Console/Command/Command->run(Object(Symfony/Component/Console/Input/ArgvInput), Object(Illuminate/Console/OutputStyle))
#16 D:/xampp/htdocs/Laravel-Assessment/laravel-assessment/vendor/symfony/console/Application.php(1121): Illuminate/Console/Command->run(Object(Symfony/Component/Console/Input/ArgvInput), Object(Symfony/Component/Console/Output/ConsoleOutput))
#17 D:/xampp/htdocs/Laravel-Assessment/laravel-assessment/vendor/symfony/console/Application.php(324): Symfony/Component/Console/Application->doRunCommand(Object(Illuminate/Foundation/Console/RouteListCommand), Object(Symfony/Component/Console/Input/ArgvInput), Object(Symfony/Component/Console/Output/ConsoleOutput))
#18 D:/xampp/htdocs/Laravel-Assessment/laravel-assessment/vendor/symfony/console/Application.php(175): Symfony/Component/Console/Application->doRun(Object(Symfony/Component/Console/Input/ArgvInput), Object(Symfony/Component/Console/Output/ConsoleOutput))
#19 D:/xampp/htdocs/Laravel-Assessment/laravel-assessment/vendor/laravel/framework/src/Illuminate/Foundation/Console/Kernel.php(201): Symfony/Component/Console/Application->run(Object(Symfony/Component/Console/Input/ArgvInput), Object(Symfony/Component/Console/Output/ConsoleOutput))
#20 D:/xampp/htdocs/Laravel-Assessment/laravel-assessment/artisan(37): Illuminate/Foundation/Console/Kernel->handle(Object(Symfony/Component/Console/Input/ArgvInput), Object(Symfony/Component/Console/Output/ConsoleOutput))
#21 {main}
"} 
[2026-07-11 09:17:40] local.ERROR: The resource owner or authorization server denied the request. {"exception":"[object] (League\\OAuth2\\Server\\Exception\\OAuthServerException(code: 9): The resource owner or authorization server denied the request. at D:/xampp/htdocs/Laravel-Assessment/laravel-assessment/vendor/league/oauth2-server/src/Exception/OAuthServerException.php:243)
[stacktrace]
#0 D:/xampp/htdocs/Laravel-Assessment/laravel-assessment/vendor/league/oauth2-server/src/AuthorizationValidators/BearerTokenValidator.php(126): League/OAuth2/Server/Exception/OAuthServerException::accessDenied('Access token ha...')
#1 D:/xampp/htdocs/Laravel-Assessment/laravel-assessment/vendor/league/oauth2-server/src/ResourceServer.php(84): League/OAuth2/Server/AuthorizationValidators/BearerTokenValidator->validateAuthorization(Object(Nyholm/Psr7/ServerRequest))
#2 D:/xampp/htdocs/Laravel-Assessment/laravel-assessment/vendor/laravel/passport/src/Guards/TokenGuard.php(232): League/OAuth2/Server/ResourceServer->validateAuthenticatedRequest(Object(Nyholm/Psr7/ServerRequest))
#3 D:/xampp/htdocs/Laravel-Assessment/laravel-assessment/vendor/laravel/passport/src/Guards/TokenGuard.php(178): Laravel/Passport/Guards/TokenGuard->getPsrRequestViaBearerToken(Object(Illuminate/Http/Request))
#4 D:/xampp/htdocs/Laravel-Assessment/laravel-assessment/vendor/laravel/passport/src/Guards/TokenGuard.php(120): Laravel/Passport/Guards/TokenGuard->authenticateViaBearerToken(Object(Illuminate/Http/Request))
#5 D:/xampp/htdocs/Laravel-Assessment/laravel-assessment/vendor/laravel/framework/src/Illuminate/Auth/GuardHelpers.php(56): Laravel/Passport/Guards/TokenGuard->user()
#6 D:/xampp/htdocs/Laravel-Assessment/laravel-assessment/vendor/laravel/framework/src/Illuminate/Auth/Middleware/Authenticate.php(76): Laravel/Passport/Guards/TokenGuard->check()
#7 D:/xampp/htdocs/Laravel-Assessment/laravel-assessment/vendor/laravel/framework/src/Illuminate/Auth/Middleware/Authenticate.php(55): Illuminate/Auth/Middleware/Authenticate->authenticate(Object(Illuminate/Http/Request), Array)
#8 D:/xampp/htdocs/Laravel-Assessment/laravel-assessment/vendor/laravel/framework/src/Illuminate/Pipeline/Pipeline.php(183): Illuminate/Auth/Middleware/Authenticate->handle(Object(Illuminate/Http/Request), Object(Closure), 'api')
#9 D:/xampp/htdocs/Laravel-Assessment/laravel-assessment/vendor/laravel/framework/src/Illuminate/Pipeline/Pipeline.php(119): Illuminate/Pipeline/Pipeline->Illuminate/Pipeline/{closure}(Object(Illuminate/Http/Request))
#10 D:/xampp/htdocs/Laravel-Assessment/laravel-assessment/vendor/laravel/framework/src/Illuminate/Routing/Router.php(807): Illuminate/Pipeline/Pipeline->then(Object(Closure))
#11 D:/xampp/htdocs/Laravel-Assessment/laravel-assessment/vendor/laravel/framework/src/Illuminate/Routing/Router.php(784): Illuminate/Routing/Router->runRouteWithinStack(Object(Illuminate/Routing/Route), Object(Illuminate/Http/Request))
#12 D:/xampp/htdocs/Laravel-Assessment/laravel-assessment/vendor/laravel/framework/src/Illuminate/Routing/Router.php(748): Illuminate/Routing/Router->runRoute(Object(Illuminate/Http/Request), Object(Illuminate/Routing/Route))
#13 D:/xampp/htdocs/Laravel-Assessment/laravel-assessment/vendor/laravel/framework/src/Illuminate/Routing/Router.php(737): Illuminate/Routing/Router->dispatchToRoute(Object(Illuminate/Http/Request))
#14 D:/xampp/htdocs/Laravel-Assessment/laravel-assessment/vendor/laravel/framework/src/Illuminate/Foundation/Http/Kernel.php(200): Illuminate/Routing/Router->dispatch(Object(Illuminate/Http/Request))
#15 D:/xampp/htdocs/Laravel-Assessment/laravel-assessment/vendor/laravel/framework/src/Illuminate/Pipeline/Pipeline.php(144): Illuminate/Foundation/Http/Kernel->Illuminate/Foundation/Http/{closure}(Object(Illuminate/Http/Request))
#16 D:/xampp/htdocs/Laravel-Assessment/laravel-assessment/vendor/laravel/framework/src/Illuminate/Foundation/Http/Middleware/TransformsRequest.php(21): Illuminate/Pipeline/Pipeline->Illuminate/Pipeline/{closure}(Object(Illuminate/Http/Request))
#17 D:/xampp/htdocs/Laravel-Assessment/laravel-assessment/vendor/laravel/framework/src/Illuminate/Foundation/Http/Middleware/ConvertEmptyStringsToNull.php(31): Illuminate/Foundation/Http/Middleware/TransformsRequest->handle(Object(Illuminate/Http/Request), Object(Closure))
#18 D:/xampp/htdocs/Laravel-Assessment/laravel-assessment/vendor/laravel/framework/src/Illuminate/Pipeline/Pipeline.php(183): Illuminate/Foundation/Http/Middleware/ConvertEmptyStringsToNull->handle(Object(Illuminate/Http/Request), Object(Closure))
#19 D:/xampp/htdocs/Laravel-Assessment/laravel-assessment/vendor/laravel/framework/src/Illuminate/Foundation/Http/Middleware/TransformsRequest.php(21): Illuminate/Pipeline/Pipeline->Illuminate/Pipeline/{closure}(Object(Illuminate/Http/Request))
#20 D:/xampp/htdocs/Laravel-Assessment/laravel-assessment/vendor/laravel/framework/src/Illuminate/Foundation/Http/Middleware/TrimStrings.php(40): Illuminate/Foundation/Http/Middleware/TransformsRequest->handle(Object(Illuminate/Http/Request), Object(Closure))
#21 D:/xampp/htdocs/Laravel-Assessment/laravel-assessment/vendor/laravel/framework/src/Illuminate/Pipeline/Pipeline.php(183): Illuminate/Foundation/Http/Middleware/TrimStrings->handle(Object(Illuminate/Http/Request), Object(Closure))
#22 D:/xampp/htdocs/Laravel-Assessment/laravel-assessment/vendor/laravel/framework/src/Illuminate/Foundation/Http/Middleware/ValidatePostSize.php(27): Illuminate/Pipeline/Pipeline->Illuminate/Pipeline/{closure}(Object(Illuminate/Http/Request))
#23 D:/xampp/htdocs/Laravel-Assessment/laravel-assessment/vendor/laravel/framework/src/Illuminate/Pipeline/Pipeline.php(183): Illuminate/Foundation/Http/Middleware/ValidatePostSize->handle(Object(Illuminate/Http/Request), Object(Closure))
#24 D:/xampp/htdocs/Laravel-Assessment/laravel-assessment/vendor/laravel/framework/src/Illuminate/Foundation/Http/Middleware/PreventRequestsDuringMaintenance.php(99): Illuminate/Pipeline/Pipeline->Illuminate/Pipeline/{closure}(Object(Illuminate/Http/Request))
#25 D:/xampp/htdocs/Laravel-Assessment/laravel-assessment/vendor/laravel/framework/src/Illuminate/Pipeline/Pipeline.php(183): Illuminate/Foundation/Http/Middleware/PreventRequestsDuringMaintenance->handle(Object(Illuminate/Http/Request), Object(Closure))
#26 D:/xampp/htdocs/Laravel-Assessment/laravel-assessment/vendor/laravel/framework/src/Illuminate/Http/Middleware/HandleCors.php(62): Illuminate/Pipeline/Pipeline->Illuminate/Pipeline/{closure}(Object(Illuminate/Http/Request))
#27 D:/xampp/htdocs/Laravel-Assessment/laravel-assessment/vendor/laravel/framework/src/Illuminate/Pipeline/Pipeline.php(183): Illuminate/Http/Middleware/HandleCors->handle(Object(Illuminate/Http/Request), Object(Closure))
#28 D:/xampp/htdocs/Laravel-Assessment/laravel-assessment/vendor/laravel/framework/src/Illuminate/Http/Middleware/TrustProxies.php(39): Illuminate/Pipeline/Pipeline->Illuminate/Pipeline/{closure}(Object(Illuminate/Http/Request))
#29 D:/xampp/htdocs/Laravel-Assessment/laravel-assessment/vendor/laravel/framework/src/Illuminate/Pipeline/Pipeline.php(183): Illuminate/Http/Middleware/TrustProxies->handle(Object(Illuminate/Http/Request), Object(Closure))
#30 D:/xampp/htdocs/Laravel-Assessment/laravel-assessment/vendor/laravel/framework/src/Illuminate/Pipeline/Pipeline.php(119): Illuminate/Pipeline/Pipeline->Illuminate/Pipeline/{closure}(Object(Illuminate/Http/Request))
#31 D:/xampp/htdocs/Laravel-Assessment/laravel-assessment/vendor/laravel/framework/src/Illuminate/Foundation/Http/Kernel.php(175): Illuminate/Pipeline/Pipeline->then(Object(Closure))
#32 D:/xampp/htdocs/Laravel-Assessment/laravel-assessment/vendor/laravel/framework/src/Illuminate/Foundation/Http/Kernel.php(144): Illuminate/Foundation/Http/Kernel->sendRequestThroughRouter(Object(Illuminate/Http/Request))
#33 D:/xampp/htdocs/Laravel-Assessment/laravel-assessment/public/index.php(52): Illuminate/Foundation/Http/Kernel->handle(Object(Illuminate/Http/Request))
#34 D:/xampp/htdocs/Laravel-Assessment/laravel-assessment/vendor/laravel/framework/src/Illuminate/Foundation/resources/server.php(16): require_once('D://xampp//htdocs...')
#35 {main}
"} 
[2026-07-11 09:17:40] local.ERROR: Route [login] not defined. {"exception":"[object] (Symfony\\Component\\Routing\\Exception\\RouteNotFoundException(code: 0): Route [login] not defined. at D:/xampp/htdocs/Laravel-Assessment/laravel-assessment/vendor/laravel/framework/src/Illuminate/Routing/UrlGenerator.php:477)
[stacktrace]
#0 D:/xampp/htdocs/Laravel-Assessment/laravel-assessment/vendor/laravel/framework/src/Illuminate/Foundation/helpers.php(811): Illuminate/Routing/UrlGenerator->route('login', Array, true)
#1 D:/xampp/htdocs/Laravel-Assessment/laravel-assessment/app/Http/Middleware/Authenticate.php(15): route('login')
#2 D:/xampp/htdocs/Laravel-Assessment/laravel-assessment/vendor/laravel/framework/src/Illuminate/Auth/Middleware/Authenticate.php(96): App/Http/Middleware/Authenticate->redirectTo(Object(Illuminate/Http/Request))
#3 D:/xampp/htdocs/Laravel-Assessment/laravel-assessment/vendor/laravel/framework/src/Illuminate/Auth/Middleware/Authenticate.php(81): Illuminate/Auth/Middleware/Authenticate->unauthenticated(Object(Illuminate/Http/Request), Array)
#4 D:/xampp/htdocs/Laravel-Assessment/laravel-assessment/vendor/laravel/framework/src/Illuminate/Auth/Middleware/Authenticate.php(55): Illuminate/Auth/Middleware/Authenticate->authenticate(Object(Illuminate/Http/Request), Array)
#5 D:/xampp/htdocs/Laravel-Assessment/laravel-assessment/vendor/laravel/framework/src/Illuminate/Pipeline/Pipeline.php(183): Illuminate/Auth/Middleware/Authenticate->handle(Object(Illuminate/Http/Request), Object(Closure), 'api')
#6 D:/xampp/htdocs/Laravel-Assessment/laravel-assessment/vendor/laravel/framework/src/Illuminate/Pipeline/Pipeline.php(119): Illuminate/Pipeline/Pipeline->Illuminate/Pipeline/{closure}(Object(Illuminate/Http/Request))
#7 D:/xampp/htdocs/Laravel-Assessment/laravel-assessment/vendor/laravel/framework/src/Illuminate/Routing/Router.php(807): Illuminate/Pipeline/Pipeline->then(Object(Closure))
#8 D:/xampp/htdocs/Laravel-Assessment/laravel-assessment/vendor/laravel/framework/src/Illuminate/Routing/Router.php(784): Illuminate/Routing/Router->runRouteWithinStack(Object(Illuminate/Routing/Route), Object(Illuminate/Http/Request))
#9 D:/xampp/htdocs/Laravel-Assessment/laravel-assessment/vendor/laravel/framework/src/Illuminate/Routing/Router.php(748): Illuminate/Routing/Router->runRoute(Object(Illuminate/Http/Request), Object(Illuminate/Routing/Route))
#10 D:/xampp/htdocs/Laravel-Assessment/laravel-assessment/vendor/laravel/framework/src/Illuminate/Routing/Router.php(737): Illuminate/Routing/Router->dispatchToRoute(Object(Illuminate/Http/Request))
#11 D:/xampp/htdocs/Laravel-Assessment/laravel-assessment/vendor/laravel/framework/src/Illuminate/Foundation/Http/Kernel.php(200): Illuminate/Routing/Router->dispatch(Object(Illuminate/Http/Request))
#12 D:/xampp/htdocs/Laravel-Assessment/laravel-assessment/vendor/laravel/framework/src/Illuminate/Pipeline/Pipeline.php(144): Illuminate/Foundation/Http/Kernel->Illuminate/Foundation/Http/{closure}(Object(Illuminate/Http/Request))
#13 D:/xampp/htdocs/Laravel-Assessment/laravel-assessment/vendor/laravel/framework/src/Illuminate/Foundation/Http/Middleware/TransformsRequest.php(21): Illuminate/Pipeline/Pipeline->Illuminate/Pipeline/{closure}(Object(Illuminate/Http/Request))
#14 D:/xampp/htdocs/Laravel-Assessment/laravel-assessment/vendor/laravel/framework/src/Illuminate/Foundation/Http/Middleware/ConvertEmptyStringsToNull.php(31): Illuminate/Foundation/Http/Middleware/TransformsRequest->handle(Object(Illuminate/Http/Request), Object(Closure))
#15 D:/xampp/htdocs/Laravel-Assessment/laravel-assessment/vendor/laravel/framework/src/Illuminate/Pipeline/Pipeline.php(183): Illuminate/Foundation/Http/Middleware/ConvertEmptyStringsToNull->handle(Object(Illuminate/Http/Request), Object(Closure))
#16 D:/xampp/htdocs/Laravel-Assessment/laravel-assessment/vendor/laravel/framework/src/Illuminate/Foundation/Http/Middleware/TransformsRequest.php(21): Illuminate/Pipeline/Pipeline->Illuminate/Pipeline/{closure}(Object(Illuminate/Http/Request))
#17 D:/xampp/htdocs/Laravel-Assessment/laravel-assessment/vendor/laravel/framework/src/Illuminate/Foundation/Http/Middleware/TrimStrings.php(40): Illuminate/Foundation/Http/Middleware/TransformsRequest->handle(Object(Illuminate/Http/Request), Object(Closure))
#18 D:/xampp/htdocs/Laravel-Assessment/laravel-assessment/vendor/laravel/framework/src/Illuminate/Pipeline/Pipeline.php(183): Illuminate/Foundation/Http/Middleware/TrimStrings->handle(Object(Illuminate/Http/Request), Object(Closure))
#19 D:/xampp/htdocs/Laravel-Assessment/laravel-assessment/vendor/laravel/framework/src/Illuminate/Foundation/Http/Middleware/ValidatePostSize.php(27): Illuminate/Pipeline/Pipeline->Illuminate/Pipeline/{closure}(Object(Illuminate/Http/Request))
#20 D:/xampp/htdocs/Laravel-Assessment/laravel-assessment/vendor/laravel/framework/src/Illuminate/Pipeline/Pipeline.php(183): Illuminate/Foundation/Http/Middleware/ValidatePostSize->handle(Object(Illuminate/Http/Request), Object(Closure))
#21 D:/xampp/htdocs/Laravel-Assessment/laravel-assessment/vendor/laravel/framework/src/Illuminate/Foundation/Http/Middleware/PreventRequestsDuringMaintenance.php(99): Illuminate/Pipeline/Pipeline->Illuminate/Pipeline/{closure}(Object(Illuminate/Http/Request))
#22 D:/xampp/htdocs/Laravel-Assessment/laravel-assessment/vendor/laravel/framework/src/Illuminate/Pipeline/Pipeline.php(183): Illuminate/Foundation/Http/Middleware/PreventRequestsDuringMaintenance->handle(Object(Illuminate/Http/Request), Object(Closure))
#23 D:/xampp/htdocs/Laravel-Assessment/laravel-assessment/vendor/laravel/framework/src/Illuminate/Http/Middleware/HandleCors.php(62): Illuminate/Pipeline/Pipeline->Illuminate/Pipeline/{closure}(Object(Illuminate/Http/Request))
#24 D:/xampp/htdocs/Laravel-Assessment/laravel-assessment/vendor/laravel/framework/src/Illuminate/Pipeline/Pipeline.php(183): Illuminate/Http/Middleware/HandleCors->handle(Object(Illuminate/Http/Request), Object(Closure))
#25 D:/xampp/htdocs/Laravel-Assessment/laravel-assessment/vendor/laravel/framework/src/Illuminate/Http/Middleware/TrustProxies.php(39): Illuminate/Pipeline/Pipeline->Illuminate/Pipeline/{closure}(Object(Illuminate/Http/Request))
#26 D:/xampp/htdocs/Laravel-Assessment/laravel-assessment/vendor/laravel/framework/src/Illuminate/Pipeline/Pipeline.php(183): Illuminate/Http/Middleware/TrustProxies->handle(Object(Illuminate/Http/Request), Object(Closure))
#27 D:/xampp/htdocs/Laravel-Assessment/laravel-assessment/vendor/laravel/framework/src/Illuminate/Pipeline/Pipeline.php(119): Illuminate/Pipeline/Pipeline->Illuminate/Pipeline/{closure}(Object(Illuminate/Http/Request))
#28 D:/xampp/htdocs/Laravel-Assessment/laravel-assessment/vendor/laravel/framework/src/Illuminate/Foundation/Http/Kernel.php(175): Illuminate/Pipeline/Pipeline->then(Object(Closure))
#29 D:/xampp/htdocs/Laravel-Assessment/laravel-assessment/vendor/laravel/framework/src/Illuminate/Foundation/Http/Kernel.php(144): Illuminate/Foundation/Http/Kernel->sendRequestThroughRouter(Object(Illuminate/Http/Request))
#30 D:/xampp/htdocs/Laravel-Assessment/laravel-assessment/public/index.php(52): Illuminate/Foundation/Http/Kernel->handle(Object(Illuminate/Http/Request))
#31 D:/xampp/htdocs/Laravel-Assessment/laravel-assessment/vendor/laravel/framework/src/Illuminate/Foundation/resources/server.php(16): require_once('D://xampp//htdocs...')
#32 {main}
"} 
[2026-07-11 09:19:11] local.ERROR: Class "ProductController" does not exist {"exception":"[object] (ReflectionException(code: -1): Class \"ProductController\" does not exist at D:/xampp/htdocs/Laravel-Assessment/laravel-assessment/vendor/laravel/framework/src/Illuminate/Foundation/Console/RouteListCommand.php:225)
[stacktrace]
#0 D:/xampp/htdocs/Laravel-Assessment/laravel-assessment/vendor/laravel/framework/src/Illuminate/Foundation/Console/RouteListCommand.php(225): ReflectionClass->__construct('ProductControll...')
#1 D:/xampp/htdocs/Laravel-Assessment/laravel-assessment/vendor/laravel/framework/src/Illuminate/Foundation/Console/RouteListCommand.php(147): Illuminate/Foundation/Console/RouteListCommand->isVendorRoute(Object(Illuminate/Routing/Route))
#2 D:/xampp/htdocs/Laravel-Assessment/laravel-assessment/vendor/laravel/framework/src/Illuminate/Foundation/Console/RouteListCommand.php(116): Illuminate/Foundation/Console/RouteListCommand->getRouteInformation(Object(Illuminate/Routing/Route))
#3 [internal function]: Illuminate/Foundation/Console/RouteListCommand->Illuminate/Foundation/Console/{closure}(Object(Illuminate/Routing/Route), 21)
#4 D:/xampp/htdocs/Laravel-Assessment/laravel-assessment/vendor/laravel/framework/src/Illuminate/Collections/Arr.php(600): array_map(Object(Closure), Array, Array)
#5 D:/xampp/htdocs/Laravel-Assessment/laravel-assessment/vendor/laravel/framework/src/Illuminate/Collections/Collection.php(778): Illuminate/Support/Arr::map(Array, Object(Closure))
#6 D:/xampp/htdocs/Laravel-Assessment/laravel-assessment/vendor/laravel/framework/src/Illuminate/Foundation/Console/RouteListCommand.php(117): Illuminate/Support/Collection->map(Object(Closure))
#7 D:/xampp/htdocs/Laravel-Assessment/laravel-assessment/vendor/laravel/framework/src/Illuminate/Foundation/Console/RouteListCommand.php(101): Illuminate/Foundation/Console/RouteListCommand->getRoutes()
#8 D:/xampp/htdocs/Laravel-Assessment/laravel-assessment/vendor/laravel/framework/src/Illuminate/Container/BoundMethod.php(36): Illuminate/Foundation/Console/RouteListCommand->handle()
#9 D:/xampp/htdocs/Laravel-Assessment/laravel-assessment/vendor/laravel/framework/src/Illuminate/Container/Util.php(41): Illuminate/Container/BoundMethod::Illuminate/Container/{closure}()
#10 D:/xampp/htdocs/Laravel-Assessment/laravel-assessment/vendor/laravel/framework/src/Illuminate/Container/BoundMethod.php(93): Illuminate/Container/Util::unwrapIfClosure(Object(Closure))
#11 D:/xampp/htdocs/Laravel-Assessment/laravel-assessment/vendor/laravel/framework/src/Illuminate/Container/BoundMethod.php(37): Illuminate/Container/BoundMethod::callBoundMethod(Object(Illuminate/Foundation/Application), Array, Object(Closure))
#12 D:/xampp/htdocs/Laravel-Assessment/laravel-assessment/vendor/laravel/framework/src/Illuminate/Container/Container.php(662): Illuminate/Container/BoundMethod::call(Object(Illuminate/Foundation/Application), Array, Array, NULL)
#13 D:/xampp/htdocs/Laravel-Assessment/laravel-assessment/vendor/laravel/framework/src/Illuminate/Console/Command.php(211): Illuminate/Container/Container->call(Array)
#14 D:/xampp/htdocs/Laravel-Assessment/laravel-assessment/vendor/symfony/console/Command/Command.php(326): Illuminate/Console/Command->execute(Object(Symfony/Component/Console/Input/ArgvInput), Object(Illuminate/Console/OutputStyle))
#15 D:/xampp/htdocs/Laravel-Assessment/laravel-assessment/vendor/laravel/framework/src/Illuminate/Console/Command.php(181): Symfony/Component/Console/Command/Command->run(Object(Symfony/Component/Console/Input/ArgvInput), Object(Illuminate/Console/OutputStyle))
#16 D:/xampp/htdocs/Laravel-Assessment/laravel-assessment/vendor/symfony/console/Application.php(1121): Illuminate/Console/Command->run(Object(Symfony/Component/Console/Input/ArgvInput), Object(Symfony/Component/Console/Output/ConsoleOutput))
#17 D:/xampp/htdocs/Laravel-Assessment/laravel-assessment/vendor/symfony/console/Application.php(324): Symfony/Component/Console/Application->doRunCommand(Object(Illuminate/Foundation/Console/RouteListCommand), Object(Symfony/Component/Console/Input/ArgvInput), Object(Symfony/Component/Console/Output/ConsoleOutput))
#18 D:/xampp/htdocs/Laravel-Assessment/laravel-assessment/vendor/symfony/console/Application.php(175): Symfony/Component/Console/Application->doRun(Object(Symfony/Component/Console/Input/ArgvInput), Object(Symfony/Component/Console/Output/ConsoleOutput))
#19 D:/xampp/htdocs/Laravel-Assessment/laravel-assessment/vendor/laravel/framework/src/Illuminate/Foundation/Console/Kernel.php(201): Symfony/Component/Console/Application->run(Object(Symfony/Component/Console/Input/ArgvInput), Object(Symfony/Component/Console/Output/ConsoleOutput))
#20 D:/xampp/htdocs/Laravel-Assessment/laravel-assessment/artisan(37): Illuminate/Foundation/Console/Kernel->handle(Object(Symfony/Component/Console/Input/ArgvInput), Object(Symfony/Component/Console/Output/ConsoleOutput))
#21 {main}
"} 
[2026-07-11 09:19:13] local.ERROR: Class "ProductController" does not exist {"exception":"[object] (ReflectionException(code: -1): Class \"ProductController\" does not exist at D:/xampp/htdocs/Laravel-Assessment/laravel-assessment/vendor/laravel/framework/src/Illuminate/Foundation/Console/RouteListCommand.php:225)
[stacktrace]
#0 D:/xampp/htdocs/Laravel-Assessment/laravel-assessment/vendor/laravel/framework/src/Illuminate/Foundation/Console/RouteListCommand.php(225): ReflectionClass->__construct('ProductControll...')
#1 D:/xampp/htdocs/Laravel-Assessment/laravel-assessment/vendor/laravel/framework/src/Illuminate/Foundation/Console/RouteListCommand.php(147): Illuminate/Foundation/Console/RouteListCommand->isVendorRoute(Object(Illuminate/Routing/Route))
#2 D:/xampp/htdocs/Laravel-Assessment/laravel-assessment/vendor/laravel/framework/src/Illuminate/Foundation/Console/RouteListCommand.php(116): Illuminate/Foundation/Console/RouteListCommand->getRouteInformation(Object(Illuminate/Routing/Route))
#3 [internal function]: Illuminate/Foundation/Console/RouteListCommand->Illuminate/Foundation/Console/{closure}(Object(Illuminate/Routing/Route), 21)
#4 D:/xampp/htdocs/Laravel-Assessment/laravel-assessment/vendor/laravel/framework/src/Illuminate/Collections/Arr.php(600): array_map(Object(Closure), Array, Array)
#5 D:/xampp/htdocs/Laravel-Assessment/laravel-assessment/vendor/laravel/framework/src/Illuminate/Collections/Collection.php(778): Illuminate/Support/Arr::map(Array, Object(Closure))
#6 D:/xampp/htdocs/Laravel-Assessment/laravel-assessment/vendor/laravel/framework/src/Illuminate/Foundation/Console/RouteListCommand.php(117): Illuminate/Support/Collection->map(Object(Closure))
#7 D:/xampp/htdocs/Laravel-Assessment/laravel-assessment/vendor/laravel/framework/src/Illuminate/Foundation/Console/RouteListCommand.php(101): Illuminate/Foundation/Console/RouteListCommand->getRoutes()
#8 D:/xampp/htdocs/Laravel-Assessment/laravel-assessment/vendor/laravel/framework/src/Illuminate/Container/BoundMethod.php(36): Illuminate/Foundation/Console/RouteListCommand->handle()
#9 D:/xampp/htdocs/Laravel-Assessment/laravel-assessment/vendor/laravel/framework/src/Illuminate/Container/Util.php(41): Illuminate/Container/BoundMethod::Illuminate/Container/{closure}()
#10 D:/xampp/htdocs/Laravel-Assessment/laravel-assessment/vendor/laravel/framework/src/Illuminate/Container/BoundMethod.php(93): Illuminate/Container/Util::unwrapIfClosure(Object(Closure))
#11 D:/xampp/htdocs/Laravel-Assessment/laravel-assessment/vendor/laravel/framework/src/Illuminate/Container/BoundMethod.php(37): Illuminate/Container/BoundMethod::callBoundMethod(Object(Illuminate/Foundation/Application), Array, Object(Closure))
#12 D:/xampp/htdocs/Laravel-Assessment/laravel-assessment/vendor/laravel/framework/src/Illuminate/Container/Container.php(662): Illuminate/Container/BoundMethod::call(Object(Illuminate/Foundation/Application), Array, Array, NULL)
#13 D:/xampp/htdocs/Laravel-Assessment/laravel-assessment/vendor/laravel/framework/src/Illuminate/Console/Command.php(211): Illuminate/Container/Container->call(Array)
#14 D:/xampp/htdocs/Laravel-Assessment/laravel-assessment/vendor/symfony/console/Command/Command.php(326): Illuminate/Console/Command->execute(Object(Symfony/Component/Console/Input/ArgvInput), Object(Illuminate/Console/OutputStyle))
#15 D:/xampp/htdocs/Laravel-Assessment/laravel-assessment/vendor/laravel/framework/src/Illuminate/Console/Command.php(181): Symfony/Component/Console/Command/Command->run(Object(Symfony/Component/Console/Input/ArgvInput), Object(Illuminate/Console/OutputStyle))
#16 D:/xampp/htdocs/Laravel-Assessment/laravel-assessment/vendor/symfony/console/Application.php(1121): Illuminate/Console/Command->run(Object(Symfony/Component/Console/Input/ArgvInput), Object(Symfony/Component/Console/Output/ConsoleOutput))
#17 D:/xampp/htdocs/Laravel-Assessment/laravel-assessment/vendor/symfony/console/Application.php(324): Symfony/Component/Console/Application->doRunCommand(Object(Illuminate/Foundation/Console/RouteListCommand), Object(Symfony/Component/Console/Input/ArgvInput), Object(Symfony/Component/Console/Output/ConsoleOutput))
#18 D:/xampp/htdocs/Laravel-Assessment/laravel-assessment/vendor/symfony/console/Application.php(175): Symfony/Component/Console/Application->doRun(Object(Symfony/Component/Console/Input/ArgvInput), Object(Symfony/Component/Console/Output/ConsoleOutput))
#19 D:/xampp/htdocs/Laravel-Assessment/laravel-assessment/vendor/laravel/framework/src/Illuminate/Foundation/Console/Kernel.php(201): Symfony/Component/Console/Application->run(Object(Symfony/Component/Console/Input/ArgvInput), Object(Symfony/Component/Console/Output/ConsoleOutput))
#20 D:/xampp/htdocs/Laravel-Assessment/laravel-assessment/artisan(37): Illuminate/Foundation/Console/Kernel->handle(Object(Symfony/Component/Console/Input/ArgvInput), Object(Symfony/Component/Console/Output/ConsoleOutput))
#21 {main}
"} 
[2026-07-11 09:19:21] local.ERROR: The resource owner or authorization server denied the request. {"exception":"[object] (League\\OAuth2\\Server\\Exception\\OAuthServerException(code: 9): The resource owner or authorization server denied the request. at D:/xampp/htdocs/Laravel-Assessment/laravel-assessment/vendor/league/oauth2-server/src/Exception/OAuthServerException.php:243)
[stacktrace]
#0 D:/xampp/htdocs/Laravel-Assessment/laravel-assessment/vendor/league/oauth2-server/src/AuthorizationValidators/BearerTokenValidator.php(126): League/OAuth2/Server/Exception/OAuthServerException::accessDenied('Access token ha...')
#1 D:/xampp/htdocs/Laravel-Assessment/laravel-assessment/vendor/league/oauth2-server/src/ResourceServer.php(84): League/OAuth2/Server/AuthorizationValidators/BearerTokenValidator->validateAuthorization(Object(Nyholm/Psr7/ServerRequest))
#2 D:/xampp/htdocs/Laravel-Assessment/laravel-assessment/vendor/laravel/passport/src/Guards/TokenGuard.php(232): League/OAuth2/Server/ResourceServer->validateAuthenticatedRequest(Object(Nyholm/Psr7/ServerRequest))
#3 D:/xampp/htdocs/Laravel-Assessment/laravel-assessment/vendor/laravel/passport/src/Guards/TokenGuard.php(178): Laravel/Passport/Guards/TokenGuard->getPsrRequestViaBearerToken(Object(Illuminate/Http/Request))
#4 D:/xampp/htdocs/Laravel-Assessment/laravel-assessment/vendor/laravel/passport/src/Guards/TokenGuard.php(120): Laravel/Passport/Guards/TokenGuard->authenticateViaBearerToken(Object(Illuminate/Http/Request))
#5 D:/xampp/htdocs/Laravel-Assessment/laravel-assessment/vendor/laravel/framework/src/Illuminate/Auth/GuardHelpers.php(56): Laravel/Passport/Guards/TokenGuard->user()
#6 D:/xampp/htdocs/Laravel-Assessment/laravel-assessment/vendor/laravel/framework/src/Illuminate/Auth/Middleware/Authenticate.php(76): Laravel/Passport/Guards/TokenGuard->check()
#7 D:/xampp/htdocs/Laravel-Assessment/laravel-assessment/vendor/laravel/framework/src/Illuminate/Auth/Middleware/Authenticate.php(55): Illuminate/Auth/Middleware/Authenticate->authenticate(Object(Illuminate/Http/Request), Array)
#8 D:/xampp/htdocs/Laravel-Assessment/laravel-assessment/vendor/laravel/framework/src/Illuminate/Pipeline/Pipeline.php(183): Illuminate/Auth/Middleware/Authenticate->handle(Object(Illuminate/Http/Request), Object(Closure), 'api')
#9 D:/xampp/htdocs/Laravel-Assessment/laravel-assessment/vendor/laravel/framework/src/Illuminate/Pipeline/Pipeline.php(119): Illuminate/Pipeline/Pipeline->Illuminate/Pipeline/{closure}(Object(Illuminate/Http/Request))
#10 D:/xampp/htdocs/Laravel-Assessment/laravel-assessment/vendor/laravel/framework/src/Illuminate/Routing/Router.php(807): Illuminate/Pipeline/Pipeline->then(Object(Closure))
#11 D:/xampp/htdocs/Laravel-Assessment/laravel-assessment/vendor/laravel/framework/src/Illuminate/Routing/Router.php(784): Illuminate/Routing/Router->runRouteWithinStack(Object(Illuminate/Routing/Route), Object(Illuminate/Http/Request))
#12 D:/xampp/htdocs/Laravel-Assessment/laravel-assessment/vendor/laravel/framework/src/Illuminate/Routing/Router.php(748): Illuminate/Routing/Router->runRoute(Object(Illuminate/Http/Request), Object(Illuminate/Routing/Route))
#13 D:/xampp/htdocs/Laravel-Assessment/laravel-assessment/vendor/laravel/framework/src/Illuminate/Routing/Router.php(737): Illuminate/Routing/Router->dispatchToRoute(Object(Illuminate/Http/Request))
#14 D:/xampp/htdocs/Laravel-Assessment/laravel-assessment/vendor/laravel/framework/src/Illuminate/Foundation/Http/Kernel.php(200): Illuminate/Routing/Router->dispatch(Object(Illuminate/Http/Request))
#15 D:/xampp/htdocs/Laravel-Assessment/laravel-assessment/vendor/laravel/framework/src/Illuminate/Pipeline/Pipeline.php(144): Illuminate/Foundation/Http/Kernel->Illuminate/Foundation/Http/{closure}(Object(Illuminate/Http/Request))
#16 D:/xampp/htdocs/Laravel-Assessment/laravel-assessment/vendor/laravel/framework/src/Illuminate/Foundation/Http/Middleware/TransformsRequest.php(21): Illuminate/Pipeline/Pipeline->Illuminate/Pipeline/{closure}(Object(Illuminate/Http/Request))
#17 D:/xampp/htdocs/Laravel-Assessment/laravel-assessment/vendor/laravel/framework/src/Illuminate/Foundation/Http/Middleware/ConvertEmptyStringsToNull.php(31): Illuminate/Foundation/Http/Middleware/TransformsRequest->handle(Object(Illuminate/Http/Request), Object(Closure))
#18 D:/xampp/htdocs/Laravel-Assessment/laravel-assessment/vendor/laravel/framework/src/Illuminate/Pipeline/Pipeline.php(183): Illuminate/Foundation/Http/Middleware/ConvertEmptyStringsToNull->handle(Object(Illuminate/Http/Request), Object(Closure))
#19 D:/xampp/htdocs/Laravel-Assessment/laravel-assessment/vendor/laravel/framework/src/Illuminate/Foundation/Http/Middleware/TransformsRequest.php(21): Illuminate/Pipeline/Pipeline->Illuminate/Pipeline/{closure}(Object(Illuminate/Http/Request))
#20 D:/xampp/htdocs/Laravel-Assessment/laravel-assessment/vendor/laravel/framework/src/Illuminate/Foundation/Http/Middleware/TrimStrings.php(40): Illuminate/Foundation/Http/Middleware/TransformsRequest->handle(Object(Illuminate/Http/Request), Object(Closure))
#21 D:/xampp/htdocs/Laravel-Assessment/laravel-assessment/vendor/laravel/framework/src/Illuminate/Pipeline/Pipeline.php(183): Illuminate/Foundation/Http/Middleware/TrimStrings->handle(Object(Illuminate/Http/Request), Object(Closure))
#22 D:/xampp/htdocs/Laravel-Assessment/laravel-assessment/vendor/laravel/framework/src/Illuminate/Foundation/Http/Middleware/ValidatePostSize.php(27): Illuminate/Pipeline/Pipeline->Illuminate/Pipeline/{closure}(Object(Illuminate/Http/Request))
#23 D:/xampp/htdocs/Laravel-Assessment/laravel-assessment/vendor/laravel/framework/src/Illuminate/Pipeline/Pipeline.php(183): Illuminate/Foundation/Http/Middleware/ValidatePostSize->handle(Object(Illuminate/Http/Request), Object(Closure))
#24 D:/xampp/htdocs/Laravel-Assessment/laravel-assessment/vendor/laravel/framework/src/Illuminate/Foundation/Http/Middleware/PreventRequestsDuringMaintenance.php(99): Illuminate/Pipeline/Pipeline->Illuminate/Pipeline/{closure}(Object(Illuminate/Http/Request))
#25 D:/xampp/htdocs/Laravel-Assessment/laravel-assessment/vendor/laravel/framework/src/Illuminate/Pipeline/Pipeline.php(183): Illuminate/Foundation/Http/Middleware/PreventRequestsDuringMaintenance->handle(Object(Illuminate/Http/Request), Object(Closure))
#26 D:/xampp/htdocs/Laravel-Assessment/laravel-assessment/vendor/laravel/framework/src/Illuminate/Http/Middleware/HandleCors.php(62): Illuminate/Pipeline/Pipeline->Illuminate/Pipeline/{closure}(Object(Illuminate/Http/Request))
#27 D:/xampp/htdocs/Laravel-Assessment/laravel-assessment/vendor/laravel/framework/src/Illuminate/Pipeline/Pipeline.php(183): Illuminate/Http/Middleware/HandleCors->handle(Object(Illuminate/Http/Request), Object(Closure))
#28 D:/xampp/htdocs/Laravel-Assessment/laravel-assessment/vendor/laravel/framework/src/Illuminate/Http/Middleware/TrustProxies.php(39): Illuminate/Pipeline/Pipeline->Illuminate/Pipeline/{closure}(Object(Illuminate/Http/Request))
#29 D:/xampp/htdocs/Laravel-Assessment/laravel-assessment/vendor/laravel/framework/src/Illuminate/Pipeline/Pipeline.php(183): Illuminate/Http/Middleware/TrustProxies->handle(Object(Illuminate/Http/Request), Object(Closure))
#30 D:/xampp/htdocs/Laravel-Assessment/laravel-assessment/vendor/laravel/framework/src/Illuminate/Pipeline/Pipeline.php(119): Illuminate/Pipeline/Pipeline->Illuminate/Pipeline/{closure}(Object(Illuminate/Http/Request))
#31 D:/xampp/htdocs/Laravel-Assessment/laravel-assessment/vendor/laravel/framework/src/Illuminate/Foundation/Http/Kernel.php(175): Illuminate/Pipeline/Pipeline->then(Object(Closure))
#32 D:/xampp/htdocs/Laravel-Assessment/laravel-assessment/vendor/laravel/framework/src/Illuminate/Foundation/Http/Kernel.php(144): Illuminate/Foundation/Http/Kernel->sendRequestThroughRouter(Object(Illuminate/Http/Request))
#33 D:/xampp/htdocs/Laravel-Assessment/laravel-assessment/public/index.php(52): Illuminate/Foundation/Http/Kernel->handle(Object(Illuminate/Http/Request))
#34 D:/xampp/htdocs/Laravel-Assessment/laravel-assessment/vendor/laravel/framework/src/Illuminate/Foundation/resources/server.php(16): require_once('D://xampp//htdocs...')
#35 {main}
"} 
[2026-07-11 09:19:21] local.ERROR: Route [login] not defined. {"exception":"[object] (Symfony\\Component\\Routing\\Exception\\RouteNotFoundException(code: 0): Route [login] not defined. at D:/xampp/htdocs/Laravel-Assessment/laravel-assessment/vendor/laravel/framework/src/Illuminate/Routing/UrlGenerator.php:477)
[stacktrace]
#0 D:/xampp/htdocs/Laravel-Assessment/laravel-assessment/vendor/laravel/framework/src/Illuminate/Foundation/helpers.php(811): Illuminate/Routing/UrlGenerator->route('login', Array, true)
#1 D:/xampp/htdocs/Laravel-Assessment/laravel-assessment/app/Http/Middleware/Authenticate.php(15): route('login')
#2 D:/xampp/htdocs/Laravel-Assessment/laravel-assessment/vendor/laravel/framework/src/Illuminate/Auth/Middleware/Authenticate.php(96): App/Http/Middleware/Authenticate->redirectTo(Object(Illuminate/Http/Request))
#3 D:/xampp/htdocs/Laravel-Assessment/laravel-assessment/vendor/laravel/framework/src/Illuminate/Auth/Middleware/Authenticate.php(81): Illuminate/Auth/Middleware/Authenticate->unauthenticated(Object(Illuminate/Http/Request), Array)
#4 D:/xampp/htdocs/Laravel-Assessment/laravel-assessment/vendor/laravel/framework/src/Illuminate/Auth/Middleware/Authenticate.php(55): Illuminate/Auth/Middleware/Authenticate->authenticate(Object(Illuminate/Http/Request), Array)
#5 D:/xampp/htdocs/Laravel-Assessment/laravel-assessment/vendor/laravel/framework/src/Illuminate/Pipeline/Pipeline.php(183): Illuminate/Auth/Middleware/Authenticate->handle(Object(Illuminate/Http/Request), Object(Closure), 'api')
#6 D:/xampp/htdocs/Laravel-Assessment/laravel-assessment/vendor/laravel/framework/src/Illuminate/Pipeline/Pipeline.php(119): Illuminate/Pipeline/Pipeline->Illuminate/Pipeline/{closure}(Object(Illuminate/Http/Request))
#7 D:/xampp/htdocs/Laravel-Assessment/laravel-assessment/vendor/laravel/framework/src/Illuminate/Routing/Router.php(807): Illuminate/Pipeline/Pipeline->then(Object(Closure))
#8 D:/xampp/htdocs/Laravel-Assessment/laravel-assessment/vendor/laravel/framework/src/Illuminate/Routing/Router.php(784): Illuminate/Routing/Router->runRouteWithinStack(Object(Illuminate/Routing/Route), Object(Illuminate/Http/Request))
#9 D:/xampp/htdocs/Laravel-Assessment/laravel-assessment/vendor/laravel/framework/src/Illuminate/Routing/Router.php(748): Illuminate/Routing/Router->runRoute(Object(Illuminate/Http/Request), Object(Illuminate/Routing/Route))
#10 D:/xampp/htdocs/Laravel-Assessment/laravel-assessment/vendor/laravel/framework/src/Illuminate/Routing/Router.php(737): Illuminate/Routing/Router->dispatchToRoute(Object(Illuminate/Http/Request))
#11 D:/xampp/htdocs/Laravel-Assessment/laravel-assessment/vendor/laravel/framework/src/Illuminate/Foundation/Http/Kernel.php(200): Illuminate/Routing/Router->dispatch(Object(Illuminate/Http/Request))
#12 D:/xampp/htdocs/Laravel-Assessment/laravel-assessment/vendor/laravel/framework/src/Illuminate/Pipeline/Pipeline.php(144): Illuminate/Foundation/Http/Kernel->Illuminate/Foundation/Http/{closure}(Object(Illuminate/Http/Request))
#13 D:/xampp/htdocs/Laravel-Assessment/laravel-assessment/vendor/laravel/framework/src/Illuminate/Foundation/Http/Middleware/TransformsRequest.php(21): Illuminate/Pipeline/Pipeline->Illuminate/Pipeline/{closure}(Object(Illuminate/Http/Request))
#14 D:/xampp/htdocs/Laravel-Assessment/laravel-assessment/vendor/laravel/framework/src/Illuminate/Foundation/Http/Middleware/ConvertEmptyStringsToNull.php(31): Illuminate/Foundation/Http/Middleware/TransformsRequest->handle(Object(Illuminate/Http/Request), Object(Closure))
#15 D:/xampp/htdocs/Laravel-Assessment/laravel-assessment/vendor/laravel/framework/src/Illuminate/Pipeline/Pipeline.php(183): Illuminate/Foundation/Http/Middleware/ConvertEmptyStringsToNull->handle(Object(Illuminate/Http/Request), Object(Closure))
#16 D:/xampp/htdocs/Laravel-Assessment/laravel-assessment/vendor/laravel/framework/src/Illuminate/Foundation/Http/Middleware/TransformsRequest.php(21): Illuminate/Pipeline/Pipeline->Illuminate/Pipeline/{closure}(Object(Illuminate/Http/Request))
#17 D:/xampp/htdocs/Laravel-Assessment/laravel-assessment/vendor/laravel/framework/src/Illuminate/Foundation/Http/Middleware/TrimStrings.php(40): Illuminate/Foundation/Http/Middleware/TransformsRequest->handle(Object(Illuminate/Http/Request), Object(Closure))
#18 D:/xampp/htdocs/Laravel-Assessment/laravel-assessment/vendor/laravel/framework/src/Illuminate/Pipeline/Pipeline.php(183): Illuminate/Foundation/Http/Middleware/TrimStrings->handle(Object(Illuminate/Http/Request), Object(Closure))
#19 D:/xampp/htdocs/Laravel-Assessment/laravel-assessment/vendor/laravel/framework/src/Illuminate/Foundation/Http/Middleware/ValidatePostSize.php(27): Illuminate/Pipeline/Pipeline->Illuminate/Pipeline/{closure}(Object(Illuminate/Http/Request))
#20 D:/xampp/htdocs/Laravel-Assessment/laravel-assessment/vendor/laravel/framework/src/Illuminate/Pipeline/Pipeline.php(183): Illuminate/Foundation/Http/Middleware/ValidatePostSize->handle(Object(Illuminate/Http/Request), Object(Closure))
#21 D:/xampp/htdocs/Laravel-Assessment/laravel-assessment/vendor/laravel/framework/src/Illuminate/Foundation/Http/Middleware/PreventRequestsDuringMaintenance.php(99): Illuminate/Pipeline/Pipeline->Illuminate/Pipeline/{closure}(Object(Illuminate/Http/Request))
#22 D:/xampp/htdocs/Laravel-Assessment/laravel-assessment/vendor/laravel/framework/src/Illuminate/Pipeline/Pipeline.php(183): Illuminate/Foundation/Http/Middleware/PreventRequestsDuringMaintenance->handle(Object(Illuminate/Http/Request), Object(Closure))
#23 D:/xampp/htdocs/Laravel-Assessment/laravel-assessment/vendor/laravel/framework/src/Illuminate/Http/Middleware/HandleCors.php(62): Illuminate/Pipeline/Pipeline->Illuminate/Pipeline/{closure}(Object(Illuminate/Http/Request))
#24 D:/xampp/htdocs/Laravel-Assessment/laravel-assessment/vendor/laravel/framework/src/Illuminate/Pipeline/Pipeline.php(183): Illuminate/Http/Middleware/HandleCors->handle(Object(Illuminate/Http/Request), Object(Closure))
#25 D:/xampp/htdocs/Laravel-Assessment/laravel-assessment/vendor/laravel/framework/src/Illuminate/Http/Middleware/TrustProxies.php(39): Illuminate/Pipeline/Pipeline->Illuminate/Pipeline/{closure}(Object(Illuminate/Http/Request))
#26 D:/xampp/htdocs/Laravel-Assessment/laravel-assessment/vendor/laravel/framework/src/Illuminate/Pipeline/Pipeline.php(183): Illuminate/Http/Middleware/TrustProxies->handle(Object(Illuminate/Http/Request), Object(Closure))
#27 D:/xampp/htdocs/Laravel-Assessment/laravel-assessment/vendor/laravel/framework/src/Illuminate/Pipeline/Pipeline.php(119): Illuminate/Pipeline/Pipeline->Illuminate/Pipeline/{closure}(Object(Illuminate/Http/Request))
#28 D:/xampp/htdocs/Laravel-Assessment/laravel-assessment/vendor/laravel/framework/src/Illuminate/Foundation/Http/Kernel.php(175): Illuminate/Pipeline/Pipeline->then(Object(Closure))
#29 D:/xampp/htdocs/Laravel-Assessment/laravel-assessment/vendor/laravel/framework/src/Illuminate/Foundation/Http/Kernel.php(144): Illuminate/Foundation/Http/Kernel->sendRequestThroughRouter(Object(Illuminate/Http/Request))
#30 D:/xampp/htdocs/Laravel-Assessment/laravel-assessment/public/index.php(52): Illuminate/Foundation/Http/Kernel->handle(Object(Illuminate/Http/Request))
#31 D:/xampp/htdocs/Laravel-Assessment/laravel-assessment/vendor/laravel/framework/src/Illuminate/Foundation/resources/server.php(16): require_once('D://xampp//htdocs...')
#32 {main}
"} 
[2026-07-11 09:20:17] local.ERROR: Class "ProductController" does not exist {"exception":"[object] (ReflectionException(code: -1): Class \"ProductController\" does not exist at D:/xampp/htdocs/Laravel-Assessment/laravel-assessment/vendor/laravel/framework/src/Illuminate/Foundation/Console/RouteListCommand.php:225)
[stacktrace]
#0 D:/xampp/htdocs/Laravel-Assessment/laravel-assessment/vendor/laravel/framework/src/Illuminate/Foundation/Console/RouteListCommand.php(225): ReflectionClass->__construct('ProductControll...')
#1 D:/xampp/htdocs/Laravel-Assessment/laravel-assessment/vendor/laravel/framework/src/Illuminate/Foundation/Console/RouteListCommand.php(147): Illuminate/Foundation/Console/RouteListCommand->isVendorRoute(Object(Illuminate/Routing/Route))
#2 D:/xampp/htdocs/Laravel-Assessment/laravel-assessment/vendor/laravel/framework/src/Illuminate/Foundation/Console/RouteListCommand.php(116): Illuminate/Foundation/Console/RouteListCommand->getRouteInformation(Object(Illuminate/Routing/Route))
#3 [internal function]: Illuminate/Foundation/Console/RouteListCommand->Illuminate/Foundation/Console/{closure}(Object(Illuminate/Routing/Route), 21)
#4 D:/xampp/htdocs/Laravel-Assessment/laravel-assessment/vendor/laravel/framework/src/Illuminate/Collections/Arr.php(600): array_map(Object(Closure), Array, Array)
#5 D:/xampp/htdocs/Laravel-Assessment/laravel-assessment/vendor/laravel/framework/src/Illuminate/Collections/Collection.php(778): Illuminate/Support/Arr::map(Array, Object(Closure))
#6 D:/xampp/htdocs/Laravel-Assessment/laravel-assessment/vendor/laravel/framework/src/Illuminate/Foundation/Console/RouteListCommand.php(117): Illuminate/Support/Collection->map(Object(Closure))
#7 D:/xampp/htdocs/Laravel-Assessment/laravel-assessment/vendor/laravel/framework/src/Illuminate/Foundation/Console/RouteListCommand.php(101): Illuminate/Foundation/Console/RouteListCommand->getRoutes()
#8 D:/xampp/htdocs/Laravel-Assessment/laravel-assessment/vendor/laravel/framework/src/Illuminate/Container/BoundMethod.php(36): Illuminate/Foundation/Console/RouteListCommand->handle()
#9 D:/xampp/htdocs/Laravel-Assessment/laravel-assessment/vendor/laravel/framework/src/Illuminate/Container/Util.php(41): Illuminate/Container/BoundMethod::Illuminate/Container/{closure}()
#10 D:/xampp/htdocs/Laravel-Assessment/laravel-assessment/vendor/laravel/framework/src/Illuminate/Container/BoundMethod.php(93): Illuminate/Container/Util::unwrapIfClosure(Object(Closure))
#11 D:/xampp/htdocs/Laravel-Assessment/laravel-assessment/vendor/laravel/framework/src/Illuminate/Container/BoundMethod.php(37): Illuminate/Container/BoundMethod::callBoundMethod(Object(Illuminate/Foundation/Application), Array, Object(Closure))
#12 D:/xampp/htdocs/Laravel-Assessment/laravel-assessment/vendor/laravel/framework/src/Illuminate/Container/Container.php(662): Illuminate/Container/BoundMethod::call(Object(Illuminate/Foundation/Application), Array, Array, NULL)
#13 D:/xampp/htdocs/Laravel-Assessment/laravel-assessment/vendor/laravel/framework/src/Illuminate/Console/Command.php(211): Illuminate/Container/Container->call(Array)
#14 D:/xampp/htdocs/Laravel-Assessment/laravel-assessment/vendor/symfony/console/Command/Command.php(326): Illuminate/Console/Command->execute(Object(Symfony/Component/Console/Input/ArgvInput), Object(Illuminate/Console/OutputStyle))
#15 D:/xampp/htdocs/Laravel-Assessment/laravel-assessment/vendor/laravel/framework/src/Illuminate/Console/Command.php(181): Symfony/Component/Console/Command/Command->run(Object(Symfony/Component/Console/Input/ArgvInput), Object(Illuminate/Console/OutputStyle))
#16 D:/xampp/htdocs/Laravel-Assessment/laravel-assessment/vendor/symfony/console/Application.php(1121): Illuminate/Console/Command->run(Object(Symfony/Component/Console/Input/ArgvInput), Object(Symfony/Component/Console/Output/ConsoleOutput))
#17 D:/xampp/htdocs/Laravel-Assessment/laravel-assessment/vendor/symfony/console/Application.php(324): Symfony/Component/Console/Application->doRunCommand(Object(Illuminate/Foundation/Console/RouteListCommand), Object(Symfony/Component/Console/Input/ArgvInput), Object(Symfony/Component/Console/Output/ConsoleOutput))
#18 D:/xampp/htdocs/Laravel-Assessment/laravel-assessment/vendor/symfony/console/Application.php(175): Symfony/Component/Console/Application->doRun(Object(Symfony/Component/Console/Input/ArgvInput), Object(Symfony/Component/Console/Output/ConsoleOutput))
#19 D:/xampp/htdocs/Laravel-Assessment/laravel-assessment/vendor/laravel/framework/src/Illuminate/Foundation/Console/Kernel.php(201): Symfony/Component/Console/Application->run(Object(Symfony/Component/Console/Input/ArgvInput), Object(Symfony/Component/Console/Output/ConsoleOutput))
#20 D:/xampp/htdocs/Laravel-Assessment/laravel-assessment/artisan(37): Illuminate/Foundation/Console/Kernel->handle(Object(Symfony/Component/Console/Input/ArgvInput), Object(Symfony/Component/Console/Output/ConsoleOutput))
#21 {main}
"} 
[2026-07-11 09:20:18] local.ERROR: Class "ProductController" does not exist {"exception":"[object] (ReflectionException(code: -1): Class \"ProductController\" does not exist at D:/xampp/htdocs/Laravel-Assessment/laravel-assessment/vendor/laravel/framework/src/Illuminate/Foundation/Console/RouteListCommand.php:225)
[stacktrace]
#0 D:/xampp/htdocs/Laravel-Assessment/laravel-assessment/vendor/laravel/framework/src/Illuminate/Foundation/Console/RouteListCommand.php(225): ReflectionClass->__construct('ProductControll...')
#1 D:/xampp/htdocs/Laravel-Assessment/laravel-assessment/vendor/laravel/framework/src/Illuminate/Foundation/Console/RouteListCommand.php(147): Illuminate/Foundation/Console/RouteListCommand->isVendorRoute(Object(Illuminate/Routing/Route))
#2 D:/xampp/htdocs/Laravel-Assessment/laravel-assessment/vendor/laravel/framework/src/Illuminate/Foundation/Console/RouteListCommand.php(116): Illuminate/Foundation/Console/RouteListCommand->getRouteInformation(Object(Illuminate/Routing/Route))
#3 [internal function]: Illuminate/Foundation/Console/RouteListCommand->Illuminate/Foundation/Console/{closure}(Object(Illuminate/Routing/Route), 21)
#4 D:/xampp/htdocs/Laravel-Assessment/laravel-assessment/vendor/laravel/framework/src/Illuminate/Collections/Arr.php(600): array_map(Object(Closure), Array, Array)
#5 D:/xampp/htdocs/Laravel-Assessment/laravel-assessment/vendor/laravel/framework/src/Illuminate/Collections/Collection.php(778): Illuminate/Support/Arr::map(Array, Object(Closure))
#6 D:/xampp/htdocs/Laravel-Assessment/laravel-assessment/vendor/laravel/framework/src/Illuminate/Foundation/Console/RouteListCommand.php(117): Illuminate/Support/Collection->map(Object(Closure))
#7 D:/xampp/htdocs/Laravel-Assessment/laravel-assessment/vendor/laravel/framework/src/Illuminate/Foundation/Console/RouteListCommand.php(101): Illuminate/Foundation/Console/RouteListCommand->getRoutes()
#8 D:/xampp/htdocs/Laravel-Assessment/laravel-assessment/vendor/laravel/framework/src/Illuminate/Container/BoundMethod.php(36): Illuminate/Foundation/Console/RouteListCommand->handle()
#9 D:/xampp/htdocs/Laravel-Assessment/laravel-assessment/vendor/laravel/framework/src/Illuminate/Container/Util.php(41): Illuminate/Container/BoundMethod::Illuminate/Container/{closure}()
#10 D:/xampp/htdocs/Laravel-Assessment/laravel-assessment/vendor/laravel/framework/src/Illuminate/Container/BoundMethod.php(93): Illuminate/Container/Util::unwrapIfClosure(Object(Closure))
#11 D:/xampp/htdocs/Laravel-Assessment/laravel-assessment/vendor/laravel/framework/src/Illuminate/Container/BoundMethod.php(37): Illuminate/Container/BoundMethod::callBoundMethod(Object(Illuminate/Foundation/Application), Array, Object(Closure))
#12 D:/xampp/htdocs/Laravel-Assessment/laravel-assessment/vendor/laravel/framework/src/Illuminate/Container/Container.php(662): Illuminate/Container/BoundMethod::call(Object(Illuminate/Foundation/Application), Array, Array, NULL)
#13 D:/xampp/htdocs/Laravel-Assessment/laravel-assessment/vendor/laravel/framework/src/Illuminate/Console/Command.php(211): Illuminate/Container/Container->call(Array)
#14 D:/xampp/htdocs/Laravel-Assessment/laravel-assessment/vendor/symfony/console/Command/Command.php(326): Illuminate/Console/Command->execute(Object(Symfony/Component/Console/Input/ArgvInput), Object(Illuminate/Console/OutputStyle))
#15 D:/xampp/htdocs/Laravel-Assessment/laravel-assessment/vendor/laravel/framework/src/Illuminate/Console/Command.php(181): Symfony/Component/Console/Command/Command->run(Object(Symfony/Component/Console/Input/ArgvInput), Object(Illuminate/Console/OutputStyle))
#16 D:/xampp/htdocs/Laravel-Assessment/laravel-assessment/vendor/symfony/console/Application.php(1121): Illuminate/Console/Command->run(Object(Symfony/Component/Console/Input/ArgvInput), Object(Symfony/Component/Console/Output/ConsoleOutput))
#17 D:/xampp/htdocs/Laravel-Assessment/laravel-assessment/vendor/symfony/console/Application.php(324): Symfony/Component/Console/Application->doRunCommand(Object(Illuminate/Foundation/Console/RouteListCommand), Object(Symfony/Component/Console/Input/ArgvInput), Object(Symfony/Component/Console/Output/ConsoleOutput))
#18 D:/xampp/htdocs/Laravel-Assessment/laravel-assessment/vendor/symfony/console/Application.php(175): Symfony/Component/Console/Application->doRun(Object(Symfony/Component/Console/Input/ArgvInput), Object(Symfony/Component/Console/Output/ConsoleOutput))
#19 D:/xampp/htdocs/Laravel-Assessment/laravel-assessment/vendor/laravel/framework/src/Illuminate/Foundation/Console/Kernel.php(201): Symfony/Component/Console/Application->run(Object(Symfony/Component/Console/Input/ArgvInput), Object(Symfony/Component/Console/Output/ConsoleOutput))
#20 D:/xampp/htdocs/Laravel-Assessment/laravel-assessment/artisan(37): Illuminate/Foundation/Console/Kernel->handle(Object(Symfony/Component/Console/Input/ArgvInput), Object(Symfony/Component/Console/Output/ConsoleOutput))
#21 {main}
"} 
[2026-07-11 09:20:19] local.ERROR: Class "ProductController" does not exist {"exception":"[object] (ReflectionException(code: -1): Class \"ProductController\" does not exist at D:/xampp/htdocs/Laravel-Assessment/laravel-assessment/vendor/laravel/framework/src/Illuminate/Foundation/Console/RouteListCommand.php:225)
[stacktrace]
#0 D:/xampp/htdocs/Laravel-Assessment/laravel-assessment/vendor/laravel/framework/src/Illuminate/Foundation/Console/RouteListCommand.php(225): ReflectionClass->__construct('ProductControll...')
#1 D:/xampp/htdocs/Laravel-Assessment/laravel-assessment/vendor/laravel/framework/src/Illuminate/Foundation/Console/RouteListCommand.php(147): Illuminate/Foundation/Console/RouteListCommand->isVendorRoute(Object(Illuminate/Routing/Route))
#2 D:/xampp/htdocs/Laravel-Assessment/laravel-assessment/vendor/laravel/framework/src/Illuminate/Foundation/Console/RouteListCommand.php(116): Illuminate/Foundation/Console/RouteListCommand->getRouteInformation(Object(Illuminate/Routing/Route))
#3 [internal function]: Illuminate/Foundation/Console/RouteListCommand->Illuminate/Foundation/Console/{closure}(Object(Illuminate/Routing/Route), 21)
#4 D:/xampp/htdocs/Laravel-Assessment/laravel-assessment/vendor/laravel/framework/src/Illuminate/Collections/Arr.php(600): array_map(Object(Closure), Array, Array)
#5 D:/xampp/htdocs/Laravel-Assessment/laravel-assessment/vendor/laravel/framework/src/Illuminate/Collections/Collection.php(778): Illuminate/Support/Arr::map(Array, Object(Closure))
#6 D:/xampp/htdocs/Laravel-Assessment/laravel-assessment/vendor/laravel/framework/src/Illuminate/Foundation/Console/RouteListCommand.php(117): Illuminate/Support/Collection->map(Object(Closure))
#7 D:/xampp/htdocs/Laravel-Assessment/laravel-assessment/vendor/laravel/framework/src/Illuminate/Foundation/Console/RouteListCommand.php(101): Illuminate/Foundation/Console/RouteListCommand->getRoutes()
#8 D:/xampp/htdocs/Laravel-Assessment/laravel-assessment/vendor/laravel/framework/src/Illuminate/Container/BoundMethod.php(36): Illuminate/Foundation/Console/RouteListCommand->handle()
#9 D:/xampp/htdocs/Laravel-Assessment/laravel-assessment/vendor/laravel/framework/src/Illuminate/Container/Util.php(41): Illuminate/Container/BoundMethod::Illuminate/Container/{closure}()
#10 D:/xampp/htdocs/Laravel-Assessment/laravel-assessment/vendor/laravel/framework/src/Illuminate/Container/BoundMethod.php(93): Illuminate/Container/Util::unwrapIfClosure(Object(Closure))
#11 D:/xampp/htdocs/Laravel-Assessment/laravel-assessment/vendor/laravel/framework/src/Illuminate/Container/BoundMethod.php(37): Illuminate/Container/BoundMethod::callBoundMethod(Object(Illuminate/Foundation/Application), Array, Object(Closure))
#12 D:/xampp/htdocs/Laravel-Assessment/laravel-assessment/vendor/laravel/framework/src/Illuminate/Container/Container.php(662): Illuminate/Container/BoundMethod::call(Object(Illuminate/Foundation/Application), Array, Array, NULL)
#13 D:/xampp/htdocs/Laravel-Assessment/laravel-assessment/vendor/laravel/framework/src/Illuminate/Console/Command.php(211): Illuminate/Container/Container->call(Array)
#14 D:/xampp/htdocs/Laravel-Assessment/laravel-assessment/vendor/symfony/console/Command/Command.php(326): Illuminate/Console/Command->execute(Object(Symfony/Component/Console/Input/ArgvInput), Object(Illuminate/Console/OutputStyle))
#15 D:/xampp/htdocs/Laravel-Assessment/laravel-assessment/vendor/laravel/framework/src/Illuminate/Console/Command.php(181): Symfony/Component/Console/Command/Command->run(Object(Symfony/Component/Console/Input/ArgvInput), Object(Illuminate/Console/OutputStyle))
#16 D:/xampp/htdocs/Laravel-Assessment/laravel-assessment/vendor/symfony/console/Application.php(1121): Illuminate/Console/Command->run(Object(Symfony/Component/Console/Input/ArgvInput), Object(Symfony/Component/Console/Output/ConsoleOutput))
#17 D:/xampp/htdocs/Laravel-Assessment/laravel-assessment/vendor/symfony/console/Application.php(324): Symfony/Component/Console/Application->doRunCommand(Object(Illuminate/Foundation/Console/RouteListCommand), Object(Symfony/Component/Console/Input/ArgvInput), Object(Symfony/Component/Console/Output/ConsoleOutput))
#18 D:/xampp/htdocs/Laravel-Assessment/laravel-assessment/vendor/symfony/console/Application.php(175): Symfony/Component/Console/Application->doRun(Object(Symfony/Component/Console/Input/ArgvInput), Object(Symfony/Component/Console/Output/ConsoleOutput))
#19 D:/xampp/htdocs/Laravel-Assessment/laravel-assessment/vendor/laravel/framework/src/Illuminate/Foundation/Console/Kernel.php(201): Symfony/Component/Console/Application->run(Object(Symfony/Component/Console/Input/ArgvInput), Object(Symfony/Component/Console/Output/ConsoleOutput))
#20 D:/xampp/htdocs/Laravel-Assessment/laravel-assessment/artisan(37): Illuminate/Foundation/Console/Kernel->handle(Object(Symfony/Component/Console/Input/ArgvInput), Object(Symfony/Component/Console/Output/ConsoleOutput))
#21 {main}
"} 
[2026-07-11 09:20:27] local.ERROR: The resource owner or authorization server denied the request. {"exception":"[object] (League\\OAuth2\\Server\\Exception\\OAuthServerException(code: 9): The resource owner or authorization server denied the request. at D:/xampp/htdocs/Laravel-Assessment/laravel-assessment/vendor/league/oauth2-server/src/Exception/OAuthServerException.php:243)
[stacktrace]
#0 D:/xampp/htdocs/Laravel-Assessment/laravel-assessment/vendor/league/oauth2-server/src/AuthorizationValidators/BearerTokenValidator.php(126): League/OAuth2/Server/Exception/OAuthServerException::accessDenied('Access token ha...')
#1 D:/xampp/htdocs/Laravel-Assessment/laravel-assessment/vendor/league/oauth2-server/src/ResourceServer.php(84): League/OAuth2/Server/AuthorizationValidators/BearerTokenValidator->validateAuthorization(Object(Nyholm/Psr7/ServerRequest))
#2 D:/xampp/htdocs/Laravel-Assessment/laravel-assessment/vendor/laravel/passport/src/Guards/TokenGuard.php(232): League/OAuth2/Server/ResourceServer->validateAuthenticatedRequest(Object(Nyholm/Psr7/ServerRequest))
#3 D:/xampp/htdocs/Laravel-Assessment/laravel-assessment/vendor/laravel/passport/src/Guards/TokenGuard.php(178): Laravel/Passport/Guards/TokenGuard->getPsrRequestViaBearerToken(Object(Illuminate/Http/Request))
#4 D:/xampp/htdocs/Laravel-Assessment/laravel-assessment/vendor/laravel/passport/src/Guards/TokenGuard.php(120): Laravel/Passport/Guards/TokenGuard->authenticateViaBearerToken(Object(Illuminate/Http/Request))
#5 D:/xampp/htdocs/Laravel-Assessment/laravel-assessment/vendor/laravel/framework/src/Illuminate/Auth/GuardHelpers.php(56): Laravel/Passport/Guards/TokenGuard->user()
#6 D:/xampp/htdocs/Laravel-Assessment/laravel-assessment/vendor/laravel/framework/src/Illuminate/Auth/Middleware/Authenticate.php(76): Laravel/Passport/Guards/TokenGuard->check()
#7 D:/xampp/htdocs/Laravel-Assessment/laravel-assessment/vendor/laravel/framework/src/Illuminate/Auth/Middleware/Authenticate.php(55): Illuminate/Auth/Middleware/Authenticate->authenticate(Object(Illuminate/Http/Request), Array)
#8 D:/xampp/htdocs/Laravel-Assessment/laravel-assessment/vendor/laravel/framework/src/Illuminate/Pipeline/Pipeline.php(183): Illuminate/Auth/Middleware/Authenticate->handle(Object(Illuminate/Http/Request), Object(Closure), 'api')
#9 D:/xampp/htdocs/Laravel-Assessment/laravel-assessment/vendor/laravel/framework/src/Illuminate/Pipeline/Pipeline.php(119): Illuminate/Pipeline/Pipeline->Illuminate/Pipeline/{closure}(Object(Illuminate/Http/Request))
#10 D:/xampp/htdocs/Laravel-Assessment/laravel-assessment/vendor/laravel/framework/src/Illuminate/Routing/Router.php(807): Illuminate/Pipeline/Pipeline->then(Object(Closure))
#11 D:/xampp/htdocs/Laravel-Assessment/laravel-assessment/vendor/laravel/framework/src/Illuminate/Routing/Router.php(784): Illuminate/Routing/Router->runRouteWithinStack(Object(Illuminate/Routing/Route), Object(Illuminate/Http/Request))
#12 D:/xampp/htdocs/Laravel-Assessment/laravel-assessment/vendor/laravel/framework/src/Illuminate/Routing/Router.php(748): Illuminate/Routing/Router->runRoute(Object(Illuminate/Http/Request), Object(Illuminate/Routing/Route))
#13 D:/xampp/htdocs/Laravel-Assessment/laravel-assessment/vendor/laravel/framework/src/Illuminate/Routing/Router.php(737): Illuminate/Routing/Router->dispatchToRoute(Object(Illuminate/Http/Request))
#14 D:/xampp/htdocs/Laravel-Assessment/laravel-assessment/vendor/laravel/framework/src/Illuminate/Foundation/Http/Kernel.php(200): Illuminate/Routing/Router->dispatch(Object(Illuminate/Http/Request))
#15 D:/xampp/htdocs/Laravel-Assessment/laravel-assessment/vendor/laravel/framework/src/Illuminate/Pipeline/Pipeline.php(144): Illuminate/Foundation/Http/Kernel->Illuminate/Foundation/Http/{closure}(Object(Illuminate/Http/Request))
#16 D:/xampp/htdocs/Laravel-Assessment/laravel-assessment/vendor/laravel/framework/src/Illuminate/Foundation/Http/Middleware/TransformsRequest.php(21): Illuminate/Pipeline/Pipeline->Illuminate/Pipeline/{closure}(Object(Illuminate/Http/Request))
#17 D:/xampp/htdocs/Laravel-Assessment/laravel-assessment/vendor/laravel/framework/src/Illuminate/Foundation/Http/Middleware/ConvertEmptyStringsToNull.php(31): Illuminate/Foundation/Http/Middleware/TransformsRequest->handle(Object(Illuminate/Http/Request), Object(Closure))
#18 D:/xampp/htdocs/Laravel-Assessment/laravel-assessment/vendor/laravel/framework/src/Illuminate/Pipeline/Pipeline.php(183): Illuminate/Foundation/Http/Middleware/ConvertEmptyStringsToNull->handle(Object(Illuminate/Http/Request), Object(Closure))
#19 D:/xampp/htdocs/Laravel-Assessment/laravel-assessment/vendor/laravel/framework/src/Illuminate/Foundation/Http/Middleware/TransformsRequest.php(21): Illuminate/Pipeline/Pipeline->Illuminate/Pipeline/{closure}(Object(Illuminate/Http/Request))
#20 D:/xampp/htdocs/Laravel-Assessment/laravel-assessment/vendor/laravel/framework/src/Illuminate/Foundation/Http/Middleware/TrimStrings.php(40): Illuminate/Foundation/Http/Middleware/TransformsRequest->handle(Object(Illuminate/Http/Request), Object(Closure))
#21 D:/xampp/htdocs/Laravel-Assessment/laravel-assessment/vendor/laravel/framework/src/Illuminate/Pipeline/Pipeline.php(183): Illuminate/Foundation/Http/Middleware/TrimStrings->handle(Object(Illuminate/Http/Request), Object(Closure))
#22 D:/xampp/htdocs/Laravel-Assessment/laravel-assessment/vendor/laravel/framework/src/Illuminate/Foundation/Http/Middleware/ValidatePostSize.php(27): Illuminate/Pipeline/Pipeline->Illuminate/Pipeline/{closure}(Object(Illuminate/Http/Request))
#23 D:/xampp/htdocs/Laravel-Assessment/laravel-assessment/vendor/laravel/framework/src/Illuminate/Pipeline/Pipeline.php(183): Illuminate/Foundation/Http/Middleware/ValidatePostSize->handle(Object(Illuminate/Http/Request), Object(Closure))
#24 D:/xampp/htdocs/Laravel-Assessment/laravel-assessment/vendor/laravel/framework/src/Illuminate/Foundation/Http/Middleware/PreventRequestsDuringMaintenance.php(99): Illuminate/Pipeline/Pipeline->Illuminate/Pipeline/{closure}(Object(Illuminate/Http/Request))
#25 D:/xampp/htdocs/Laravel-Assessment/laravel-assessment/vendor/laravel/framework/src/Illuminate/Pipeline/Pipeline.php(183): Illuminate/Foundation/Http/Middleware/PreventRequestsDuringMaintenance->handle(Object(Illuminate/Http/Request), Object(Closure))
#26 D:/xampp/htdocs/Laravel-Assessment/laravel-assessment/vendor/laravel/framework/src/Illuminate/Http/Middleware/HandleCors.php(62): Illuminate/Pipeline/Pipeline->Illuminate/Pipeline/{closure}(Object(Illuminate/Http/Request))
#27 D:/xampp/htdocs/Laravel-Assessment/laravel-assessment/vendor/laravel/framework/src/Illuminate/Pipeline/Pipeline.php(183): Illuminate/Http/Middleware/HandleCors->handle(Object(Illuminate/Http/Request), Object(Closure))
#28 D:/xampp/htdocs/Laravel-Assessment/laravel-assessment/vendor/laravel/framework/src/Illuminate/Http/Middleware/TrustProxies.php(39): Illuminate/Pipeline/Pipeline->Illuminate/Pipeline/{closure}(Object(Illuminate/Http/Request))
#29 D:/xampp/htdocs/Laravel-Assessment/laravel-assessment/vendor/laravel/framework/src/Illuminate/Pipeline/Pipeline.php(183): Illuminate/Http/Middleware/TrustProxies->handle(Object(Illuminate/Http/Request), Object(Closure))
#30 D:/xampp/htdocs/Laravel-Assessment/laravel-assessment/vendor/laravel/framework/src/Illuminate/Pipeline/Pipeline.php(119): Illuminate/Pipeline/Pipeline->Illuminate/Pipeline/{closure}(Object(Illuminate/Http/Request))
#31 D:/xampp/htdocs/Laravel-Assessment/laravel-assessment/vendor/laravel/framework/src/Illuminate/Foundation/Http/Kernel.php(175): Illuminate/Pipeline/Pipeline->then(Object(Closure))
#32 D:/xampp/htdocs/Laravel-Assessment/laravel-assessment/vendor/laravel/framework/src/Illuminate/Foundation/Http/Kernel.php(144): Illuminate/Foundation/Http/Kernel->sendRequestThroughRouter(Object(Illuminate/Http/Request))
#33 D:/xampp/htdocs/Laravel-Assessment/laravel-assessment/public/index.php(52): Illuminate/Foundation/Http/Kernel->handle(Object(Illuminate/Http/Request))
#34 D:/xampp/htdocs/Laravel-Assessment/laravel-assessment/vendor/laravel/framework/src/Illuminate/Foundation/resources/server.php(16): require_once('D://xampp//htdocs...')
#35 {main}
"} 
[2026-07-11 09:20:27] local.ERROR: Route [login] not defined. {"exception":"[object] (Symfony\\Component\\Routing\\Exception\\RouteNotFoundException(code: 0): Route [login] not defined. at D:/xampp/htdocs/Laravel-Assessment/laravel-assessment/vendor/laravel/framework/src/Illuminate/Routing/UrlGenerator.php:477)
[stacktrace]
#0 D:/xampp/htdocs/Laravel-Assessment/laravel-assessment/vendor/laravel/framework/src/Illuminate/Foundation/helpers.php(811): Illuminate/Routing/UrlGenerator->route('login', Array, true)
#1 D:/xampp/htdocs/Laravel-Assessment/laravel-assessment/app/Http/Middleware/Authenticate.php(15): route('login')
#2 D:/xampp/htdocs/Laravel-Assessment/laravel-assessment/vendor/laravel/framework/src/Illuminate/Auth/Middleware/Authenticate.php(96): App/Http/Middleware/Authenticate->redirectTo(Object(Illuminate/Http/Request))
#3 D:/xampp/htdocs/Laravel-Assessment/laravel-assessment/vendor/laravel/framework/src/Illuminate/Auth/Middleware/Authenticate.php(81): Illuminate/Auth/Middleware/Authenticate->unauthenticated(Object(Illuminate/Http/Request), Array)
#4 D:/xampp/htdocs/Laravel-Assessment/laravel-assessment/vendor/laravel/framework/src/Illuminate/Auth/Middleware/Authenticate.php(55): Illuminate/Auth/Middleware/Authenticate->authenticate(Object(Illuminate/Http/Request), Array)
#5 D:/xampp/htdocs/Laravel-Assessment/laravel-assessment/vendor/laravel/framework/src/Illuminate/Pipeline/Pipeline.php(183): Illuminate/Auth/Middleware/Authenticate->handle(Object(Illuminate/Http/Request), Object(Closure), 'api')
#6 D:/xampp/htdocs/Laravel-Assessment/laravel-assessment/vendor/laravel/framework/src/Illuminate/Pipeline/Pipeline.php(119): Illuminate/Pipeline/Pipeline->Illuminate/Pipeline/{closure}(Object(Illuminate/Http/Request))
#7 D:/xampp/htdocs/Laravel-Assessment/laravel-assessment/vendor/laravel/framework/src/Illuminate/Routing/Router.php(807): Illuminate/Pipeline/Pipeline->then(Object(Closure))
#8 D:/xampp/htdocs/Laravel-Assessment/laravel-assessment/vendor/laravel/framework/src/Illuminate/Routing/Router.php(784): Illuminate/Routing/Router->runRouteWithinStack(Object(Illuminate/Routing/Route), Object(Illuminate/Http/Request))
#9 D:/xampp/htdocs/Laravel-Assessment/laravel-assessment/vendor/laravel/framework/src/Illuminate/Routing/Router.php(748): Illuminate/Routing/Router->runRoute(Object(Illuminate/Http/Request), Object(Illuminate/Routing/Route))
#10 D:/xampp/htdocs/Laravel-Assessment/laravel-assessment/vendor/laravel/framework/src/Illuminate/Routing/Router.php(737): Illuminate/Routing/Router->dispatchToRoute(Object(Illuminate/Http/Request))
#11 D:/xampp/htdocs/Laravel-Assessment/laravel-assessment/vendor/laravel/framework/src/Illuminate/Foundation/Http/Kernel.php(200): Illuminate/Routing/Router->dispatch(Object(Illuminate/Http/Request))
#12 D:/xampp/htdocs/Laravel-Assessment/laravel-assessment/vendor/laravel/framework/src/Illuminate/Pipeline/Pipeline.php(144): Illuminate/Foundation/Http/Kernel->Illuminate/Foundation/Http/{closure}(Object(Illuminate/Http/Request))
#13 D:/xampp/htdocs/Laravel-Assessment/laravel-assessment/vendor/laravel/framework/src/Illuminate/Foundation/Http/Middleware/TransformsRequest.php(21): Illuminate/Pipeline/Pipeline->Illuminate/Pipeline/{closure}(Object(Illuminate/Http/Request))
#14 D:/xampp/htdocs/Laravel-Assessment/laravel-assessment/vendor/laravel/framework/src/Illuminate/Foundation/Http/Middleware/ConvertEmptyStringsToNull.php(31): Illuminate/Foundation/Http/Middleware/TransformsRequest->handle(Object(Illuminate/Http/Request), Object(Closure))
#15 D:/xampp/htdocs/Laravel-Assessment/laravel-assessment/vendor/laravel/framework/src/Illuminate/Pipeline/Pipeline.php(183): Illuminate/Foundation/Http/Middleware/ConvertEmptyStringsToNull->handle(Object(Illuminate/Http/Request), Object(Closure))
#16 D:/xampp/htdocs/Laravel-Assessment/laravel-assessment/vendor/laravel/framework/src/Illuminate/Foundation/Http/Middleware/TransformsRequest.php(21): Illuminate/Pipeline/Pipeline->Illuminate/Pipeline/{closure}(Object(Illuminate/Http/Request))
#17 D:/xampp/htdocs/Laravel-Assessment/laravel-assessment/vendor/laravel/framework/src/Illuminate/Foundation/Http/Middleware/TrimStrings.php(40): Illuminate/Foundation/Http/Middleware/TransformsRequest->handle(Object(Illuminate/Http/Request), Object(Closure))
#18 D:/xampp/htdocs/Laravel-Assessment/laravel-assessment/vendor/laravel/framework/src/Illuminate/Pipeline/Pipeline.php(183): Illuminate/Foundation/Http/Middleware/TrimStrings->handle(Object(Illuminate/Http/Request), Object(Closure))
#19 D:/xampp/htdocs/Laravel-Assessment/laravel-assessment/vendor/laravel/framework/src/Illuminate/Foundation/Http/Middleware/ValidatePostSize.php(27): Illuminate/Pipeline/Pipeline->Illuminate/Pipeline/{closure}(Object(Illuminate/Http/Request))
#20 D:/xampp/htdocs/Laravel-Assessment/laravel-assessment/vendor/laravel/framework/src/Illuminate/Pipeline/Pipeline.php(183): Illuminate/Foundation/Http/Middleware/ValidatePostSize->handle(Object(Illuminate/Http/Request), Object(Closure))
#21 D:/xampp/htdocs/Laravel-Assessment/laravel-assessment/vendor/laravel/framework/src/Illuminate/Foundation/Http/Middleware/PreventRequestsDuringMaintenance.php(99): Illuminate/Pipeline/Pipeline->Illuminate/Pipeline/{closure}(Object(Illuminate/Http/Request))
#22 D:/xampp/htdocs/Laravel-Assessment/laravel-assessment/vendor/laravel/framework/src/Illuminate/Pipeline/Pipeline.php(183): Illuminate/Foundation/Http/Middleware/PreventRequestsDuringMaintenance->handle(Object(Illuminate/Http/Request), Object(Closure))
#23 D:/xampp/htdocs/Laravel-Assessment/laravel-assessment/vendor/laravel/framework/src/Illuminate/Http/Middleware/HandleCors.php(62): Illuminate/Pipeline/Pipeline->Illuminate/Pipeline/{closure}(Object(Illuminate/Http/Request))
#24 D:/xampp/htdocs/Laravel-Assessment/laravel-assessment/vendor/laravel/framework/src/Illuminate/Pipeline/Pipeline.php(183): Illuminate/Http/Middleware/HandleCors->handle(Object(Illuminate/Http/Request), Object(Closure))
#25 D:/xampp/htdocs/Laravel-Assessment/laravel-assessment/vendor/laravel/framework/src/Illuminate/Http/Middleware/TrustProxies.php(39): Illuminate/Pipeline/Pipeline->Illuminate/Pipeline/{closure}(Object(Illuminate/Http/Request))
#26 D:/xampp/htdocs/Laravel-Assessment/laravel-assessment/vendor/laravel/framework/src/Illuminate/Pipeline/Pipeline.php(183): Illuminate/Http/Middleware/TrustProxies->handle(Object(Illuminate/Http/Request), Object(Closure))
#27 D:/xampp/htdocs/Laravel-Assessment/laravel-assessment/vendor/laravel/framework/src/Illuminate/Pipeline/Pipeline.php(119): Illuminate/Pipeline/Pipeline->Illuminate/Pipeline/{closure}(Object(Illuminate/Http/Request))
#28 D:/xampp/htdocs/Laravel-Assessment/laravel-assessment/vendor/laravel/framework/src/Illuminate/Foundation/Http/Kernel.php(175): Illuminate/Pipeline/Pipeline->then(Object(Closure))
#29 D:/xampp/htdocs/Laravel-Assessment/laravel-assessment/vendor/laravel/framework/src/Illuminate/Foundation/Http/Kernel.php(144): Illuminate/Foundation/Http/Kernel->sendRequestThroughRouter(Object(Illuminate/Http/Request))
#30 D:/xampp/htdocs/Laravel-Assessment/laravel-assessment/public/index.php(52): Illuminate/Foundation/Http/Kernel->handle(Object(Illuminate/Http/Request))
#31 D:/xampp/htdocs/Laravel-Assessment/laravel-assessment/vendor/laravel/framework/src/Illuminate/Foundation/resources/server.php(16): require_once('D://xampp//htdocs...')
#32 {main}
"} 
[2026-07-11 09:20:48] local.ERROR: Route [login] not defined. {"exception":"[object] (Symfony\\Component\\Routing\\Exception\\RouteNotFoundException(code: 0): Route [login] not defined. at D:/xampp/htdocs/Laravel-Assessment/laravel-assessment/vendor/laravel/framework/src/Illuminate/Routing/UrlGenerator.php:477)
[stacktrace]
#0 D:/xampp/htdocs/Laravel-Assessment/laravel-assessment/vendor/laravel/framework/src/Illuminate/Foundation/helpers.php(811): Illuminate/Routing/UrlGenerator->route('login', Array, true)
#1 D:/xampp/htdocs/Laravel-Assessment/laravel-assessment/app/Http/Middleware/Authenticate.php(15): route('login')
#2 D:/xampp/htdocs/Laravel-Assessment/laravel-assessment/vendor/laravel/framework/src/Illuminate/Auth/Middleware/Authenticate.php(96): App/Http/Middleware/Authenticate->redirectTo(Object(Illuminate/Http/Request))
#3 D:/xampp/htdocs/Laravel-Assessment/laravel-assessment/vendor/laravel/framework/src/Illuminate/Auth/Middleware/Authenticate.php(81): Illuminate/Auth/Middleware/Authenticate->unauthenticated(Object(Illuminate/Http/Request), Array)
#4 D:/xampp/htdocs/Laravel-Assessment/laravel-assessment/vendor/laravel/framework/src/Illuminate/Auth/Middleware/Authenticate.php(55): Illuminate/Auth/Middleware/Authenticate->authenticate(Object(Illuminate/Http/Request), Array)
#5 D:/xampp/htdocs/Laravel-Assessment/laravel-assessment/vendor/laravel/framework/src/Illuminate/Pipeline/Pipeline.php(183): Illuminate/Auth/Middleware/Authenticate->handle(Object(Illuminate/Http/Request), Object(Closure), 'api')
#6 D:/xampp/htdocs/Laravel-Assessment/laravel-assessment/vendor/laravel/framework/src/Illuminate/Pipeline/Pipeline.php(119): Illuminate/Pipeline/Pipeline->Illuminate/Pipeline/{closure}(Object(Illuminate/Http/Request))
#7 D:/xampp/htdocs/Laravel-Assessment/laravel-assessment/vendor/laravel/framework/src/Illuminate/Routing/Router.php(807): Illuminate/Pipeline/Pipeline->then(Object(Closure))
#8 D:/xampp/htdocs/Laravel-Assessment/laravel-assessment/vendor/laravel/framework/src/Illuminate/Routing/Router.php(784): Illuminate/Routing/Router->runRouteWithinStack(Object(Illuminate/Routing/Route), Object(Illuminate/Http/Request))
#9 D:/xampp/htdocs/Laravel-Assessment/laravel-assessment/vendor/laravel/framework/src/Illuminate/Routing/Router.php(748): Illuminate/Routing/Router->runRoute(Object(Illuminate/Http/Request), Object(Illuminate/Routing/Route))
#10 D:/xampp/htdocs/Laravel-Assessment/laravel-assessment/vendor/laravel/framework/src/Illuminate/Routing/Router.php(737): Illuminate/Routing/Router->dispatchToRoute(Object(Illuminate/Http/Request))
#11 D:/xampp/htdocs/Laravel-Assessment/laravel-assessment/vendor/laravel/framework/src/Illuminate/Foundation/Http/Kernel.php(200): Illuminate/Routing/Router->dispatch(Object(Illuminate/Http/Request))
#12 D:/xampp/htdocs/Laravel-Assessment/laravel-assessment/vendor/laravel/framework/src/Illuminate/Pipeline/Pipeline.php(144): Illuminate/Foundation/Http/Kernel->Illuminate/Foundation/Http/{closure}(Object(Illuminate/Http/Request))
#13 D:/xampp/htdocs/Laravel-Assessment/laravel-assessment/vendor/laravel/framework/src/Illuminate/Foundation/Http/Middleware/TransformsRequest.php(21): Illuminate/Pipeline/Pipeline->Illuminate/Pipeline/{closure}(Object(Illuminate/Http/Request))
#14 D:/xampp/htdocs/Laravel-Assessment/laravel-assessment/vendor/laravel/framework/src/Illuminate/Foundation/Http/Middleware/ConvertEmptyStringsToNull.php(31): Illuminate/Foundation/Http/Middleware/TransformsRequest->handle(Object(Illuminate/Http/Request), Object(Closure))
#15 D:/xampp/htdocs/Laravel-Assessment/laravel-assessment/vendor/laravel/framework/src/Illuminate/Pipeline/Pipeline.php(183): Illuminate/Foundation/Http/Middleware/ConvertEmptyStringsToNull->handle(Object(Illuminate/Http/Request), Object(Closure))
#16 D:/xampp/htdocs/Laravel-Assessment/laravel-assessment/vendor/laravel/framework/src/Illuminate/Foundation/Http/Middleware/TransformsRequest.php(21): Illuminate/Pipeline/Pipeline->Illuminate/Pipeline/{closure}(Object(Illuminate/Http/Request))
#17 D:/xampp/htdocs/Laravel-Assessment/laravel-assessment/vendor/laravel/framework/src/Illuminate/Foundation/Http/Middleware/TrimStrings.php(40): Illuminate/Foundation/Http/Middleware/TransformsRequest->handle(Object(Illuminate/Http/Request), Object(Closure))
#18 D:/xampp/htdocs/Laravel-Assessment/laravel-assessment/vendor/laravel/framework/src/Illuminate/Pipeline/Pipeline.php(183): Illuminate/Foundation/Http/Middleware/TrimStrings->handle(Object(Illuminate/Http/Request), Object(Closure))
#19 D:/xampp/htdocs/Laravel-Assessment/laravel-assessment/vendor/laravel/framework/src/Illuminate/Foundation/Http/Middleware/ValidatePostSize.php(27): Illuminate/Pipeline/Pipeline->Illuminate/Pipeline/{closure}(Object(Illuminate/Http/Request))
#20 D:/xampp/htdocs/Laravel-Assessment/laravel-assessment/vendor/laravel/framework/src/Illuminate/Pipeline/Pipeline.php(183): Illuminate/Foundation/Http/Middleware/ValidatePostSize->handle(Object(Illuminate/Http/Request), Object(Closure))
#21 D:/xampp/htdocs/Laravel-Assessment/laravel-assessment/vendor/laravel/framework/src/Illuminate/Foundation/Http/Middleware/PreventRequestsDuringMaintenance.php(99): Illuminate/Pipeline/Pipeline->Illuminate/Pipeline/{closure}(Object(Illuminate/Http/Request))
#22 D:/xampp/htdocs/Laravel-Assessment/laravel-assessment/vendor/laravel/framework/src/Illuminate/Pipeline/Pipeline.php(183): Illuminate/Foundation/Http/Middleware/PreventRequestsDuringMaintenance->handle(Object(Illuminate/Http/Request), Object(Closure))
#23 D:/xampp/htdocs/Laravel-Assessment/laravel-assessment/vendor/laravel/framework/src/Illuminate/Http/Middleware/HandleCors.php(62): Illuminate/Pipeline/Pipeline->Illuminate/Pipeline/{closure}(Object(Illuminate/Http/Request))
#24 D:/xampp/htdocs/Laravel-Assessment/laravel-assessment/vendor/laravel/framework/src/Illuminate/Pipeline/Pipeline.php(183): Illuminate/Http/Middleware/HandleCors->handle(Object(Illuminate/Http/Request), Object(Closure))
#25 D:/xampp/htdocs/Laravel-Assessment/laravel-assessment/vendor/laravel/framework/src/Illuminate/Http/Middleware/TrustProxies.php(39): Illuminate/Pipeline/Pipeline->Illuminate/Pipeline/{closure}(Object(Illuminate/Http/Request))
#26 D:/xampp/htdocs/Laravel-Assessment/laravel-assessment/vendor/laravel/framework/src/Illuminate/Pipeline/Pipeline.php(183): Illuminate/Http/Middleware/TrustProxies->handle(Object(Illuminate/Http/Request), Object(Closure))
#27 D:/xampp/htdocs/Laravel-Assessment/laravel-assessment/vendor/laravel/framework/src/Illuminate/Pipeline/Pipeline.php(119): Illuminate/Pipeline/Pipeline->Illuminate/Pipeline/{closure}(Object(Illuminate/Http/Request))
#28 D:/xampp/htdocs/Laravel-Assessment/laravel-assessment/vendor/laravel/framework/src/Illuminate/Foundation/Http/Kernel.php(175): Illuminate/Pipeline/Pipeline->then(Object(Closure))
#29 D:/xampp/htdocs/Laravel-Assessment/laravel-assessment/vendor/laravel/framework/src/Illuminate/Foundation/Http/Kernel.php(144): Illuminate/Foundation/Http/Kernel->sendRequestThroughRouter(Object(Illuminate/Http/Request))
#30 D:/xampp/htdocs/Laravel-Assessment/laravel-assessment/public/index.php(52): Illuminate/Foundation/Http/Kernel->handle(Object(Illuminate/Http/Request))
#31 D:/xampp/htdocs/Laravel-Assessment/laravel-assessment/vendor/laravel/framework/src/Illuminate/Foundation/resources/server.php(16): require_once('D://xampp//htdocs...')
#32 {main}
"} 
[2026-07-11 09:21:50] local.ERROR: Target class [ProductController] does not exist. {"userId":1,"exception":"[object] (Illuminate\\Contracts\\Container\\BindingResolutionException(code: 0): Target class [ProductController] does not exist. at D:/xampp/htdocs/Laravel-Assessment/laravel-assessment/vendor/laravel/framework/src/Illuminate/Container/Container.php:914)
[stacktrace]
#0 D:/xampp/htdocs/Laravel-Assessment/laravel-assessment/vendor/laravel/framework/src/Illuminate/Container/Container.php(795): Illuminate/Container/Container->build('ProductControll...')
#1 D:/xampp/htdocs/Laravel-Assessment/laravel-assessment/vendor/laravel/framework/src/Illuminate/Foundation/Application.php(986): Illuminate/Container/Container->resolve('ProductControll...', Array, true)
#2 D:/xampp/htdocs/Laravel-Assessment/laravel-assessment/vendor/laravel/framework/src/Illuminate/Container/Container.php(731): Illuminate/Foundation/Application->resolve('ProductControll...', Array)
#3 D:/xampp/htdocs/Laravel-Assessment/laravel-assessment/vendor/laravel/framework/src/Illuminate/Foundation/Application.php(971): Illuminate/Container/Container->make('ProductControll...', Array)
#4 D:/xampp/htdocs/Laravel-Assessment/laravel-assessment/vendor/laravel/framework/src/Illuminate/Routing/Route.php(278): Illuminate/Foundation/Application->make('ProductControll...')
#5 D:/xampp/htdocs/Laravel-Assessment/laravel-assessment/vendor/laravel/framework/src/Illuminate/Routing/Route.php(260): Illuminate/Routing/Route->getController()
#6 D:/xampp/htdocs/Laravel-Assessment/laravel-assessment/vendor/laravel/framework/src/Illuminate/Routing/Route.php(205): Illuminate/Routing/Route->runController()
#7 D:/xampp/htdocs/Laravel-Assessment/laravel-assessment/vendor/laravel/framework/src/Illuminate/Routing/Router.php(806): Illuminate/Routing/Route->run()
#8 D:/xampp/htdocs/Laravel-Assessment/laravel-assessment/vendor/laravel/framework/src/Illuminate/Pipeline/Pipeline.php(144): Illuminate/Routing/Router->Illuminate/Routing/{closure}(Object(Illuminate/Http/Request))
#9 D:/xampp/htdocs/Laravel-Assessment/laravel-assessment/vendor/laravel/framework/src/Illuminate/Routing/Middleware/SubstituteBindings.php(50): Illuminate/Pipeline/Pipeline->Illuminate/Pipeline/{closure}(Object(Illuminate/Http/Request))
#10 D:/xampp/htdocs/Laravel-Assessment/laravel-assessment/vendor/laravel/framework/src/Illuminate/Pipeline/Pipeline.php(183): Illuminate/Routing/Middleware/SubstituteBindings->handle(Object(Illuminate/Http/Request), Object(Closure))
#11 D:/xampp/htdocs/Laravel-Assessment/laravel-assessment/vendor/laravel/framework/src/Illuminate/Routing/Middleware/ThrottleRequests.php(159): Illuminate/Pipeline/Pipeline->Illuminate/Pipeline/{closure}(Object(Illuminate/Http/Request))
#12 D:/xampp/htdocs/Laravel-Assessment/laravel-assessment/vendor/laravel/framework/src/Illuminate/Routing/Middleware/ThrottleRequests.php(135): Illuminate/Routing/Middleware/ThrottleRequests->handleRequest(Object(Illuminate/Http/Request), Object(Closure), Array)
#13 D:/xampp/htdocs/Laravel-Assessment/laravel-assessment/vendor/laravel/framework/src/Illuminate/Routing/Middleware/ThrottleRequests.php(87): Illuminate/Routing/Middleware/ThrottleRequests->handleRequestUsingNamedLimiter(Object(Illuminate/Http/Request), Object(Closure), 'api', Object(Closure))
#14 D:/xampp/htdocs/Laravel-Assessment/laravel-assessment/vendor/laravel/framework/src/Illuminate/Pipeline/Pipeline.php(183): Illuminate/Routing/Middleware/ThrottleRequests->handle(Object(Illuminate/Http/Request), Object(Closure), 'api')
#15 D:/xampp/htdocs/Laravel-Assessment/laravel-assessment/vendor/laravel/framework/src/Illuminate/Auth/Middleware/Authenticate.php(57): Illuminate/Pipeline/Pipeline->Illuminate/Pipeline/{closure}(Object(Illuminate/Http/Request))
#16 D:/xampp/htdocs/Laravel-Assessment/laravel-assessment/vendor/laravel/framework/src/Illuminate/Pipeline/Pipeline.php(183): Illuminate/Auth/Middleware/Authenticate->handle(Object(Illuminate/Http/Request), Object(Closure), 'api')
#17 D:/xampp/htdocs/Laravel-Assessment/laravel-assessment/vendor/laravel/framework/src/Illuminate/Pipeline/Pipeline.php(119): Illuminate/Pipeline/Pipeline->Illuminate/Pipeline/{closure}(Object(Illuminate/Http/Request))
#18 D:/xampp/htdocs/Laravel-Assessment/laravel-assessment/vendor/laravel/framework/src/Illuminate/Routing/Router.php(807): Illuminate/Pipeline/Pipeline->then(Object(Closure))
#19 D:/xampp/htdocs/Laravel-Assessment/laravel-assessment/vendor/laravel/framework/src/Illuminate/Routing/Router.php(784): Illuminate/Routing/Router->runRouteWithinStack(Object(Illuminate/Routing/Route), Object(Illuminate/Http/Request))
#20 D:/xampp/htdocs/Laravel-Assessment/laravel-assessment/vendor/laravel/framework/src/Illuminate/Routing/Router.php(748): Illuminate/Routing/Router->runRoute(Object(Illuminate/Http/Request), Object(Illuminate/Routing/Route))
#21 D:/xampp/htdocs/Laravel-Assessment/laravel-assessment/vendor/laravel/framework/src/Illuminate/Routing/Router.php(737): Illuminate/Routing/Router->dispatchToRoute(Object(Illuminate/Http/Request))
#22 D:/xampp/htdocs/Laravel-Assessment/laravel-assessment/vendor/laravel/framework/src/Illuminate/Foundation/Http/Kernel.php(200): Illuminate/Routing/Router->dispatch(Object(Illuminate/Http/Request))
#23 D:/xampp/htdocs/Laravel-Assessment/laravel-assessment/vendor/laravel/framework/src/Illuminate/Pipeline/Pipeline.php(144): Illuminate/Foundation/Http/Kernel->Illuminate/Foundation/Http/{closure}(Object(Illuminate/Http/Request))
#24 D:/xampp/htdocs/Laravel-Assessment/laravel-assessment/vendor/laravel/framework/src/Illuminate/Foundation/Http/Middleware/TransformsRequest.php(21): Illuminate/Pipeline/Pipeline->Illuminate/Pipeline/{closure}(Object(Illuminate/Http/Request))
#25 D:/xampp/htdocs/Laravel-Assessment/laravel-assessment/vendor/laravel/framework/src/Illuminate/Foundation/Http/Middleware/ConvertEmptyStringsToNull.php(31): Illuminate/Foundation/Http/Middleware/TransformsRequest->handle(Object(Illuminate/Http/Request), Object(Closure))
#26 D:/xampp/htdocs/Laravel-Assessment/laravel-assessment/vendor/laravel/framework/src/Illuminate/Pipeline/Pipeline.php(183): Illuminate/Foundation/Http/Middleware/ConvertEmptyStringsToNull->handle(Object(Illuminate/Http/Request), Object(Closure))
#27 D:/xampp/htdocs/Laravel-Assessment/laravel-assessment/vendor/laravel/framework/src/Illuminate/Foundation/Http/Middleware/TransformsRequest.php(21): Illuminate/Pipeline/Pipeline->Illuminate/Pipeline/{closure}(Object(Illuminate/Http/Request))
#28 D:/xampp/htdocs/Laravel-Assessment/laravel-assessment/vendor/laravel/framework/src/Illuminate/Foundation/Http/Middleware/TrimStrings.php(40): Illuminate/Foundation/Http/Middleware/TransformsRequest->handle(Object(Illuminate/Http/Request), Object(Closure))
#29 D:/xampp/htdocs/Laravel-Assessment/laravel-assessment/vendor/laravel/framework/src/Illuminate/Pipeline/Pipeline.php(183): Illuminate/Foundation/Http/Middleware/TrimStrings->handle(Object(Illuminate/Http/Request), Object(Closure))
#30 D:/xampp/htdocs/Laravel-Assessment/laravel-assessment/vendor/laravel/framework/src/Illuminate/Foundation/Http/Middleware/ValidatePostSize.php(27): Illuminate/Pipeline/Pipeline->Illuminate/Pipeline/{closure}(Object(Illuminate/Http/Request))
#31 D:/xampp/htdocs/Laravel-Assessment/laravel-assessment/vendor/laravel/framework/src/Illuminate/Pipeline/Pipeline.php(183): Illuminate/Foundation/Http/Middleware/ValidatePostSize->handle(Object(Illuminate/Http/Request), Object(Closure))
#32 D:/xampp/htdocs/Laravel-Assessment/laravel-assessment/vendor/laravel/framework/src/Illuminate/Foundation/Http/Middleware/PreventRequestsDuringMaintenance.php(99): Illuminate/Pipeline/Pipeline->Illuminate/Pipeline/{closure}(Object(Illuminate/Http/Request))
#33 D:/xampp/htdocs/Laravel-Assessment/laravel-assessment/vendor/laravel/framework/src/Illuminate/Pipeline/Pipeline.php(183): Illuminate/Foundation/Http/Middleware/PreventRequestsDuringMaintenance->handle(Object(Illuminate/Http/Request), Object(Closure))
#34 D:/xampp/htdocs/Laravel-Assessment/laravel-assessment/vendor/laravel/framework/src/Illuminate/Http/Middleware/HandleCors.php(62): Illuminate/Pipeline/Pipeline->Illuminate/Pipeline/{closure}(Object(Illuminate/Http/Request))
#35 D:/xampp/htdocs/Laravel-Assessment/laravel-assessment/vendor/laravel/framework/src/Illuminate/Pipeline/Pipeline.php(183): Illuminate/Http/Middleware/HandleCors->handle(Object(Illuminate/Http/Request), Object(Closure))
#36 D:/xampp/htdocs/Laravel-Assessment/laravel-assessment/vendor/laravel/framework/src/Illuminate/Http/Middleware/TrustProxies.php(39): Illuminate/Pipeline/Pipeline->Illuminate/Pipeline/{closure}(Object(Illuminate/Http/Request))
#37 D:/xampp/htdocs/Laravel-Assessment/laravel-assessment/vendor/laravel/framework/src/Illuminate/Pipeline/Pipeline.php(183): Illuminate/Http/Middleware/TrustProxies->handle(Object(Illuminate/Http/Request), Object(Closure))
#38 D:/xampp/htdocs/Laravel-Assessment/laravel-assessment/vendor/laravel/framework/src/Illuminate/Pipeline/Pipeline.php(119): Illuminate/Pipeline/Pipeline->Illuminate/Pipeline/{closure}(Object(Illuminate/Http/Request))
#39 D:/xampp/htdocs/Laravel-Assessment/laravel-assessment/vendor/laravel/framework/src/Illuminate/Foundation/Http/Kernel.php(175): Illuminate/Pipeline/Pipeline->then(Object(Closure))
#40 D:/xampp/htdocs/Laravel-Assessment/laravel-assessment/vendor/laravel/framework/src/Illuminate/Foundation/Http/Kernel.php(144): Illuminate/Foundation/Http/Kernel->sendRequestThroughRouter(Object(Illuminate/Http/Request))
#41 D:/xampp/htdocs/Laravel-Assessment/laravel-assessment/public/index.php(52): Illuminate/Foundation/Http/Kernel->handle(Object(Illuminate/Http/Request))
#42 D:/xampp/htdocs/Laravel-Assessment/laravel-assessment/vendor/laravel/framework/src/Illuminate/Foundation/resources/server.php(16): require_once('D://xampp//htdocs...')
#43 {main}

[previous exception] [object] (ReflectionException(code: -1): Class \"ProductController\" does not exist at D:/xampp/htdocs/Laravel-Assessment/laravel-assessment/vendor/laravel/framework/src/Illuminate/Container/Container.php:912)
[stacktrace]
#0 D:/xampp/htdocs/Laravel-Assessment/laravel-assessment/vendor/laravel/framework/src/Illuminate/Container/Container.php(912): ReflectionClass->__construct('ProductControll...')
#1 D:/xampp/htdocs/Laravel-Assessment/laravel-assessment/vendor/laravel/framework/src/Illuminate/Container/Container.php(795): Illuminate/Container/Container->build('ProductControll...')
#2 D:/xampp/htdocs/Laravel-Assessment/laravel-assessment/vendor/laravel/framework/src/Illuminate/Foundation/Application.php(986): Illuminate/Container/Container->resolve('ProductControll...', Array, true)
#3 D:/xampp/htdocs/Laravel-Assessment/laravel-assessment/vendor/laravel/framework/src/Illuminate/Container/Container.php(731): Illuminate/Foundation/Application->resolve('ProductControll...', Array)
#4 D:/xampp/htdocs/Laravel-Assessment/laravel-assessment/vendor/laravel/framework/src/Illuminate/Foundation/Application.php(971): Illuminate/Container/Container->make('ProductControll...', Array)
#5 D:/xampp/htdocs/Laravel-Assessment/laravel-assessment/vendor/laravel/framework/src/Illuminate/Routing/Route.php(278): Illuminate/Foundation/Application->make('ProductControll...')
#6 D:/xampp/htdocs/Laravel-Assessment/laravel-assessment/vendor/laravel/framework/src/Illuminate/Routing/Route.php(260): Illuminate/Routing/Route->getController()
#7 D:/xampp/htdocs/Laravel-Assessment/laravel-assessment/vendor/laravel/framework/src/Illuminate/Routing/Route.php(205): Illuminate/Routing/Route->runController()
#8 D:/xampp/htdocs/Laravel-Assessment/laravel-assessment/vendor/laravel/framework/src/Illuminate/Routing/Router.php(806): Illuminate/Routing/Route->run()
#9 D:/xampp/htdocs/Laravel-Assessment/laravel-assessment/vendor/laravel/framework/src/Illuminate/Pipeline/Pipeline.php(144): Illuminate/Routing/Router->Illuminate/Routing/{closure}(Object(Illuminate/Http/Request))
#10 D:/xampp/htdocs/Laravel-Assessment/laravel-assessment/vendor/laravel/framework/src/Illuminate/Routing/Middleware/SubstituteBindings.php(50): Illuminate/Pipeline/Pipeline->Illuminate/Pipeline/{closure}(Object(Illuminate/Http/Request))
#11 D:/xampp/htdocs/Laravel-Assessment/laravel-assessment/vendor/laravel/framework/src/Illuminate/Pipeline/Pipeline.php(183): Illuminate/Routing/Middleware/SubstituteBindings->handle(Object(Illuminate/Http/Request), Object(Closure))
#12 D:/xampp/htdocs/Laravel-Assessment/laravel-assessment/vendor/laravel/framework/src/Illuminate/Routing/Middleware/ThrottleRequests.php(159): Illuminate/Pipeline/Pipeline->Illuminate/Pipeline/{closure}(Object(Illuminate/Http/Request))
#13 D:/xampp/htdocs/Laravel-Assessment/laravel-assessment/vendor/laravel/framework/src/Illuminate/Routing/Middleware/ThrottleRequests.php(135): Illuminate/Routing/Middleware/ThrottleRequests->handleRequest(Object(Illuminate/Http/Request), Object(Closure), Array)
#14 D:/xampp/htdocs/Laravel-Assessment/laravel-assessment/vendor/laravel/framework/src/Illuminate/Routing/Middleware/ThrottleRequests.php(87): Illuminate/Routing/Middleware/ThrottleRequests->handleRequestUsingNamedLimiter(Object(Illuminate/Http/Request), Object(Closure), 'api', Object(Closure))
#15 D:/xampp/htdocs/Laravel-Assessment/laravel-assessment/vendor/laravel/framework/src/Illuminate/Pipeline/Pipeline.php(183): Illuminate/Routing/Middleware/ThrottleRequests->handle(Object(Illuminate/Http/Request), Object(Closure), 'api')
#16 D:/xampp/htdocs/Laravel-Assessment/laravel-assessment/vendor/laravel/framework/src/Illuminate/Auth/Middleware/Authenticate.php(57): Illuminate/Pipeline/Pipeline->Illuminate/Pipeline/{closure}(Object(Illuminate/Http/Request))
#17 D:/xampp/htdocs/Laravel-Assessment/laravel-assessment/vendor/laravel/framework/src/Illuminate/Pipeline/Pipeline.php(183): Illuminate/Auth/Middleware/Authenticate->handle(Object(Illuminate/Http/Request), Object(Closure), 'api')
#18 D:/xampp/htdocs/Laravel-Assessment/laravel-assessment/vendor/laravel/framework/src/Illuminate/Pipeline/Pipeline.php(119): Illuminate/Pipeline/Pipeline->Illuminate/Pipeline/{closure}(Object(Illuminate/Http/Request))
#19 D:/xampp/htdocs/Laravel-Assessment/laravel-assessment/vendor/laravel/framework/src/Illuminate/Routing/Router.php(807): Illuminate/Pipeline/Pipeline->then(Object(Closure))
#20 D:/xampp/htdocs/Laravel-Assessment/laravel-assessment/vendor/laravel/framework/src/Illuminate/Routing/Router.php(784): Illuminate/Routing/Router->runRouteWithinStack(Object(Illuminate/Routing/Route), Object(Illuminate/Http/Request))
#21 D:/xampp/htdocs/Laravel-Assessment/laravel-assessment/vendor/laravel/framework/src/Illuminate/Routing/Router.php(748): Illuminate/Routing/Router->runRoute(Object(Illuminate/Http/Request), Object(Illuminate/Routing/Route))
#22 D:/xampp/htdocs/Laravel-Assessment/laravel-assessment/vendor/laravel/framework/src/Illuminate/Routing/Router.php(737): Illuminate/Routing/Router->dispatchToRoute(Object(Illuminate/Http/Request))
#23 D:/xampp/htdocs/Laravel-Assessment/laravel-assessment/vendor/laravel/framework/src/Illuminate/Foundation/Http/Kernel.php(200): Illuminate/Routing/Router->dispatch(Object(Illuminate/Http/Request))
#24 D:/xampp/htdocs/Laravel-Assessment/laravel-assessment/vendor/laravel/framework/src/Illuminate/Pipeline/Pipeline.php(144): Illuminate/Foundation/Http/Kernel->Illuminate/Foundation/Http/{closure}(Object(Illuminate/Http/Request))
#25 D:/xampp/htdocs/Laravel-Assessment/laravel-assessment/vendor/laravel/framework/src/Illuminate/Foundation/Http/Middleware/TransformsRequest.php(21): Illuminate/Pipeline/Pipeline->Illuminate/Pipeline/{closure}(Object(Illuminate/Http/Request))
#26 D:/xampp/htdocs/Laravel-Assessment/laravel-assessment/vendor/laravel/framework/src/Illuminate/Foundation/Http/Middleware/ConvertEmptyStringsToNull.php(31): Illuminate/Foundation/Http/Middleware/TransformsRequest->handle(Object(Illuminate/Http/Request), Object(Closure))
#27 D:/xampp/htdocs/Laravel-Assessment/laravel-assessment/vendor/laravel/framework/src/Illuminate/Pipeline/Pipeline.php(183): Illuminate/Foundation/Http/Middleware/ConvertEmptyStringsToNull->handle(Object(Illuminate/Http/Request), Object(Closure))
#28 D:/xampp/htdocs/Laravel-Assessment/laravel-assessment/vendor/laravel/framework/src/Illuminate/Foundation/Http/Middleware/TransformsRequest.php(21): Illuminate/Pipeline/Pipeline->Illuminate/Pipeline/{closure}(Object(Illuminate/Http/Request))
#29 D:/xampp/htdocs/Laravel-Assessment/laravel-assessment/vendor/laravel/framework/src/Illuminate/Foundation/Http/Middleware/TrimStrings.php(40): Illuminate/Foundation/Http/Middleware/TransformsRequest->handle(Object(Illuminate/Http/Request), Object(Closure))
#30 D:/xampp/htdocs/Laravel-Assessment/laravel-assessment/vendor/laravel/framework/src/Illuminate/Pipeline/Pipeline.php(183): Illuminate/Foundation/Http/Middleware/TrimStrings->handle(Object(Illuminate/Http/Request), Object(Closure))
#31 D:/xampp/htdocs/Laravel-Assessment/laravel-assessment/vendor/laravel/framework/src/Illuminate/Foundation/Http/Middleware/ValidatePostSize.php(27): Illuminate/Pipeline/Pipeline->Illuminate/Pipeline/{closure}(Object(Illuminate/Http/Request))
#32 D:/xampp/htdocs/Laravel-Assessment/laravel-assessment/vendor/laravel/framework/src/Illuminate/Pipeline/Pipeline.php(183): Illuminate/Foundation/Http/Middleware/ValidatePostSize->handle(Object(Illuminate/Http/Request), Object(Closure))
#33 D:/xampp/htdocs/Laravel-Assessment/laravel-assessment/vendor/laravel/framework/src/Illuminate/Foundation/Http/Middleware/PreventRequestsDuringMaintenance.php(99): Illuminate/Pipeline/Pipeline->Illuminate/Pipeline/{closure}(Object(Illuminate/Http/Request))
#34 D:/xampp/htdocs/Laravel-Assessment/laravel-assessment/vendor/laravel/framework/src/Illuminate/Pipeline/Pipeline.php(183): Illuminate/Foundation/Http/Middleware/PreventRequestsDuringMaintenance->handle(Object(Illuminate/Http/Request), Object(Closure))
#35 D:/xampp/htdocs/Laravel-Assessment/laravel-assessment/vendor/laravel/framework/src/Illuminate/Http/Middleware/HandleCors.php(62): Illuminate/Pipeline/Pipeline->Illuminate/Pipeline/{closure}(Object(Illuminate/Http/Request))
#36 D:/xampp/htdocs/Laravel-Assessment/laravel-assessment/vendor/laravel/framework/src/Illuminate/Pipeline/Pipeline.php(183): Illuminate/Http/Middleware/HandleCors->handle(Object(Illuminate/Http/Request), Object(Closure))
#37 D:/xampp/htdocs/Laravel-Assessment/laravel-assessment/vendor/laravel/framework/src/Illuminate/Http/Middleware/TrustProxies.php(39): Illuminate/Pipeline/Pipeline->Illuminate/Pipeline/{closure}(Object(Illuminate/Http/Request))
#38 D:/xampp/htdocs/Laravel-Assessment/laravel-assessment/vendor/laravel/framework/src/Illuminate/Pipeline/Pipeline.php(183): Illuminate/Http/Middleware/TrustProxies->handle(Object(Illuminate/Http/Request), Object(Closure))
#39 D:/xampp/htdocs/Laravel-Assessment/laravel-assessment/vendor/laravel/framework/src/Illuminate/Pipeline/Pipeline.php(119): Illuminate/Pipeline/Pipeline->Illuminate/Pipeline/{closure}(Object(Illuminate/Http/Request))
#40 D:/xampp/htdocs/Laravel-Assessment/laravel-assessment/vendor/laravel/framework/src/Illuminate/Foundation/Http/Kernel.php(175): Illuminate/Pipeline/Pipeline->then(Object(Closure))
#41 D:/xampp/htdocs/Laravel-Assessment/laravel-assessment/vendor/laravel/framework/src/Illuminate/Foundation/Http/Kernel.php(144): Illuminate/Foundation/Http/Kernel->sendRequestThroughRouter(Object(Illuminate/Http/Request))
#42 D:/xampp/htdocs/Laravel-Assessment/laravel-assessment/public/index.php(52): Illuminate/Foundation/Http/Kernel->handle(Object(Illuminate/Http/Request))
#43 D:/xampp/htdocs/Laravel-Assessment/laravel-assessment/vendor/laravel/framework/src/Illuminate/Foundation/resources/server.php(16): require_once('D://xampp//htdocs...')
#44 {main}
"} 
[2026-07-11 09:31:33] local.ERROR: The resource owner or authorization server denied the request. {"exception":"[object] (League\\OAuth2\\Server\\Exception\\OAuthServerException(code: 9): The resource owner or authorization server denied the request. at D:/xampp/htdocs/Laravel-Assessment/laravel-assessment/vendor/league/oauth2-server/src/Exception/OAuthServerException.php:243)
[stacktrace]
#0 D:/xampp/htdocs/Laravel-Assessment/laravel-assessment/vendor/league/oauth2-server/src/AuthorizationValidators/BearerTokenValidator.php(126): League/OAuth2/Server/Exception/OAuthServerException::accessDenied('Access token ha...')
#1 D:/xampp/htdocs/Laravel-Assessment/laravel-assessment/vendor/league/oauth2-server/src/ResourceServer.php(84): League/OAuth2/Server/AuthorizationValidators/BearerTokenValidator->validateAuthorization(Object(Nyholm/Psr7/ServerRequest))
#2 D:/xampp/htdocs/Laravel-Assessment/laravel-assessment/vendor/laravel/passport/src/Guards/TokenGuard.php(232): League/OAuth2/Server/ResourceServer->validateAuthenticatedRequest(Object(Nyholm/Psr7/ServerRequest))
#3 D:/xampp/htdocs/Laravel-Assessment/laravel-assessment/vendor/laravel/passport/src/Guards/TokenGuard.php(178): Laravel/Passport/Guards/TokenGuard->getPsrRequestViaBearerToken(Object(Illuminate/Http/Request))
#4 D:/xampp/htdocs/Laravel-Assessment/laravel-assessment/vendor/laravel/passport/src/Guards/TokenGuard.php(120): Laravel/Passport/Guards/TokenGuard->authenticateViaBearerToken(Object(Illuminate/Http/Request))
#5 D:/xampp/htdocs/Laravel-Assessment/laravel-assessment/vendor/laravel/framework/src/Illuminate/Auth/GuardHelpers.php(56): Laravel/Passport/Guards/TokenGuard->user()
#6 D:/xampp/htdocs/Laravel-Assessment/laravel-assessment/vendor/laravel/framework/src/Illuminate/Auth/Middleware/Authenticate.php(76): Laravel/Passport/Guards/TokenGuard->check()
#7 D:/xampp/htdocs/Laravel-Assessment/laravel-assessment/vendor/laravel/framework/src/Illuminate/Auth/Middleware/Authenticate.php(55): Illuminate/Auth/Middleware/Authenticate->authenticate(Object(Illuminate/Http/Request), Array)
#8 D:/xampp/htdocs/Laravel-Assessment/laravel-assessment/vendor/laravel/framework/src/Illuminate/Pipeline/Pipeline.php(183): Illuminate/Auth/Middleware/Authenticate->handle(Object(Illuminate/Http/Request), Object(Closure), 'api')
#9 D:/xampp/htdocs/Laravel-Assessment/laravel-assessment/vendor/laravel/framework/src/Illuminate/Pipeline/Pipeline.php(119): Illuminate/Pipeline/Pipeline->Illuminate/Pipeline/{closure}(Object(Illuminate/Http/Request))
#10 D:/xampp/htdocs/Laravel-Assessment/laravel-assessment/vendor/laravel/framework/src/Illuminate/Routing/Router.php(807): Illuminate/Pipeline/Pipeline->then(Object(Closure))
#11 D:/xampp/htdocs/Laravel-Assessment/laravel-assessment/vendor/laravel/framework/src/Illuminate/Routing/Router.php(784): Illuminate/Routing/Router->runRouteWithinStack(Object(Illuminate/Routing/Route), Object(Illuminate/Http/Request))
#12 D:/xampp/htdocs/Laravel-Assessment/laravel-assessment/vendor/laravel/framework/src/Illuminate/Routing/Router.php(748): Illuminate/Routing/Router->runRoute(Object(Illuminate/Http/Request), Object(Illuminate/Routing/Route))
#13 D:/xampp/htdocs/Laravel-Assessment/laravel-assessment/vendor/laravel/framework/src/Illuminate/Routing/Router.php(737): Illuminate/Routing/Router->dispatchToRoute(Object(Illuminate/Http/Request))
#14 D:/xampp/htdocs/Laravel-Assessment/laravel-assessment/vendor/laravel/framework/src/Illuminate/Foundation/Http/Kernel.php(200): Illuminate/Routing/Router->dispatch(Object(Illuminate/Http/Request))
#15 D:/xampp/htdocs/Laravel-Assessment/laravel-assessment/vendor/laravel/framework/src/Illuminate/Pipeline/Pipeline.php(144): Illuminate/Foundation/Http/Kernel->Illuminate/Foundation/Http/{closure}(Object(Illuminate/Http/Request))
#16 D:/xampp/htdocs/Laravel-Assessment/laravel-assessment/vendor/laravel/framework/src/Illuminate/Foundation/Http/Middleware/TransformsRequest.php(21): Illuminate/Pipeline/Pipeline->Illuminate/Pipeline/{closure}(Object(Illuminate/Http/Request))
#17 D:/xampp/htdocs/Laravel-Assessment/laravel-assessment/vendor/laravel/framework/src/Illuminate/Foundation/Http/Middleware/ConvertEmptyStringsToNull.php(31): Illuminate/Foundation/Http/Middleware/TransformsRequest->handle(Object(Illuminate/Http/Request), Object(Closure))
#18 D:/xampp/htdocs/Laravel-Assessment/laravel-assessment/vendor/laravel/framework/src/Illuminate/Pipeline/Pipeline.php(183): Illuminate/Foundation/Http/Middleware/ConvertEmptyStringsToNull->handle(Object(Illuminate/Http/Request), Object(Closure))
#19 D:/xampp/htdocs/Laravel-Assessment/laravel-assessment/vendor/laravel/framework/src/Illuminate/Foundation/Http/Middleware/TransformsRequest.php(21): Illuminate/Pipeline/Pipeline->Illuminate/Pipeline/{closure}(Object(Illuminate/Http/Request))
#20 D:/xampp/htdocs/Laravel-Assessment/laravel-assessment/vendor/laravel/framework/src/Illuminate/Foundation/Http/Middleware/TrimStrings.php(40): Illuminate/Foundation/Http/Middleware/TransformsRequest->handle(Object(Illuminate/Http/Request), Object(Closure))
#21 D:/xampp/htdocs/Laravel-Assessment/laravel-assessment/vendor/laravel/framework/src/Illuminate/Pipeline/Pipeline.php(183): Illuminate/Foundation/Http/Middleware/TrimStrings->handle(Object(Illuminate/Http/Request), Object(Closure))
#22 D:/xampp/htdocs/Laravel-Assessment/laravel-assessment/vendor/laravel/framework/src/Illuminate/Foundation/Http/Middleware/ValidatePostSize.php(27): Illuminate/Pipeline/Pipeline->Illuminate/Pipeline/{closure}(Object(Illuminate/Http/Request))
#23 D:/xampp/htdocs/Laravel-Assessment/laravel-assessment/vendor/laravel/framework/src/Illuminate/Pipeline/Pipeline.php(183): Illuminate/Foundation/Http/Middleware/ValidatePostSize->handle(Object(Illuminate/Http/Request), Object(Closure))
#24 D:/xampp/htdocs/Laravel-Assessment/laravel-assessment/vendor/laravel/framework/src/Illuminate/Foundation/Http/Middleware/PreventRequestsDuringMaintenance.php(99): Illuminate/Pipeline/Pipeline->Illuminate/Pipeline/{closure}(Object(Illuminate/Http/Request))
#25 D:/xampp/htdocs/Laravel-Assessment/laravel-assessment/vendor/laravel/framework/src/Illuminate/Pipeline/Pipeline.php(183): Illuminate/Foundation/Http/Middleware/PreventRequestsDuringMaintenance->handle(Object(Illuminate/Http/Request), Object(Closure))
#26 D:/xampp/htdocs/Laravel-Assessment/laravel-assessment/vendor/laravel/framework/src/Illuminate/Http/Middleware/HandleCors.php(62): Illuminate/Pipeline/Pipeline->Illuminate/Pipeline/{closure}(Object(Illuminate/Http/Request))
#27 D:/xampp/htdocs/Laravel-Assessment/laravel-assessment/vendor/laravel/framework/src/Illuminate/Pipeline/Pipeline.php(183): Illuminate/Http/Middleware/HandleCors->handle(Object(Illuminate/Http/Request), Object(Closure))
#28 D:/xampp/htdocs/Laravel-Assessment/laravel-assessment/vendor/laravel/framework/src/Illuminate/Http/Middleware/TrustProxies.php(39): Illuminate/Pipeline/Pipeline->Illuminate/Pipeline/{closure}(Object(Illuminate/Http/Request))
#29 D:/xampp/htdocs/Laravel-Assessment/laravel-assessment/vendor/laravel/framework/src/Illuminate/Pipeline/Pipeline.php(183): Illuminate/Http/Middleware/TrustProxies->handle(Object(Illuminate/Http/Request), Object(Closure))
#30 D:/xampp/htdocs/Laravel-Assessment/laravel-assessment/vendor/laravel/framework/src/Illuminate/Pipeline/Pipeline.php(119): Illuminate/Pipeline/Pipeline->Illuminate/Pipeline/{closure}(Object(Illuminate/Http/Request))
#31 D:/xampp/htdocs/Laravel-Assessment/laravel-assessment/vendor/laravel/framework/src/Illuminate/Foundation/Http/Kernel.php(175): Illuminate/Pipeline/Pipeline->then(Object(Closure))
#32 D:/xampp/htdocs/Laravel-Assessment/laravel-assessment/vendor/laravel/framework/src/Illuminate/Foundation/Http/Kernel.php(144): Illuminate/Foundation/Http/Kernel->sendRequestThroughRouter(Object(Illuminate/Http/Request))
#33 D:/xampp/htdocs/Laravel-Assessment/laravel-assessment/public/index.php(52): Illuminate/Foundation/Http/Kernel->handle(Object(Illuminate/Http/Request))
#34 D:/xampp/htdocs/Laravel-Assessment/laravel-assessment/vendor/laravel/framework/src/Illuminate/Foundation/resources/server.php(16): require_once('D://xampp//htdocs...')
#35 {main}
"} 
[2026-07-11 09:31:33] local.ERROR: Route [login] not defined. {"exception":"[object] (Symfony\\Component\\Routing\\Exception\\RouteNotFoundException(code: 0): Route [login] not defined. at D:/xampp/htdocs/Laravel-Assessment/laravel-assessment/vendor/laravel/framework/src/Illuminate/Routing/UrlGenerator.php:477)
[stacktrace]
#0 D:/xampp/htdocs/Laravel-Assessment/laravel-assessment/vendor/laravel/framework/src/Illuminate/Foundation/helpers.php(811): Illuminate/Routing/UrlGenerator->route('login', Array, true)
#1 D:/xampp/htdocs/Laravel-Assessment/laravel-assessment/app/Http/Middleware/Authenticate.php(15): route('login')
#2 D:/xampp/htdocs/Laravel-Assessment/laravel-assessment/vendor/laravel/framework/src/Illuminate/Auth/Middleware/Authenticate.php(96): App/Http/Middleware/Authenticate->redirectTo(Object(Illuminate/Http/Request))
#3 D:/xampp/htdocs/Laravel-Assessment/laravel-assessment/vendor/laravel/framework/src/Illuminate/Auth/Middleware/Authenticate.php(81): Illuminate/Auth/Middleware/Authenticate->unauthenticated(Object(Illuminate/Http/Request), Array)
#4 D:/xampp/htdocs/Laravel-Assessment/laravel-assessment/vendor/laravel/framework/src/Illuminate/Auth/Middleware/Authenticate.php(55): Illuminate/Auth/Middleware/Authenticate->authenticate(Object(Illuminate/Http/Request), Array)
#5 D:/xampp/htdocs/Laravel-Assessment/laravel-assessment/vendor/laravel/framework/src/Illuminate/Pipeline/Pipeline.php(183): Illuminate/Auth/Middleware/Authenticate->handle(Object(Illuminate/Http/Request), Object(Closure), 'api')
#6 D:/xampp/htdocs/Laravel-Assessment/laravel-assessment/vendor/laravel/framework/src/Illuminate/Pipeline/Pipeline.php(119): Illuminate/Pipeline/Pipeline->Illuminate/Pipeline/{closure}(Object(Illuminate/Http/Request))
#7 D:/xampp/htdocs/Laravel-Assessment/laravel-assessment/vendor/laravel/framework/src/Illuminate/Routing/Router.php(807): Illuminate/Pipeline/Pipeline->then(Object(Closure))
#8 D:/xampp/htdocs/Laravel-Assessment/laravel-assessment/vendor/laravel/framework/src/Illuminate/Routing/Router.php(784): Illuminate/Routing/Router->runRouteWithinStack(Object(Illuminate/Routing/Route), Object(Illuminate/Http/Request))
#9 D:/xampp/htdocs/Laravel-Assessment/laravel-assessment/vendor/laravel/framework/src/Illuminate/Routing/Router.php(748): Illuminate/Routing/Router->runRoute(Object(Illuminate/Http/Request), Object(Illuminate/Routing/Route))
#10 D:/xampp/htdocs/Laravel-Assessment/laravel-assessment/vendor/laravel/framework/src/Illuminate/Routing/Router.php(737): Illuminate/Routing/Router->dispatchToRoute(Object(Illuminate/Http/Request))
#11 D:/xampp/htdocs/Laravel-Assessment/laravel-assessment/vendor/laravel/framework/src/Illuminate/Foundation/Http/Kernel.php(200): Illuminate/Routing/Router->dispatch(Object(Illuminate/Http/Request))
#12 D:/xampp/htdocs/Laravel-Assessment/laravel-assessment/vendor/laravel/framework/src/Illuminate/Pipeline/Pipeline.php(144): Illuminate/Foundation/Http/Kernel->Illuminate/Foundation/Http/{closure}(Object(Illuminate/Http/Request))
#13 D:/xampp/htdocs/Laravel-Assessment/laravel-assessment/vendor/laravel/framework/src/Illuminate/Foundation/Http/Middleware/TransformsRequest.php(21): Illuminate/Pipeline/Pipeline->Illuminate/Pipeline/{closure}(Object(Illuminate/Http/Request))
#14 D:/xampp/htdocs/Laravel-Assessment/laravel-assessment/vendor/laravel/framework/src/Illuminate/Foundation/Http/Middleware/ConvertEmptyStringsToNull.php(31): Illuminate/Foundation/Http/Middleware/TransformsRequest->handle(Object(Illuminate/Http/Request), Object(Closure))
#15 D:/xampp/htdocs/Laravel-Assessment/laravel-assessment/vendor/laravel/framework/src/Illuminate/Pipeline/Pipeline.php(183): Illuminate/Foundation/Http/Middleware/ConvertEmptyStringsToNull->handle(Object(Illuminate/Http/Request), Object(Closure))
#16 D:/xampp/htdocs/Laravel-Assessment/laravel-assessment/vendor/laravel/framework/src/Illuminate/Foundation/Http/Middleware/TransformsRequest.php(21): Illuminate/Pipeline/Pipeline->Illuminate/Pipeline/{closure}(Object(Illuminate/Http/Request))
#17 D:/xampp/htdocs/Laravel-Assessment/laravel-assessment/vendor/laravel/framework/src/Illuminate/Foundation/Http/Middleware/TrimStrings.php(40): Illuminate/Foundation/Http/Middleware/TransformsRequest->handle(Object(Illuminate/Http/Request), Object(Closure))
#18 D:/xampp/htdocs/Laravel-Assessment/laravel-assessment/vendor/laravel/framework/src/Illuminate/Pipeline/Pipeline.php(183): Illuminate/Foundation/Http/Middleware/TrimStrings->handle(Object(Illuminate/Http/Request), Object(Closure))
#19 D:/xampp/htdocs/Laravel-Assessment/laravel-assessment/vendor/laravel/framework/src/Illuminate/Foundation/Http/Middleware/ValidatePostSize.php(27): Illuminate/Pipeline/Pipeline->Illuminate/Pipeline/{closure}(Object(Illuminate/Http/Request))
#20 D:/xampp/htdocs/Laravel-Assessment/laravel-assessment/vendor/laravel/framework/src/Illuminate/Pipeline/Pipeline.php(183): Illuminate/Foundation/Http/Middleware/ValidatePostSize->handle(Object(Illuminate/Http/Request), Object(Closure))
#21 D:/xampp/htdocs/Laravel-Assessment/laravel-assessment/vendor/laravel/framework/src/Illuminate/Foundation/Http/Middleware/PreventRequestsDuringMaintenance.php(99): Illuminate/Pipeline/Pipeline->Illuminate/Pipeline/{closure}(Object(Illuminate/Http/Request))
#22 D:/xampp/htdocs/Laravel-Assessment/laravel-assessment/vendor/laravel/framework/src/Illuminate/Pipeline/Pipeline.php(183): Illuminate/Foundation/Http/Middleware/PreventRequestsDuringMaintenance->handle(Object(Illuminate/Http/Request), Object(Closure))
#23 D:/xampp/htdocs/Laravel-Assessment/laravel-assessment/vendor/laravel/framework/src/Illuminate/Http/Middleware/HandleCors.php(62): Illuminate/Pipeline/Pipeline->Illuminate/Pipeline/{closure}(Object(Illuminate/Http/Request))
#24 D:/xampp/htdocs/Laravel-Assessment/laravel-assessment/vendor/laravel/framework/src/Illuminate/Pipeline/Pipeline.php(183): Illuminate/Http/Middleware/HandleCors->handle(Object(Illuminate/Http/Request), Object(Closure))
#25 D:/xampp/htdocs/Laravel-Assessment/laravel-assessment/vendor/laravel/framework/src/Illuminate/Http/Middleware/TrustProxies.php(39): Illuminate/Pipeline/Pipeline->Illuminate/Pipeline/{closure}(Object(Illuminate/Http/Request))
#26 D:/xampp/htdocs/Laravel-Assessment/laravel-assessment/vendor/laravel/framework/src/Illuminate/Pipeline/Pipeline.php(183): Illuminate/Http/Middleware/TrustProxies->handle(Object(Illuminate/Http/Request), Object(Closure))
#27 D:/xampp/htdocs/Laravel-Assessment/laravel-assessment/vendor/laravel/framework/src/Illuminate/Pipeline/Pipeline.php(119): Illuminate/Pipeline/Pipeline->Illuminate/Pipeline/{closure}(Object(Illuminate/Http/Request))
#28 D:/xampp/htdocs/Laravel-Assessment/laravel-assessment/vendor/laravel/framework/src/Illuminate/Foundation/Http/Kernel.php(175): Illuminate/Pipeline/Pipeline->then(Object(Closure))
#29 D:/xampp/htdocs/Laravel-Assessment/laravel-assessment/vendor/laravel/framework/src/Illuminate/Foundation/Http/Kernel.php(144): Illuminate/Foundation/Http/Kernel->sendRequestThroughRouter(Object(Illuminate/Http/Request))
#30 D:/xampp/htdocs/Laravel-Assessment/laravel-assessment/public/index.php(52): Illuminate/Foundation/Http/Kernel->handle(Object(Illuminate/Http/Request))
#31 D:/xampp/htdocs/Laravel-Assessment/laravel-assessment/vendor/laravel/framework/src/Illuminate/Foundation/resources/server.php(16): require_once('D://xampp//htdocs...')
#32 {main}
"} 
[2026-07-11 09:32:06] local.ERROR: Personal access client not found. Please create one. {"userId":1,"exception":"[object] (RuntimeException(code: 0): Personal access client not found. Please create one. at D:/xampp/htdocs/Laravel-Assessment/laravel-assessment/vendor/laravel/passport/src/ClientRepository.php:122)
[stacktrace]
#0 D:/xampp/htdocs/Laravel-Assessment/laravel-assessment/vendor/laravel/passport/src/PersonalAccessTokenFactory.php(72): Laravel/Passport/ClientRepository->personalAccessClient()
#1 D:/xampp/htdocs/Laravel-Assessment/laravel-assessment/vendor/laravel/passport/src/HasApiTokens.php(67): Laravel/Passport/PersonalAccessTokenFactory->make(1, 'Api Token', Array)
#2 D:/xampp/htdocs/Laravel-Assessment/laravel-assessment/app/Http/Controllers/Api/AuthController.php(43): App/Models/User->createToken('Api Token')
#3 D:/xampp/htdocs/Laravel-Assessment/laravel-assessment/vendor/laravel/framework/src/Illuminate/Routing/Controller.php(54): App/Http/Controllers/Api/AuthController->login(Object(Illuminate/Http/Request))
#4 D:/xampp/htdocs/Laravel-Assessment/laravel-assessment/vendor/laravel/framework/src/Illuminate/Routing/ControllerDispatcher.php(43): Illuminate/Routing/Controller->callAction('login', Array)
#5 D:/xampp/htdocs/Laravel-Assessment/laravel-assessment/vendor/laravel/framework/src/Illuminate/Routing/Route.php(260): Illuminate/Routing/ControllerDispatcher->dispatch(Object(Illuminate/Routing/Route), Object(App/Http/Controllers/Api/AuthController), 'login')
#6 D:/xampp/htdocs/Laravel-Assessment/laravel-assessment/vendor/laravel/framework/src/Illuminate/Routing/Route.php(205): Illuminate/Routing/Route->runController()
#7 D:/xampp/htdocs/Laravel-Assessment/laravel-assessment/vendor/laravel/framework/src/Illuminate/Routing/Router.php(806): Illuminate/Routing/Route->run()
#8 D:/xampp/htdocs/Laravel-Assessment/laravel-assessment/vendor/laravel/framework/src/Illuminate/Pipeline/Pipeline.php(144): Illuminate/Routing/Router->Illuminate/Routing/{closure}(Object(Illuminate/Http/Request))
#9 D:/xampp/htdocs/Laravel-Assessment/laravel-assessment/vendor/laravel/framework/src/Illuminate/Routing/Middleware/SubstituteBindings.php(50): Illuminate/Pipeline/Pipeline->Illuminate/Pipeline/{closure}(Object(Illuminate/Http/Request))
#10 D:/xampp/htdocs/Laravel-Assessment/laravel-assessment/vendor/laravel/framework/src/Illuminate/Pipeline/Pipeline.php(183): Illuminate/Routing/Middleware/SubstituteBindings->handle(Object(Illuminate/Http/Request), Object(Closure))
#11 D:/xampp/htdocs/Laravel-Assessment/laravel-assessment/vendor/laravel/framework/src/Illuminate/Routing/Middleware/ThrottleRequests.php(159): Illuminate/Pipeline/Pipeline->Illuminate/Pipeline/{closure}(Object(Illuminate/Http/Request))
#12 D:/xampp/htdocs/Laravel-Assessment/laravel-assessment/vendor/laravel/framework/src/Illuminate/Routing/Middleware/ThrottleRequests.php(135): Illuminate/Routing/Middleware/ThrottleRequests->handleRequest(Object(Illuminate/Http/Request), Object(Closure), Array)
#13 D:/xampp/htdocs/Laravel-Assessment/laravel-assessment/vendor/laravel/framework/src/Illuminate/Routing/Middleware/ThrottleRequests.php(87): Illuminate/Routing/Middleware/ThrottleRequests->handleRequestUsingNamedLimiter(Object(Illuminate/Http/Request), Object(Closure), 'api', Object(Closure))
#14 D:/xampp/htdocs/Laravel-Assessment/laravel-assessment/vendor/laravel/framework/src/Illuminate/Pipeline/Pipeline.php(183): Illuminate/Routing/Middleware/ThrottleRequests->handle(Object(Illuminate/Http/Request), Object(Closure), 'api')
#15 D:/xampp/htdocs/Laravel-Assessment/laravel-assessment/vendor/laravel/framework/src/Illuminate/Pipeline/Pipeline.php(119): Illuminate/Pipeline/Pipeline->Illuminate/Pipeline/{closure}(Object(Illuminate/Http/Request))
#16 D:/xampp/htdocs/Laravel-Assessment/laravel-assessment/vendor/laravel/framework/src/Illuminate/Routing/Router.php(807): Illuminate/Pipeline/Pipeline->then(Object(Closure))
#17 D:/xampp/htdocs/Laravel-Assessment/laravel-assessment/vendor/laravel/framework/src/Illuminate/Routing/Router.php(784): Illuminate/Routing/Router->runRouteWithinStack(Object(Illuminate/Routing/Route), Object(Illuminate/Http/Request))
#18 D:/xampp/htdocs/Laravel-Assessment/laravel-assessment/vendor/laravel/framework/src/Illuminate/Routing/Router.php(748): Illuminate/Routing/Router->runRoute(Object(Illuminate/Http/Request), Object(Illuminate/Routing/Route))
#19 D:/xampp/htdocs/Laravel-Assessment/laravel-assessment/vendor/laravel/framework/src/Illuminate/Routing/Router.php(737): Illuminate/Routing/Router->dispatchToRoute(Object(Illuminate/Http/Request))
#20 D:/xampp/htdocs/Laravel-Assessment/laravel-assessment/vendor/laravel/framework/src/Illuminate/Foundation/Http/Kernel.php(200): Illuminate/Routing/Router->dispatch(Object(Illuminate/Http/Request))
#21 D:/xampp/htdocs/Laravel-Assessment/laravel-assessment/vendor/laravel/framework/src/Illuminate/Pipeline/Pipeline.php(144): Illuminate/Foundation/Http/Kernel->Illuminate/Foundation/Http/{closure}(Object(Illuminate/Http/Request))
#22 D:/xampp/htdocs/Laravel-Assessment/laravel-assessment/vendor/laravel/framework/src/Illuminate/Foundation/Http/Middleware/TransformsRequest.php(21): Illuminate/Pipeline/Pipeline->Illuminate/Pipeline/{closure}(Object(Illuminate/Http/Request))
#23 D:/xampp/htdocs/Laravel-Assessment/laravel-assessment/vendor/laravel/framework/src/Illuminate/Foundation/Http/Middleware/ConvertEmptyStringsToNull.php(31): Illuminate/Foundation/Http/Middleware/TransformsRequest->handle(Object(Illuminate/Http/Request), Object(Closure))
#24 D:/xampp/htdocs/Laravel-Assessment/laravel-assessment/vendor/laravel/framework/src/Illuminate/Pipeline/Pipeline.php(183): Illuminate/Foundation/Http/Middleware/ConvertEmptyStringsToNull->handle(Object(Illuminate/Http/Request), Object(Closure))
#25 D:/xampp/htdocs/Laravel-Assessment/laravel-assessment/vendor/laravel/framework/src/Illuminate/Foundation/Http/Middleware/TransformsRequest.php(21): Illuminate/Pipeline/Pipeline->Illuminate/Pipeline/{closure}(Object(Illuminate/Http/Request))
#26 D:/xampp/htdocs/Laravel-Assessment/laravel-assessment/vendor/laravel/framework/src/Illuminate/Foundation/Http/Middleware/TrimStrings.php(40): Illuminate/Foundation/Http/Middleware/TransformsRequest->handle(Object(Illuminate/Http/Request), Object(Closure))
#27 D:/xampp/htdocs/Laravel-Assessment/laravel-assessment/vendor/laravel/framework/src/Illuminate/Pipeline/Pipeline.php(183): Illuminate/Foundation/Http/Middleware/TrimStrings->handle(Object(Illuminate/Http/Request), Object(Closure))
#28 D:/xampp/htdocs/Laravel-Assessment/laravel-assessment/vendor/laravel/framework/src/Illuminate/Foundation/Http/Middleware/ValidatePostSize.php(27): Illuminate/Pipeline/Pipeline->Illuminate/Pipeline/{closure}(Object(Illuminate/Http/Request))
#29 D:/xampp/htdocs/Laravel-Assessment/laravel-assessment/vendor/laravel/framework/src/Illuminate/Pipeline/Pipeline.php(183): Illuminate/Foundation/Http/Middleware/ValidatePostSize->handle(Object(Illuminate/Http/Request), Object(Closure))
#30 D:/xampp/htdocs/Laravel-Assessment/laravel-assessment/vendor/laravel/framework/src/Illuminate/Foundation/Http/Middleware/PreventRequestsDuringMaintenance.php(99): Illuminate/Pipeline/Pipeline->Illuminate/Pipeline/{closure}(Object(Illuminate/Http/Request))
#31 D:/xampp/htdocs/Laravel-Assessment/laravel-assessment/vendor/laravel/framework/src/Illuminate/Pipeline/Pipeline.php(183): Illuminate/Foundation/Http/Middleware/PreventRequestsDuringMaintenance->handle(Object(Illuminate/Http/Request), Object(Closure))
#32 D:/xampp/htdocs/Laravel-Assessment/laravel-assessment/vendor/laravel/framework/src/Illuminate/Http/Middleware/HandleCors.php(62): Illuminate/Pipeline/Pipeline->Illuminate/Pipeline/{closure}(Object(Illuminate/Http/Request))
#33 D:/xampp/htdocs/Laravel-Assessment/laravel-assessment/vendor/laravel/framework/src/Illuminate/Pipeline/Pipeline.php(183): Illuminate/Http/Middleware/HandleCors->handle(Object(Illuminate/Http/Request), Object(Closure))
#34 D:/xampp/htdocs/Laravel-Assessment/laravel-assessment/vendor/laravel/framework/src/Illuminate/Http/Middleware/TrustProxies.php(39): Illuminate/Pipeline/Pipeline->Illuminate/Pipeline/{closure}(Object(Illuminate/Http/Request))
#35 D:/xampp/htdocs/Laravel-Assessment/laravel-assessment/vendor/laravel/framework/src/Illuminate/Pipeline/Pipeline.php(183): Illuminate/Http/Middleware/TrustProxies->handle(Object(Illuminate/Http/Request), Object(Closure))
#36 D:/xampp/htdocs/Laravel-Assessment/laravel-assessment/vendor/laravel/framework/src/Illuminate/Pipeline/Pipeline.php(119): Illuminate/Pipeline/Pipeline->Illuminate/Pipeline/{closure}(Object(Illuminate/Http/Request))
#37 D:/xampp/htdocs/Laravel-Assessment/laravel-assessment/vendor/laravel/framework/src/Illuminate/Foundation/Http/Kernel.php(175): Illuminate/Pipeline/Pipeline->then(Object(Closure))
#38 D:/xampp/htdocs/Laravel-Assessment/laravel-assessment/vendor/laravel/framework/src/Illuminate/Foundation/Http/Kernel.php(144): Illuminate/Foundation/Http/Kernel->sendRequestThroughRouter(Object(Illuminate/Http/Request))
#39 D:/xampp/htdocs/Laravel-Assessment/laravel-assessment/public/index.php(52): Illuminate/Foundation/Http/Kernel->handle(Object(Illuminate/Http/Request))
#40 D:/xampp/htdocs/Laravel-Assessment/laravel-assessment/vendor/laravel/framework/src/Illuminate/Foundation/resources/server.php(16): require_once('D://xampp//htdocs...')
#41 {main}
"} 
[2026-07-11 09:34:06] local.ERROR: The resource owner or authorization server denied the request. {"exception":"[object] (League\\OAuth2\\Server\\Exception\\OAuthServerException(code: 9): The resource owner or authorization server denied the request. at D:/xampp/htdocs/Laravel-Assessment/laravel-assessment/vendor/league/oauth2-server/src/Exception/OAuthServerException.php:243)
[stacktrace]
#0 D:/xampp/htdocs/Laravel-Assessment/laravel-assessment/vendor/league/oauth2-server/src/AuthorizationValidators/BearerTokenValidator.php(126): League/OAuth2/Server/Exception/OAuthServerException::accessDenied('Access token ha...')
#1 D:/xampp/htdocs/Laravel-Assessment/laravel-assessment/vendor/league/oauth2-server/src/ResourceServer.php(84): League/OAuth2/Server/AuthorizationValidators/BearerTokenValidator->validateAuthorization(Object(Nyholm/Psr7/ServerRequest))
#2 D:/xampp/htdocs/Laravel-Assessment/laravel-assessment/vendor/laravel/passport/src/Guards/TokenGuard.php(232): League/OAuth2/Server/ResourceServer->validateAuthenticatedRequest(Object(Nyholm/Psr7/ServerRequest))
#3 D:/xampp/htdocs/Laravel-Assessment/laravel-assessment/vendor/laravel/passport/src/Guards/TokenGuard.php(178): Laravel/Passport/Guards/TokenGuard->getPsrRequestViaBearerToken(Object(Illuminate/Http/Request))
#4 D:/xampp/htdocs/Laravel-Assessment/laravel-assessment/vendor/laravel/passport/src/Guards/TokenGuard.php(120): Laravel/Passport/Guards/TokenGuard->authenticateViaBearerToken(Object(Illuminate/Http/Request))
#5 D:/xampp/htdocs/Laravel-Assessment/laravel-assessment/vendor/laravel/framework/src/Illuminate/Auth/GuardHelpers.php(56): Laravel/Passport/Guards/TokenGuard->user()
#6 D:/xampp/htdocs/Laravel-Assessment/laravel-assessment/vendor/laravel/framework/src/Illuminate/Auth/Middleware/Authenticate.php(76): Laravel/Passport/Guards/TokenGuard->check()
#7 D:/xampp/htdocs/Laravel-Assessment/laravel-assessment/vendor/laravel/framework/src/Illuminate/Auth/Middleware/Authenticate.php(55): Illuminate/Auth/Middleware/Authenticate->authenticate(Object(Illuminate/Http/Request), Array)
#8 D:/xampp/htdocs/Laravel-Assessment/laravel-assessment/vendor/laravel/framework/src/Illuminate/Pipeline/Pipeline.php(183): Illuminate/Auth/Middleware/Authenticate->handle(Object(Illuminate/Http/Request), Object(Closure), 'api')
#9 D:/xampp/htdocs/Laravel-Assessment/laravel-assessment/vendor/laravel/framework/src/Illuminate/Pipeline/Pipeline.php(119): Illuminate/Pipeline/Pipeline->Illuminate/Pipeline/{closure}(Object(Illuminate/Http/Request))
#10 D:/xampp/htdocs/Laravel-Assessment/laravel-assessment/vendor/laravel/framework/src/Illuminate/Routing/Router.php(807): Illuminate/Pipeline/Pipeline->then(Object(Closure))
#11 D:/xampp/htdocs/Laravel-Assessment/laravel-assessment/vendor/laravel/framework/src/Illuminate/Routing/Router.php(784): Illuminate/Routing/Router->runRouteWithinStack(Object(Illuminate/Routing/Route), Object(Illuminate/Http/Request))
#12 D:/xampp/htdocs/Laravel-Assessment/laravel-assessment/vendor/laravel/framework/src/Illuminate/Routing/Router.php(748): Illuminate/Routing/Router->runRoute(Object(Illuminate/Http/Request), Object(Illuminate/Routing/Route))
#13 D:/xampp/htdocs/Laravel-Assessment/laravel-assessment/vendor/laravel/framework/src/Illuminate/Routing/Router.php(737): Illuminate/Routing/Router->dispatchToRoute(Object(Illuminate/Http/Request))
#14 D:/xampp/htdocs/Laravel-Assessment/laravel-assessment/vendor/laravel/framework/src/Illuminate/Foundation/Http/Kernel.php(200): Illuminate/Routing/Router->dispatch(Object(Illuminate/Http/Request))
#15 D:/xampp/htdocs/Laravel-Assessment/laravel-assessment/vendor/laravel/framework/src/Illuminate/Pipeline/Pipeline.php(144): Illuminate/Foundation/Http/Kernel->Illuminate/Foundation/Http/{closure}(Object(Illuminate/Http/Request))
#16 D:/xampp/htdocs/Laravel-Assessment/laravel-assessment/vendor/laravel/framework/src/Illuminate/Foundation/Http/Middleware/TransformsRequest.php(21): Illuminate/Pipeline/Pipeline->Illuminate/Pipeline/{closure}(Object(Illuminate/Http/Request))
#17 D:/xampp/htdocs/Laravel-Assessment/laravel-assessment/vendor/laravel/framework/src/Illuminate/Foundation/Http/Middleware/ConvertEmptyStringsToNull.php(31): Illuminate/Foundation/Http/Middleware/TransformsRequest->handle(Object(Illuminate/Http/Request), Object(Closure))
#18 D:/xampp/htdocs/Laravel-Assessment/laravel-assessment/vendor/laravel/framework/src/Illuminate/Pipeline/Pipeline.php(183): Illuminate/Foundation/Http/Middleware/ConvertEmptyStringsToNull->handle(Object(Illuminate/Http/Request), Object(Closure))
#19 D:/xampp/htdocs/Laravel-Assessment/laravel-assessment/vendor/laravel/framework/src/Illuminate/Foundation/Http/Middleware/TransformsRequest.php(21): Illuminate/Pipeline/Pipeline->Illuminate/Pipeline/{closure}(Object(Illuminate/Http/Request))
#20 D:/xampp/htdocs/Laravel-Assessment/laravel-assessment/vendor/laravel/framework/src/Illuminate/Foundation/Http/Middleware/TrimStrings.php(40): Illuminate/Foundation/Http/Middleware/TransformsRequest->handle(Object(Illuminate/Http/Request), Object(Closure))
#21 D:/xampp/htdocs/Laravel-Assessment/laravel-assessment/vendor/laravel/framework/src/Illuminate/Pipeline/Pipeline.php(183): Illuminate/Foundation/Http/Middleware/TrimStrings->handle(Object(Illuminate/Http/Request), Object(Closure))
#22 D:/xampp/htdocs/Laravel-Assessment/laravel-assessment/vendor/laravel/framework/src/Illuminate/Foundation/Http/Middleware/ValidatePostSize.php(27): Illuminate/Pipeline/Pipeline->Illuminate/Pipeline/{closure}(Object(Illuminate/Http/Request))
#23 D:/xampp/htdocs/Laravel-Assessment/laravel-assessment/vendor/laravel/framework/src/Illuminate/Pipeline/Pipeline.php(183): Illuminate/Foundation/Http/Middleware/ValidatePostSize->handle(Object(Illuminate/Http/Request), Object(Closure))
#24 D:/xampp/htdocs/Laravel-Assessment/laravel-assessment/vendor/laravel/framework/src/Illuminate/Foundation/Http/Middleware/PreventRequestsDuringMaintenance.php(99): Illuminate/Pipeline/Pipeline->Illuminate/Pipeline/{closure}(Object(Illuminate/Http/Request))
#25 D:/xampp/htdocs/Laravel-Assessment/laravel-assessment/vendor/laravel/framework/src/Illuminate/Pipeline/Pipeline.php(183): Illuminate/Foundation/Http/Middleware/PreventRequestsDuringMaintenance->handle(Object(Illuminate/Http/Request), Object(Closure))
#26 D:/xampp/htdocs/Laravel-Assessment/laravel-assessment/vendor/laravel/framework/src/Illuminate/Http/Middleware/HandleCors.php(62): Illuminate/Pipeline/Pipeline->Illuminate/Pipeline/{closure}(Object(Illuminate/Http/Request))
#27 D:/xampp/htdocs/Laravel-Assessment/laravel-assessment/vendor/laravel/framework/src/Illuminate/Pipeline/Pipeline.php(183): Illuminate/Http/Middleware/HandleCors->handle(Object(Illuminate/Http/Request), Object(Closure))
#28 D:/xampp/htdocs/Laravel-Assessment/laravel-assessment/vendor/laravel/framework/src/Illuminate/Http/Middleware/TrustProxies.php(39): Illuminate/Pipeline/Pipeline->Illuminate/Pipeline/{closure}(Object(Illuminate/Http/Request))
#29 D:/xampp/htdocs/Laravel-Assessment/laravel-assessment/vendor/laravel/framework/src/Illuminate/Pipeline/Pipeline.php(183): Illuminate/Http/Middleware/TrustProxies->handle(Object(Illuminate/Http/Request), Object(Closure))
#30 D:/xampp/htdocs/Laravel-Assessment/laravel-assessment/vendor/laravel/framework/src/Illuminate/Pipeline/Pipeline.php(119): Illuminate/Pipeline/Pipeline->Illuminate/Pipeline/{closure}(Object(Illuminate/Http/Request))
#31 D:/xampp/htdocs/Laravel-Assessment/laravel-assessment/vendor/laravel/framework/src/Illuminate/Foundation/Http/Kernel.php(175): Illuminate/Pipeline/Pipeline->then(Object(Closure))
#32 D:/xampp/htdocs/Laravel-Assessment/laravel-assessment/vendor/laravel/framework/src/Illuminate/Foundation/Http/Kernel.php(144): Illuminate/Foundation/Http/Kernel->sendRequestThroughRouter(Object(Illuminate/Http/Request))
#33 D:/xampp/htdocs/Laravel-Assessment/laravel-assessment/public/index.php(52): Illuminate/Foundation/Http/Kernel->handle(Object(Illuminate/Http/Request))
#34 D:/xampp/htdocs/Laravel-Assessment/laravel-assessment/vendor/laravel/framework/src/Illuminate/Foundation/resources/server.php(16): require_once('D://xampp//htdocs...')
#35 {main}
"} 
[2026-07-11 09:34:06] local.ERROR: Route [login] not defined. {"exception":"[object] (Symfony\\Component\\Routing\\Exception\\RouteNotFoundException(code: 0): Route [login] not defined. at D:/xampp/htdocs/Laravel-Assessment/laravel-assessment/vendor/laravel/framework/src/Illuminate/Routing/UrlGenerator.php:477)
[stacktrace]
#0 D:/xampp/htdocs/Laravel-Assessment/laravel-assessment/vendor/laravel/framework/src/Illuminate/Foundation/helpers.php(811): Illuminate/Routing/UrlGenerator->route('login', Array, true)
#1 D:/xampp/htdocs/Laravel-Assessment/laravel-assessment/app/Http/Middleware/Authenticate.php(15): route('login')
#2 D:/xampp/htdocs/Laravel-Assessment/laravel-assessment/vendor/laravel/framework/src/Illuminate/Auth/Middleware/Authenticate.php(96): App/Http/Middleware/Authenticate->redirectTo(Object(Illuminate/Http/Request))
#3 D:/xampp/htdocs/Laravel-Assessment/laravel-assessment/vendor/laravel/framework/src/Illuminate/Auth/Middleware/Authenticate.php(81): Illuminate/Auth/Middleware/Authenticate->unauthenticated(Object(Illuminate/Http/Request), Array)
#4 D:/xampp/htdocs/Laravel-Assessment/laravel-assessment/vendor/laravel/framework/src/Illuminate/Auth/Middleware/Authenticate.php(55): Illuminate/Auth/Middleware/Authenticate->authenticate(Object(Illuminate/Http/Request), Array)
#5 D:/xampp/htdocs/Laravel-Assessment/laravel-assessment/vendor/laravel/framework/src/Illuminate/Pipeline/Pipeline.php(183): Illuminate/Auth/Middleware/Authenticate->handle(Object(Illuminate/Http/Request), Object(Closure), 'api')
#6 D:/xampp/htdocs/Laravel-Assessment/laravel-assessment/vendor/laravel/framework/src/Illuminate/Pipeline/Pipeline.php(119): Illuminate/Pipeline/Pipeline->Illuminate/Pipeline/{closure}(Object(Illuminate/Http/Request))
#7 D:/xampp/htdocs/Laravel-Assessment/laravel-assessment/vendor/laravel/framework/src/Illuminate/Routing/Router.php(807): Illuminate/Pipeline/Pipeline->then(Object(Closure))
#8 D:/xampp/htdocs/Laravel-Assessment/laravel-assessment/vendor/laravel/framework/src/Illuminate/Routing/Router.php(784): Illuminate/Routing/Router->runRouteWithinStack(Object(Illuminate/Routing/Route), Object(Illuminate/Http/Request))
#9 D:/xampp/htdocs/Laravel-Assessment/laravel-assessment/vendor/laravel/framework/src/Illuminate/Routing/Router.php(748): Illuminate/Routing/Router->runRoute(Object(Illuminate/Http/Request), Object(Illuminate/Routing/Route))
#10 D:/xampp/htdocs/Laravel-Assessment/laravel-assessment/vendor/laravel/framework/src/Illuminate/Routing/Router.php(737): Illuminate/Routing/Router->dispatchToRoute(Object(Illuminate/Http/Request))
#11 D:/xampp/htdocs/Laravel-Assessment/laravel-assessment/vendor/laravel/framework/src/Illuminate/Foundation/Http/Kernel.php(200): Illuminate/Routing/Router->dispatch(Object(Illuminate/Http/Request))
#12 D:/xampp/htdocs/Laravel-Assessment/laravel-assessment/vendor/laravel/framework/src/Illuminate/Pipeline/Pipeline.php(144): Illuminate/Foundation/Http/Kernel->Illuminate/Foundation/Http/{closure}(Object(Illuminate/Http/Request))
#13 D:/xampp/htdocs/Laravel-Assessment/laravel-assessment/vendor/laravel/framework/src/Illuminate/Foundation/Http/Middleware/TransformsRequest.php(21): Illuminate/Pipeline/Pipeline->Illuminate/Pipeline/{closure}(Object(Illuminate/Http/Request))
#14 D:/xampp/htdocs/Laravel-Assessment/laravel-assessment/vendor/laravel/framework/src/Illuminate/Foundation/Http/Middleware/ConvertEmptyStringsToNull.php(31): Illuminate/Foundation/Http/Middleware/TransformsRequest->handle(Object(Illuminate/Http/Request), Object(Closure))
#15 D:/xampp/htdocs/Laravel-Assessment/laravel-assessment/vendor/laravel/framework/src/Illuminate/Pipeline/Pipeline.php(183): Illuminate/Foundation/Http/Middleware/ConvertEmptyStringsToNull->handle(Object(Illuminate/Http/Request), Object(Closure))
#16 D:/xampp/htdocs/Laravel-Assessment/laravel-assessment/vendor/laravel/framework/src/Illuminate/Foundation/Http/Middleware/TransformsRequest.php(21): Illuminate/Pipeline/Pipeline->Illuminate/Pipeline/{closure}(Object(Illuminate/Http/Request))
#17 D:/xampp/htdocs/Laravel-Assessment/laravel-assessment/vendor/laravel/framework/src/Illuminate/Foundation/Http/Middleware/TrimStrings.php(40): Illuminate/Foundation/Http/Middleware/TransformsRequest->handle(Object(Illuminate/Http/Request), Object(Closure))
#18 D:/xampp/htdocs/Laravel-Assessment/laravel-assessment/vendor/laravel/framework/src/Illuminate/Pipeline/Pipeline.php(183): Illuminate/Foundation/Http/Middleware/TrimStrings->handle(Object(Illuminate/Http/Request), Object(Closure))
#19 D:/xampp/htdocs/Laravel-Assessment/laravel-assessment/vendor/laravel/framework/src/Illuminate/Foundation/Http/Middleware/ValidatePostSize.php(27): Illuminate/Pipeline/Pipeline->Illuminate/Pipeline/{closure}(Object(Illuminate/Http/Request))
#20 D:/xampp/htdocs/Laravel-Assessment/laravel-assessment/vendor/laravel/framework/src/Illuminate/Pipeline/Pipeline.php(183): Illuminate/Foundation/Http/Middleware/ValidatePostSize->handle(Object(Illuminate/Http/Request), Object(Closure))
#21 D:/xampp/htdocs/Laravel-Assessment/laravel-assessment/vendor/laravel/framework/src/Illuminate/Foundation/Http/Middleware/PreventRequestsDuringMaintenance.php(99): Illuminate/Pipeline/Pipeline->Illuminate/Pipeline/{closure}(Object(Illuminate/Http/Request))
#22 D:/xampp/htdocs/Laravel-Assessment/laravel-assessment/vendor/laravel/framework/src/Illuminate/Pipeline/Pipeline.php(183): Illuminate/Foundation/Http/Middleware/PreventRequestsDuringMaintenance->handle(Object(Illuminate/Http/Request), Object(Closure))
#23 D:/xampp/htdocs/Laravel-Assessment/laravel-assessment/vendor/laravel/framework/src/Illuminate/Http/Middleware/HandleCors.php(62): Illuminate/Pipeline/Pipeline->Illuminate/Pipeline/{closure}(Object(Illuminate/Http/Request))
#24 D:/xampp/htdocs/Laravel-Assessment/laravel-assessment/vendor/laravel/framework/src/Illuminate/Pipeline/Pipeline.php(183): Illuminate/Http/Middleware/HandleCors->handle(Object(Illuminate/Http/Request), Object(Closure))
#25 D:/xampp/htdocs/Laravel-Assessment/laravel-assessment/vendor/laravel/framework/src/Illuminate/Http/Middleware/TrustProxies.php(39): Illuminate/Pipeline/Pipeline->Illuminate/Pipeline/{closure}(Object(Illuminate/Http/Request))
#26 D:/xampp/htdocs/Laravel-Assessment/laravel-assessment/vendor/laravel/framework/src/Illuminate/Pipeline/Pipeline.php(183): Illuminate/Http/Middleware/TrustProxies->handle(Object(Illuminate/Http/Request), Object(Closure))
#27 D:/xampp/htdocs/Laravel-Assessment/laravel-assessment/vendor/laravel/framework/src/Illuminate/Pipeline/Pipeline.php(119): Illuminate/Pipeline/Pipeline->Illuminate/Pipeline/{closure}(Object(Illuminate/Http/Request))
#28 D:/xampp/htdocs/Laravel-Assessment/laravel-assessment/vendor/laravel/framework/src/Illuminate/Foundation/Http/Kernel.php(175): Illuminate/Pipeline/Pipeline->then(Object(Closure))
#29 D:/xampp/htdocs/Laravel-Assessment/laravel-assessment/vendor/laravel/framework/src/Illuminate/Foundation/Http/Kernel.php(144): Illuminate/Foundation/Http/Kernel->sendRequestThroughRouter(Object(Illuminate/Http/Request))
#30 D:/xampp/htdocs/Laravel-Assessment/laravel-assessment/public/index.php(52): Illuminate/Foundation/Http/Kernel->handle(Object(Illuminate/Http/Request))
#31 D:/xampp/htdocs/Laravel-Assessment/laravel-assessment/vendor/laravel/framework/src/Illuminate/Foundation/resources/server.php(16): require_once('D://xampp//htdocs...')
#32 {main}
"} 
[2026-07-11 09:40:41] local.ERROR: Method App\Http\Controllers\Api\ProductController::getProducts does not exist. {"userId":1,"exception":"[object] (BadMethodCallException(code: 0): Method App\\Http\\Controllers\\Api\\ProductController::getProducts does not exist. at D:/xampp/htdocs/Laravel-Assessment/laravel-assessment/vendor/laravel/framework/src/Illuminate/Routing/Controller.php:68)
[stacktrace]
#0 D:/xampp/htdocs/Laravel-Assessment/laravel-assessment/vendor/laravel/framework/src/Illuminate/Routing/Controller.php(54): Illuminate/Routing/Controller->__call('getProducts', Array)
#1 D:/xampp/htdocs/Laravel-Assessment/laravel-assessment/vendor/laravel/framework/src/Illuminate/Routing/ControllerDispatcher.php(43): Illuminate/Routing/Controller->callAction('getProducts', Array)
#2 D:/xampp/htdocs/Laravel-Assessment/laravel-assessment/vendor/laravel/framework/src/Illuminate/Routing/Route.php(260): Illuminate/Routing/ControllerDispatcher->dispatch(Object(Illuminate/Routing/Route), Object(App/Http/Controllers/Api/ProductController), 'getProducts')
#3 D:/xampp/htdocs/Laravel-Assessment/laravel-assessment/vendor/laravel/framework/src/Illuminate/Routing/Route.php(205): Illuminate/Routing/Route->runController()
#4 D:/xampp/htdocs/Laravel-Assessment/laravel-assessment/vendor/laravel/framework/src/Illuminate/Routing/Router.php(806): Illuminate/Routing/Route->run()
#5 D:/xampp/htdocs/Laravel-Assessment/laravel-assessment/vendor/laravel/framework/src/Illuminate/Pipeline/Pipeline.php(144): Illuminate/Routing/Router->Illuminate/Routing/{closure}(Object(Illuminate/Http/Request))
#6 D:/xampp/htdocs/Laravel-Assessment/laravel-assessment/vendor/laravel/framework/src/Illuminate/Routing/Middleware/SubstituteBindings.php(50): Illuminate/Pipeline/Pipeline->Illuminate/Pipeline/{closure}(Object(Illuminate/Http/Request))
#7 D:/xampp/htdocs/Laravel-Assessment/laravel-assessment/vendor/laravel/framework/src/Illuminate/Pipeline/Pipeline.php(183): Illuminate/Routing/Middleware/SubstituteBindings->handle(Object(Illuminate/Http/Request), Object(Closure))
#8 D:/xampp/htdocs/Laravel-Assessment/laravel-assessment/vendor/laravel/framework/src/Illuminate/Routing/Middleware/ThrottleRequests.php(159): Illuminate/Pipeline/Pipeline->Illuminate/Pipeline/{closure}(Object(Illuminate/Http/Request))
#9 D:/xampp/htdocs/Laravel-Assessment/laravel-assessment/vendor/laravel/framework/src/Illuminate/Routing/Middleware/ThrottleRequests.php(135): Illuminate/Routing/Middleware/ThrottleRequests->handleRequest(Object(Illuminate/Http/Request), Object(Closure), Array)
#10 D:/xampp/htdocs/Laravel-Assessment/laravel-assessment/vendor/laravel/framework/src/Illuminate/Routing/Middleware/ThrottleRequests.php(87): Illuminate/Routing/Middleware/ThrottleRequests->handleRequestUsingNamedLimiter(Object(Illuminate/Http/Request), Object(Closure), 'api', Object(Closure))
#11 D:/xampp/htdocs/Laravel-Assessment/laravel-assessment/vendor/laravel/framework/src/Illuminate/Pipeline/Pipeline.php(183): Illuminate/Routing/Middleware/ThrottleRequests->handle(Object(Illuminate/Http/Request), Object(Closure), 'api')
#12 D:/xampp/htdocs/Laravel-Assessment/laravel-assessment/vendor/laravel/framework/src/Illuminate/Auth/Middleware/Authenticate.php(57): Illuminate/Pipeline/Pipeline->Illuminate/Pipeline/{closure}(Object(Illuminate/Http/Request))
#13 D:/xampp/htdocs/Laravel-Assessment/laravel-assessment/vendor/laravel/framework/src/Illuminate/Pipeline/Pipeline.php(183): Illuminate/Auth/Middleware/Authenticate->handle(Object(Illuminate/Http/Request), Object(Closure), 'api')
#14 D:/xampp/htdocs/Laravel-Assessment/laravel-assessment/vendor/laravel/framework/src/Illuminate/Pipeline/Pipeline.php(119): Illuminate/Pipeline/Pipeline->Illuminate/Pipeline/{closure}(Object(Illuminate/Http/Request))
#15 D:/xampp/htdocs/Laravel-Assessment/laravel-assessment/vendor/laravel/framework/src/Illuminate/Routing/Router.php(807): Illuminate/Pipeline/Pipeline->then(Object(Closure))
#16 D:/xampp/htdocs/Laravel-Assessment/laravel-assessment/vendor/laravel/framework/src/Illuminate/Routing/Router.php(784): Illuminate/Routing/Router->runRouteWithinStack(Object(Illuminate/Routing/Route), Object(Illuminate/Http/Request))
#17 D:/xampp/htdocs/Laravel-Assessment/laravel-assessment/vendor/laravel/framework/src/Illuminate/Routing/Router.php(748): Illuminate/Routing/Router->runRoute(Object(Illuminate/Http/Request), Object(Illuminate/Routing/Route))
#18 D:/xampp/htdocs/Laravel-Assessment/laravel-assessment/vendor/laravel/framework/src/Illuminate/Routing/Router.php(737): Illuminate/Routing/Router->dispatchToRoute(Object(Illuminate/Http/Request))
#19 D:/xampp/htdocs/Laravel-Assessment/laravel-assessment/vendor/laravel/framework/src/Illuminate/Foundation/Http/Kernel.php(200): Illuminate/Routing/Router->dispatch(Object(Illuminate/Http/Request))
#20 D:/xampp/htdocs/Laravel-Assessment/laravel-assessment/vendor/laravel/framework/src/Illuminate/Pipeline/Pipeline.php(144): Illuminate/Foundation/Http/Kernel->Illuminate/Foundation/Http/{closure}(Object(Illuminate/Http/Request))
#21 D:/xampp/htdocs/Laravel-Assessment/laravel-assessment/vendor/laravel/framework/src/Illuminate/Foundation/Http/Middleware/TransformsRequest.php(21): Illuminate/Pipeline/Pipeline->Illuminate/Pipeline/{closure}(Object(Illuminate/Http/Request))
#22 D:/xampp/htdocs/Laravel-Assessment/laravel-assessment/vendor/laravel/framework/src/Illuminate/Foundation/Http/Middleware/ConvertEmptyStringsToNull.php(31): Illuminate/Foundation/Http/Middleware/TransformsRequest->handle(Object(Illuminate/Http/Request), Object(Closure))
#23 D:/xampp/htdocs/Laravel-Assessment/laravel-assessment/vendor/laravel/framework/src/Illuminate/Pipeline/Pipeline.php(183): Illuminate/Foundation/Http/Middleware/ConvertEmptyStringsToNull->handle(Object(Illuminate/Http/Request), Object(Closure))
#24 D:/xampp/htdocs/Laravel-Assessment/laravel-assessment/vendor/laravel/framework/src/Illuminate/Foundation/Http/Middleware/TransformsRequest.php(21): Illuminate/Pipeline/Pipeline->Illuminate/Pipeline/{closure}(Object(Illuminate/Http/Request))
#25 D:/xampp/htdocs/Laravel-Assessment/laravel-assessment/vendor/laravel/framework/src/Illuminate/Foundation/Http/Middleware/TrimStrings.php(40): Illuminate/Foundation/Http/Middleware/TransformsRequest->handle(Object(Illuminate/Http/Request), Object(Closure))
#26 D:/xampp/htdocs/Laravel-Assessment/laravel-assessment/vendor/laravel/framework/src/Illuminate/Pipeline/Pipeline.php(183): Illuminate/Foundation/Http/Middleware/TrimStrings->handle(Object(Illuminate/Http/Request), Object(Closure))
#27 D:/xampp/htdocs/Laravel-Assessment/laravel-assessment/vendor/laravel/framework/src/Illuminate/Foundation/Http/Middleware/ValidatePostSize.php(27): Illuminate/Pipeline/Pipeline->Illuminate/Pipeline/{closure}(Object(Illuminate/Http/Request))
#28 D:/xampp/htdocs/Laravel-Assessment/laravel-assessment/vendor/laravel/framework/src/Illuminate/Pipeline/Pipeline.php(183): Illuminate/Foundation/Http/Middleware/ValidatePostSize->handle(Object(Illuminate/Http/Request), Object(Closure))
#29 D:/xampp/htdocs/Laravel-Assessment/laravel-assessment/vendor/laravel/framework/src/Illuminate/Foundation/Http/Middleware/PreventRequestsDuringMaintenance.php(99): Illuminate/Pipeline/Pipeline->Illuminate/Pipeline/{closure}(Object(Illuminate/Http/Request))
#30 D:/xampp/htdocs/Laravel-Assessment/laravel-assessment/vendor/laravel/framework/src/Illuminate/Pipeline/Pipeline.php(183): Illuminate/Foundation/Http/Middleware/PreventRequestsDuringMaintenance->handle(Object(Illuminate/Http/Request), Object(Closure))
#31 D:/xampp/htdocs/Laravel-Assessment/laravel-assessment/vendor/laravel/framework/src/Illuminate/Http/Middleware/HandleCors.php(62): Illuminate/Pipeline/Pipeline->Illuminate/Pipeline/{closure}(Object(Illuminate/Http/Request))
#32 D:/xampp/htdocs/Laravel-Assessment/laravel-assessment/vendor/laravel/framework/src/Illuminate/Pipeline/Pipeline.php(183): Illuminate/Http/Middleware/HandleCors->handle(Object(Illuminate/Http/Request), Object(Closure))
#33 D:/xampp/htdocs/Laravel-Assessment/laravel-assessment/vendor/laravel/framework/src/Illuminate/Http/Middleware/TrustProxies.php(39): Illuminate/Pipeline/Pipeline->Illuminate/Pipeline/{closure}(Object(Illuminate/Http/Request))
#34 D:/xampp/htdocs/Laravel-Assessment/laravel-assessment/vendor/laravel/framework/src/Illuminate/Pipeline/Pipeline.php(183): Illuminate/Http/Middleware/TrustProxies->handle(Object(Illuminate/Http/Request), Object(Closure))
#35 D:/xampp/htdocs/Laravel-Assessment/laravel-assessment/vendor/laravel/framework/src/Illuminate/Pipeline/Pipeline.php(119): Illuminate/Pipeline/Pipeline->Illuminate/Pipeline/{closure}(Object(Illuminate/Http/Request))
#36 D:/xampp/htdocs/Laravel-Assessment/laravel-assessment/vendor/laravel/framework/src/Illuminate/Foundation/Http/Kernel.php(175): Illuminate/Pipeline/Pipeline->then(Object(Closure))
#37 D:/xampp/htdocs/Laravel-Assessment/laravel-assessment/vendor/laravel/framework/src/Illuminate/Foundation/Http/Kernel.php(144): Illuminate/Foundation/Http/Kernel->sendRequestThroughRouter(Object(Illuminate/Http/Request))
#38 D:/xampp/htdocs/Laravel-Assessment/laravel-assessment/public/index.php(52): Illuminate/Foundation/Http/Kernel->handle(Object(Illuminate/Http/Request))
#39 D:/xampp/htdocs/Laravel-Assessment/laravel-assessment/vendor/laravel/framework/src/Illuminate/Foundation/resources/server.php(16): require_once('D://xampp//htdocs...')
#40 {main}
"} 
[2026-07-13 05:16:00] local.ERROR: The "--columns" option does not exist. {"exception":"[object] (Symfony\\Component\\Console\\Exception\\RuntimeException(code: 0): The \"--columns\" option does not exist. at D:/xampp/htdocs/Laravel-Assessment/laravel-assessment/vendor/symfony/console/Input/ArgvInput.php:222)
[stacktrace]
#0 D:/xampp/htdocs/Laravel-Assessment/laravel-assessment/vendor/symfony/console/Input/ArgvInput.php(149): Symfony/Component/Console/Input/ArgvInput->addLongOption('columns', 'uri,name,action...')
#1 D:/xampp/htdocs/Laravel-Assessment/laravel-assessment/vendor/symfony/console/Input/ArgvInput.php(85): Symfony/Component/Console/Input/ArgvInput->parseLongOption('--columns=uri,n...')
#2 D:/xampp/htdocs/Laravel-Assessment/laravel-assessment/vendor/symfony/console/Input/ArgvInput.php(74): Symfony/Component/Console/Input/ArgvInput->parseToken('--columns=uri,n...', true)
#3 D:/xampp/htdocs/Laravel-Assessment/laravel-assessment/vendor/symfony/console/Input/Input.php(56): Symfony/Component/Console/Input/ArgvInput->parse()
#4 D:/xampp/htdocs/Laravel-Assessment/laravel-assessment/vendor/symfony/console/Command/Command.php(285): Symfony/Component/Console/Input/Input->bind(Object(Symfony/Component/Console/Input/InputDefinition))
#5 D:/xampp/htdocs/Laravel-Assessment/laravel-assessment/vendor/laravel/framework/src/Illuminate/Console/Command.php(181): Symfony/Component/Console/Command/Command->run(Object(Symfony/Component/Console/Input/ArgvInput), Object(Illuminate/Console/OutputStyle))
#6 D:/xampp/htdocs/Laravel-Assessment/laravel-assessment/vendor/symfony/console/Application.php(1121): Illuminate/Console/Command->run(Object(Symfony/Component/Console/Input/ArgvInput), Object(Symfony/Component/Console/Output/ConsoleOutput))
#7 D:/xampp/htdocs/Laravel-Assessment/laravel-assessment/vendor/symfony/console/Application.php(324): Symfony/Component/Console/Application->doRunCommand(Object(Illuminate/Foundation/Console/RouteListCommand), Object(Symfony/Component/Console/Input/ArgvInput), Object(Symfony/Component/Console/Output/ConsoleOutput))
#8 D:/xampp/htdocs/Laravel-Assessment/laravel-assessment/vendor/symfony/console/Application.php(175): Symfony/Component/Console/Application->doRun(Object(Symfony/Component/Console/Input/ArgvInput), Object(Symfony/Component/Console/Output/ConsoleOutput))
#9 D:/xampp/htdocs/Laravel-Assessment/laravel-assessment/vendor/laravel/framework/src/Illuminate/Foundation/Console/Kernel.php(201): Symfony/Component/Console/Application->run(Object(Symfony/Component/Console/Input/ArgvInput), Object(Symfony/Component/Console/Output/ConsoleOutput))
#10 D:/xampp/htdocs/Laravel-Assessment/laravel-assessment/artisan(37): Illuminate/Foundation/Console/Kernel->handle(Object(Symfony/Component/Console/Input/ArgvInput), Object(Symfony/Component/Console/Output/ConsoleOutput))
#11 {main}
"} 
[2026-07-13 05:16:05] local.ERROR: The "--columns" option does not exist. {"exception":"[object] (Symfony\\Component\\Console\\Exception\\RuntimeException(code: 0): The \"--columns\" option does not exist. at D:/xampp/htdocs/Laravel-Assessment/laravel-assessment/vendor/symfony/console/Input/ArgvInput.php:222)
[stacktrace]
#0 D:/xampp/htdocs/Laravel-Assessment/laravel-assessment/vendor/symfony/console/Input/ArgvInput.php(149): Symfony/Component/Console/Input/ArgvInput->addLongOption('columns', 'uri,name,action...')
#1 D:/xampp/htdocs/Laravel-Assessment/laravel-assessment/vendor/symfony/console/Input/ArgvInput.php(85): Symfony/Component/Console/Input/ArgvInput->parseLongOption('--columns=uri,n...')
#2 D:/xampp/htdocs/Laravel-Assessment/laravel-assessment/vendor/symfony/console/Input/ArgvInput.php(74): Symfony/Component/Console/Input/ArgvInput->parseToken('--columns=uri,n...', true)
#3 D:/xampp/htdocs/Laravel-Assessment/laravel-assessment/vendor/symfony/console/Input/Input.php(56): Symfony/Component/Console/Input/ArgvInput->parse()
#4 D:/xampp/htdocs/Laravel-Assessment/laravel-assessment/vendor/symfony/console/Command/Command.php(285): Symfony/Component/Console/Input/Input->bind(Object(Symfony/Component/Console/Input/InputDefinition))
#5 D:/xampp/htdocs/Laravel-Assessment/laravel-assessment/vendor/laravel/framework/src/Illuminate/Console/Command.php(181): Symfony/Component/Console/Command/Command->run(Object(Symfony/Component/Console/Input/ArgvInput), Object(Illuminate/Console/OutputStyle))
#6 D:/xampp/htdocs/Laravel-Assessment/laravel-assessment/vendor/symfony/console/Application.php(1121): Illuminate/Console/Command->run(Object(Symfony/Component/Console/Input/ArgvInput), Object(Symfony/Component/Console/Output/ConsoleOutput))
#7 D:/xampp/htdocs/Laravel-Assessment/laravel-assessment/vendor/symfony/console/Application.php(324): Symfony/Component/Console/Application->doRunCommand(Object(Illuminate/Foundation/Console/RouteListCommand), Object(Symfony/Component/Console/Input/ArgvInput), Object(Symfony/Component/Console/Output/ConsoleOutput))
#8 D:/xampp/htdocs/Laravel-Assessment/laravel-assessment/vendor/symfony/console/Application.php(175): Symfony/Component/Console/Application->doRun(Object(Symfony/Component/Console/Input/ArgvInput), Object(Symfony/Component/Console/Output/ConsoleOutput))
#9 D:/xampp/htdocs/Laravel-Assessment/laravel-assessment/vendor/laravel/framework/src/Illuminate/Foundation/Console/Kernel.php(201): Symfony/Component/Console/Application->run(Object(Symfony/Component/Console/Input/ArgvInput), Object(Symfony/Component/Console/Output/ConsoleOutput))
#10 D:/xampp/htdocs/Laravel-Assessment/laravel-assessment/artisan(37): Illuminate/Foundation/Console/Kernel->handle(Object(Symfony/Component/Console/Input/ArgvInput), Object(Symfony/Component/Console/Output/ConsoleOutput))
#11 {main}
"} 
[2026-07-13 05:16:09] local.ERROR: The "--columns" option does not exist. {"exception":"[object] (Symfony\\Component\\Console\\Exception\\RuntimeException(code: 0): The \"--columns\" option does not exist. at D:/xampp/htdocs/Laravel-Assessment/laravel-assessment/vendor/symfony/console/Input/ArgvInput.php:222)
[stacktrace]
#0 D:/xampp/htdocs/Laravel-Assessment/laravel-assessment/vendor/symfony/console/Input/ArgvInput.php(149): Symfony/Component/Console/Input/ArgvInput->addLongOption('columns', 'uri,name,action...')
#1 D:/xampp/htdocs/Laravel-Assessment/laravel-assessment/vendor/symfony/console/Input/ArgvInput.php(85): Symfony/Component/Console/Input/ArgvInput->parseLongOption('--columns=uri,n...')
#2 D:/xampp/htdocs/Laravel-Assessment/laravel-assessment/vendor/symfony/console/Input/ArgvInput.php(74): Symfony/Component/Console/Input/ArgvInput->parseToken('--columns=uri,n...', true)
#3 D:/xampp/htdocs/Laravel-Assessment/laravel-assessment/vendor/symfony/console/Input/Input.php(56): Symfony/Component/Console/Input/ArgvInput->parse()
#4 D:/xampp/htdocs/Laravel-Assessment/laravel-assessment/vendor/symfony/console/Command/Command.php(285): Symfony/Component/Console/Input/Input->bind(Object(Symfony/Component/Console/Input/InputDefinition))
#5 D:/xampp/htdocs/Laravel-Assessment/laravel-assessment/vendor/laravel/framework/src/Illuminate/Console/Command.php(181): Symfony/Component/Console/Command/Command->run(Object(Symfony/Component/Console/Input/ArgvInput), Object(Illuminate/Console/OutputStyle))
#6 D:/xampp/htdocs/Laravel-Assessment/laravel-assessment/vendor/symfony/console/Application.php(1121): Illuminate/Console/Command->run(Object(Symfony/Component/Console/Input/ArgvInput), Object(Symfony/Component/Console/Output/ConsoleOutput))
#7 D:/xampp/htdocs/Laravel-Assessment/laravel-assessment/vendor/symfony/console/Application.php(324): Symfony/Component/Console/Application->doRunCommand(Object(Illuminate/Foundation/Console/RouteListCommand), Object(Symfony/Component/Console/Input/ArgvInput), Object(Symfony/Component/Console/Output/ConsoleOutput))
#8 D:/xampp/htdocs/Laravel-Assessment/laravel-assessment/vendor/symfony/console/Application.php(175): Symfony/Component/Console/Application->doRun(Object(Symfony/Component/Console/Input/ArgvInput), Object(Symfony/Component/Console/Output/ConsoleOutput))
#9 D:/xampp/htdocs/Laravel-Assessment/laravel-assessment/vendor/laravel/framework/src/Illuminate/Foundation/Console/Kernel.php(201): Symfony/Component/Console/Application->run(Object(Symfony/Component/Console/Input/ArgvInput), Object(Symfony/Component/Console/Output/ConsoleOutput))
#10 D:/xampp/htdocs/Laravel-Assessment/laravel-assessment/artisan(37): Illuminate/Foundation/Console/Kernel->handle(Object(Symfony/Component/Console/Input/ArgvInput), Object(Symfony/Component/Console/Output/ConsoleOutput))
#11 {main}
"} 
[2026-07-14 05:08:30] local.ERROR: syntax error, unexpected identifier "Route" {"exception":"[object] (ParseError(code: 0): syntax error, unexpected identifier \"Route\" at D:/xampp/htdocs/Laravel-Assessment/laravel-assessment/routes/api.php:38)
[stacktrace]
#0 D:/xampp/htdocs/Laravel-Assessment/laravel-assessment/vendor/laravel/framework/src/Illuminate/Routing/Router.php(511): Illuminate/Routing/RouteFileRegistrar->register('D://xampp//htdocs...')
#1 D:/xampp/htdocs/Laravel-Assessment/laravel-assessment/vendor/laravel/framework/src/Illuminate/Routing/Router.php(465): Illuminate/Routing/Router->loadRoutes('D://xampp//htdocs...')
#2 D:/xampp/htdocs/Laravel-Assessment/laravel-assessment/vendor/laravel/framework/src/Illuminate/Routing/RouteRegistrar.php(194): Illuminate/Routing/Router->group(Array, 'D://xampp//htdocs...')
#3 D:/xampp/htdocs/Laravel-Assessment/laravel-assessment/app/Providers/RouteServiceProvider.php(34): Illuminate/Routing/RouteRegistrar->group('D://xampp//htdocs...')
#4 D:/xampp/htdocs/Laravel-Assessment/laravel-assessment/vendor/laravel/framework/src/Illuminate/Container/BoundMethod.php(36): App/Providers/RouteServiceProvider->App/Providers/{closure}()
#5 D:/xampp/htdocs/Laravel-Assessment/laravel-assessment/vendor/laravel/framework/src/Illuminate/Container/Util.php(41): Illuminate/Container/BoundMethod::Illuminate/Container/{closure}()
#6 D:/xampp/htdocs/Laravel-Assessment/laravel-assessment/vendor/laravel/framework/src/Illuminate/Container/BoundMethod.php(81): Illuminate/Container/Util::unwrapIfClosure(Object(Closure))
#7 D:/xampp/htdocs/Laravel-Assessment/laravel-assessment/vendor/laravel/framework/src/Illuminate/Container/BoundMethod.php(37): Illuminate/Container/BoundMethod::callBoundMethod(Object(Illuminate/Foundation/Application), Object(Closure), Object(Closure))
#8 D:/xampp/htdocs/Laravel-Assessment/laravel-assessment/vendor/laravel/framework/src/Illuminate/Container/Container.php(662): Illuminate/Container/BoundMethod::call(Object(Illuminate/Foundation/Application), Object(Closure), Array, NULL)
#9 D:/xampp/htdocs/Laravel-Assessment/laravel-assessment/vendor/laravel/framework/src/Illuminate/Foundation/Support/Providers/RouteServiceProvider.php(120): Illuminate/Container/Container->call(Object(Closure))
#10 D:/xampp/htdocs/Laravel-Assessment/laravel-assessment/vendor/laravel/framework/src/Illuminate/Foundation/Support/Providers/RouteServiceProvider.php(45): Illuminate/Foundation/Support/Providers/RouteServiceProvider->loadRoutes()
#11 D:/xampp/htdocs/Laravel-Assessment/laravel-assessment/vendor/laravel/framework/src/Illuminate/Container/BoundMethod.php(36): Illuminate/Foundation/Support/Providers/RouteServiceProvider->Illuminate/Foundation/Support/Providers/{closure}()
#12 D:/xampp/htdocs/Laravel-Assessment/laravel-assessment/vendor/laravel/framework/src/Illuminate/Container/Util.php(41): Illuminate/Container/BoundMethod::Illuminate/Container/{closure}()
#13 D:/xampp/htdocs/Laravel-Assessment/laravel-assessment/vendor/laravel/framework/src/Illuminate/Container/BoundMethod.php(81): Illuminate/Container/Util::unwrapIfClosure(Object(Closure))
#14 D:/xampp/htdocs/Laravel-Assessment/laravel-assessment/vendor/laravel/framework/src/Illuminate/Container/BoundMethod.php(37): Illuminate/Container/BoundMethod::callBoundMethod(Object(Illuminate/Foundation/Application), Object(Closure), Object(Closure))
#15 D:/xampp/htdocs/Laravel-Assessment/laravel-assessment/vendor/laravel/framework/src/Illuminate/Container/Container.php(662): Illuminate/Container/BoundMethod::call(Object(Illuminate/Foundation/Application), Object(Closure), Array, NULL)
#16 D:/xampp/htdocs/Laravel-Assessment/laravel-assessment/vendor/laravel/framework/src/Illuminate/Support/ServiceProvider.php(119): Illuminate/Container/Container->call(Object(Closure))
#17 D:/xampp/htdocs/Laravel-Assessment/laravel-assessment/vendor/laravel/framework/src/Illuminate/Foundation/Application.php(1062): Illuminate/Support/ServiceProvider->callBootedCallbacks()
#18 D:/xampp/htdocs/Laravel-Assessment/laravel-assessment/vendor/laravel/framework/src/Illuminate/Foundation/Application.php(1040): Illuminate/Foundation/Application->bootProvider(Object(App/Providers/RouteServiceProvider))
#19 [internal function]: Illuminate/Foundation/Application->Illuminate/Foundation/{closure}(Object(App/Providers/RouteServiceProvider), 24)
#20 D:/xampp/htdocs/Laravel-Assessment/laravel-assessment/vendor/laravel/framework/src/Illuminate/Foundation/Application.php(1041): array_walk(Array, Object(Closure))
#21 D:/xampp/htdocs/Laravel-Assessment/laravel-assessment/vendor/laravel/framework/src/Illuminate/Foundation/Bootstrap/BootProviders.php(17): Illuminate/Foundation/Application->boot()
#22 D:/xampp/htdocs/Laravel-Assessment/laravel-assessment/vendor/laravel/framework/src/Illuminate/Foundation/Application.php(286): Illuminate/Foundation/Bootstrap/BootProviders->bootstrap(Object(Illuminate/Foundation/Application))
#23 D:/xampp/htdocs/Laravel-Assessment/laravel-assessment/vendor/laravel/framework/src/Illuminate/Foundation/Console/Kernel.php(447): Illuminate/Foundation/Application->bootstrapWith(Array)
#24 D:/xampp/htdocs/Laravel-Assessment/laravel-assessment/vendor/laravel/framework/src/Illuminate/Foundation/Console/Kernel.php(199): Illuminate/Foundation/Console/Kernel->bootstrap()
#25 D:/xampp/htdocs/Laravel-Assessment/laravel-assessment/artisan(37): Illuminate/Foundation/Console/Kernel->handle(Object(Symfony/Component/Console/Input/ArgvInput), Object(Symfony/Component/Console/Output/ConsoleOutput))
#26 {main}
"} 
[2026-07-14 05:08:31] local.ERROR: syntax error, unexpected identifier "Route" {"exception":"[object] (ParseError(code: 0): syntax error, unexpected identifier \"Route\" at D:/xampp/htdocs/Laravel-Assessment/laravel-assessment/routes/api.php:38)
[stacktrace]
#0 D:/xampp/htdocs/Laravel-Assessment/laravel-assessment/vendor/laravel/framework/src/Illuminate/Routing/Router.php(511): Illuminate/Routing/RouteFileRegistrar->register('D://xampp//htdocs...')
#1 D:/xampp/htdocs/Laravel-Assessment/laravel-assessment/vendor/laravel/framework/src/Illuminate/Routing/Router.php(465): Illuminate/Routing/Router->loadRoutes('D://xampp//htdocs...')
#2 D:/xampp/htdocs/Laravel-Assessment/laravel-assessment/vendor/laravel/framework/src/Illuminate/Routing/RouteRegistrar.php(194): Illuminate/Routing/Router->group(Array, 'D://xampp//htdocs...')
#3 D:/xampp/htdocs/Laravel-Assessment/laravel-assessment/app/Providers/RouteServiceProvider.php(34): Illuminate/Routing/RouteRegistrar->group('D://xampp//htdocs...')
#4 D:/xampp/htdocs/Laravel-Assessment/laravel-assessment/vendor/laravel/framework/src/Illuminate/Container/BoundMethod.php(36): App/Providers/RouteServiceProvider->App/Providers/{closure}()
#5 D:/xampp/htdocs/Laravel-Assessment/laravel-assessment/vendor/laravel/framework/src/Illuminate/Container/Util.php(41): Illuminate/Container/BoundMethod::Illuminate/Container/{closure}()
#6 D:/xampp/htdocs/Laravel-Assessment/laravel-assessment/vendor/laravel/framework/src/Illuminate/Container/BoundMethod.php(81): Illuminate/Container/Util::unwrapIfClosure(Object(Closure))
#7 D:/xampp/htdocs/Laravel-Assessment/laravel-assessment/vendor/laravel/framework/src/Illuminate/Container/BoundMethod.php(37): Illuminate/Container/BoundMethod::callBoundMethod(Object(Illuminate/Foundation/Application), Object(Closure), Object(Closure))
#8 D:/xampp/htdocs/Laravel-Assessment/laravel-assessment/vendor/laravel/framework/src/Illuminate/Container/Container.php(662): Illuminate/Container/BoundMethod::call(Object(Illuminate/Foundation/Application), Object(Closure), Array, NULL)
#9 D:/xampp/htdocs/Laravel-Assessment/laravel-assessment/vendor/laravel/framework/src/Illuminate/Foundation/Support/Providers/RouteServiceProvider.php(120): Illuminate/Container/Container->call(Object(Closure))
#10 D:/xampp/htdocs/Laravel-Assessment/laravel-assessment/vendor/laravel/framework/src/Illuminate/Foundation/Support/Providers/RouteServiceProvider.php(45): Illuminate/Foundation/Support/Providers/RouteServiceProvider->loadRoutes()
#11 D:/xampp/htdocs/Laravel-Assessment/laravel-assessment/vendor/laravel/framework/src/Illuminate/Container/BoundMethod.php(36): Illuminate/Foundation/Support/Providers/RouteServiceProvider->Illuminate/Foundation/Support/Providers/{closure}()
#12 D:/xampp/htdocs/Laravel-Assessment/laravel-assessment/vendor/laravel/framework/src/Illuminate/Container/Util.php(41): Illuminate/Container/BoundMethod::Illuminate/Container/{closure}()
#13 D:/xampp/htdocs/Laravel-Assessment/laravel-assessment/vendor/laravel/framework/src/Illuminate/Container/BoundMethod.php(81): Illuminate/Container/Util::unwrapIfClosure(Object(Closure))
#14 D:/xampp/htdocs/Laravel-Assessment/laravel-assessment/vendor/laravel/framework/src/Illuminate/Container/BoundMethod.php(37): Illuminate/Container/BoundMethod::callBoundMethod(Object(Illuminate/Foundation/Application), Object(Closure), Object(Closure))
#15 D:/xampp/htdocs/Laravel-Assessment/laravel-assessment/vendor/laravel/framework/src/Illuminate/Container/Container.php(662): Illuminate/Container/BoundMethod::call(Object(Illuminate/Foundation/Application), Object(Closure), Array, NULL)
#16 D:/xampp/htdocs/Laravel-Assessment/laravel-assessment/vendor/laravel/framework/src/Illuminate/Support/ServiceProvider.php(119): Illuminate/Container/Container->call(Object(Closure))
#17 D:/xampp/htdocs/Laravel-Assessment/laravel-assessment/vendor/laravel/framework/src/Illuminate/Foundation/Application.php(1062): Illuminate/Support/ServiceProvider->callBootedCallbacks()
#18 D:/xampp/htdocs/Laravel-Assessment/laravel-assessment/vendor/laravel/framework/src/Illuminate/Foundation/Application.php(1040): Illuminate/Foundation/Application->bootProvider(Object(App/Providers/RouteServiceProvider))
#19 [internal function]: Illuminate/Foundation/Application->Illuminate/Foundation/{closure}(Object(App/Providers/RouteServiceProvider), 24)
#20 D:/xampp/htdocs/Laravel-Assessment/laravel-assessment/vendor/laravel/framework/src/Illuminate/Foundation/Application.php(1041): array_walk(Array, Object(Closure))
#21 D:/xampp/htdocs/Laravel-Assessment/laravel-assessment/vendor/laravel/framework/src/Illuminate/Foundation/Bootstrap/BootProviders.php(17): Illuminate/Foundation/Application->boot()
#22 D:/xampp/htdocs/Laravel-Assessment/laravel-assessment/vendor/laravel/framework/src/Illuminate/Foundation/Application.php(286): Illuminate/Foundation/Bootstrap/BootProviders->bootstrap(Object(Illuminate/Foundation/Application))
#23 D:/xampp/htdocs/Laravel-Assessment/laravel-assessment/vendor/laravel/framework/src/Illuminate/Foundation/Console/Kernel.php(447): Illuminate/Foundation/Application->bootstrapWith(Array)
#24 D:/xampp/htdocs/Laravel-Assessment/laravel-assessment/vendor/laravel/framework/src/Illuminate/Foundation/Console/Kernel.php(199): Illuminate/Foundation/Console/Kernel->bootstrap()
#25 D:/xampp/htdocs/Laravel-Assessment/laravel-assessment/artisan(37): Illuminate/Foundation/Console/Kernel->handle(Object(Symfony/Component/Console/Input/ArgvInput), Object(Symfony/Component/Console/Output/ConsoleOutput))
#26 {main}
"} 
[2026-07-14 05:14:21] local.ERROR: SQLSTATE[42S02]: Base table or view not found: 1146 Table 'laravel-assignment.leaves' doesn't exist (Connection: mysql, SQL: select count(*) as aggregate from `leaves` where `leave_name` = Casual leae) {"userId":1,"exception":"[object] (Illuminate\\Database\\QueryException(code: 42S02): SQLSTATE[42S02]: Base table or view not found: 1146 Table 'laravel-assignment.leaves' doesn't exist (Connection: mysql, SQL: select count(*) as aggregate from `leaves` where `leave_name` = Casual leae) at D:/xampp/htdocs/Laravel-Assessment/laravel-assessment/vendor/laravel/framework/src/Illuminate/Database/Connection.php:829)
[stacktrace]
#0 D:/xampp/htdocs/Laravel-Assessment/laravel-assessment/vendor/laravel/framework/src/Illuminate/Database/Connection.php(783): Illuminate/Database/Connection->runQueryCallback('select count(*)...', Array, Object(Closure))
#1 D:/xampp/htdocs/Laravel-Assessment/laravel-assessment/vendor/laravel/framework/src/Illuminate/Database/Connection.php(431): Illuminate/Database/Connection->run('select count(*)...', Array, Object(Closure))
#2 D:/xampp/htdocs/Laravel-Assessment/laravel-assessment/vendor/laravel/framework/src/Illuminate/Database/Query/Builder.php(2914): Illuminate/Database/Connection->select('select count(*)...', Array, false)
#3 D:/xampp/htdocs/Laravel-Assessment/laravel-assessment/vendor/laravel/framework/src/Illuminate/Database/Query/Builder.php(2902): Illuminate/Database/Query/Builder->runSelect()
#4 D:/xampp/htdocs/Laravel-Assessment/laravel-assessment/vendor/laravel/framework/src/Illuminate/Database/Query/Builder.php(3456): Illuminate/Database/Query/Builder->Illuminate/Database/Query/{closure}()
#5 D:/xampp/htdocs/Laravel-Assessment/laravel-assessment/vendor/laravel/framework/src/Illuminate/Database/Query/Builder.php(2903): Illuminate/Database/Query/Builder->onceWithColumns(Array, Object(Closure))
#6 D:/xampp/htdocs/Laravel-Assessment/laravel-assessment/vendor/laravel/framework/src/Illuminate/Database/Query/Builder.php(3383): Illuminate/Database/Query/Builder->get(Array)
#7 D:/xampp/htdocs/Laravel-Assessment/laravel-assessment/vendor/laravel/framework/src/Illuminate/Database/Query/Builder.php(3311): Illuminate/Database/Query/Builder->aggregate('count', Array)
#8 D:/xampp/htdocs/Laravel-Assessment/laravel-assessment/vendor/laravel/framework/src/Illuminate/Validation/DatabasePresenceVerifier.php(54): Illuminate/Database/Query/Builder->count()
#9 D:/xampp/htdocs/Laravel-Assessment/laravel-assessment/vendor/laravel/framework/src/Illuminate/Validation/Concerns/ValidatesAttributes.php(949): Illuminate/Validation/DatabasePresenceVerifier->getCount('leaves', 'leave_name', 'Casual leae', NULL, NULL, Array)
#10 D:/xampp/htdocs/Laravel-Assessment/laravel-assessment/vendor/laravel/framework/src/Illuminate/Validation/Validator.php(660): Illuminate/Validation/Validator->validateUnique('leave_name', 'Casual leae', Array, Object(Illuminate/Validation/Validator))
#11 D:/xampp/htdocs/Laravel-Assessment/laravel-assessment/vendor/laravel/framework/src/Illuminate/Validation/Validator.php(459): Illuminate/Validation/Validator->validateAttribute('leave_name', 'Unique')
#12 D:/xampp/htdocs/Laravel-Assessment/laravel-assessment/vendor/laravel/framework/src/Illuminate/Validation/Validator.php(494): Illuminate/Validation/Validator->passes()
#13 D:/xampp/htdocs/Laravel-Assessment/laravel-assessment/vendor/laravel/framework/src/Illuminate/Validation/Validator.php(536): Illuminate/Validation/Validator->fails()
#14 D:/xampp/htdocs/Laravel-Assessment/laravel-assessment/vendor/laravel/framework/src/Illuminate/Foundation/Providers/FoundationServiceProvider.php(124): Illuminate/Validation/Validator->validate()
#15 D:/xampp/htdocs/Laravel-Assessment/laravel-assessment/vendor/laravel/framework/src/Illuminate/Macroable/Traits/Macroable.php(123): Illuminate/Http/Request->Illuminate/Foundation/Providers/{closure}(Array)
#16 D:/xampp/htdocs/Laravel-Assessment/laravel-assessment/app/Http/Controllers/leaveController.php(10): Illuminate/Http/Request->__call('validate', Array)
#17 D:/xampp/htdocs/Laravel-Assessment/laravel-assessment/vendor/laravel/framework/src/Illuminate/Routing/Controller.php(54): App/Http/Controllers/leaveController->Addleave(Object(Illuminate/Http/Request))
#18 D:/xampp/htdocs/Laravel-Assessment/laravel-assessment/vendor/laravel/framework/src/Illuminate/Routing/ControllerDispatcher.php(43): Illuminate/Routing/Controller->callAction('Addleave', Array)
#19 D:/xampp/htdocs/Laravel-Assessment/laravel-assessment/vendor/laravel/framework/src/Illuminate/Routing/Route.php(260): Illuminate/Routing/ControllerDispatcher->dispatch(Object(Illuminate/Routing/Route), Object(App/Http/Controllers/leaveController), 'Addleave')
#20 D:/xampp/htdocs/Laravel-Assessment/laravel-assessment/vendor/laravel/framework/src/Illuminate/Routing/Route.php(205): Illuminate/Routing/Route->runController()
#21 D:/xampp/htdocs/Laravel-Assessment/laravel-assessment/vendor/laravel/framework/src/Illuminate/Routing/Router.php(806): Illuminate/Routing/Route->run()
#22 D:/xampp/htdocs/Laravel-Assessment/laravel-assessment/vendor/laravel/framework/src/Illuminate/Pipeline/Pipeline.php(144): Illuminate/Routing/Router->Illuminate/Routing/{closure}(Object(Illuminate/Http/Request))
#23 D:/xampp/htdocs/Laravel-Assessment/laravel-assessment/vendor/laravel/framework/src/Illuminate/Routing/Middleware/SubstituteBindings.php(50): Illuminate/Pipeline/Pipeline->Illuminate/Pipeline/{closure}(Object(Illuminate/Http/Request))
#24 D:/xampp/htdocs/Laravel-Assessment/laravel-assessment/vendor/laravel/framework/src/Illuminate/Pipeline/Pipeline.php(183): Illuminate/Routing/Middleware/SubstituteBindings->handle(Object(Illuminate/Http/Request), Object(Closure))
#25 D:/xampp/htdocs/Laravel-Assessment/laravel-assessment/vendor/laravel/framework/src/Illuminate/Routing/Middleware/ThrottleRequests.php(159): Illuminate/Pipeline/Pipeline->Illuminate/Pipeline/{closure}(Object(Illuminate/Http/Request))
#26 D:/xampp/htdocs/Laravel-Assessment/laravel-assessment/vendor/laravel/framework/src/Illuminate/Routing/Middleware/ThrottleRequests.php(135): Illuminate/Routing/Middleware/ThrottleRequests->handleRequest(Object(Illuminate/Http/Request), Object(Closure), Array)
#27 D:/xampp/htdocs/Laravel-Assessment/laravel-assessment/vendor/laravel/framework/src/Illuminate/Routing/Middleware/ThrottleRequests.php(87): Illuminate/Routing/Middleware/ThrottleRequests->handleRequestUsingNamedLimiter(Object(Illuminate/Http/Request), Object(Closure), 'api', Object(Closure))
#28 D:/xampp/htdocs/Laravel-Assessment/laravel-assessment/vendor/laravel/framework/src/Illuminate/Pipeline/Pipeline.php(183): Illuminate/Routing/Middleware/ThrottleRequests->handle(Object(Illuminate/Http/Request), Object(Closure), 'api')
#29 D:/xampp/htdocs/Laravel-Assessment/laravel-assessment/vendor/laravel/framework/src/Illuminate/Auth/Middleware/Authenticate.php(57): Illuminate/Pipeline/Pipeline->Illuminate/Pipeline/{closure}(Object(Illuminate/Http/Request))
#30 D:/xampp/htdocs/Laravel-Assessment/laravel-assessment/vendor/laravel/framework/src/Illuminate/Pipeline/Pipeline.php(183): Illuminate/Auth/Middleware/Authenticate->handle(Object(Illuminate/Http/Request), Object(Closure), 'api')
#31 D:/xampp/htdocs/Laravel-Assessment/laravel-assessment/vendor/laravel/framework/src/Illuminate/Pipeline/Pipeline.php(119): Illuminate/Pipeline/Pipeline->Illuminate/Pipeline/{closure}(Object(Illuminate/Http/Request))
#32 D:/xampp/htdocs/Laravel-Assessment/laravel-assessment/vendor/laravel/framework/src/Illuminate/Routing/Router.php(807): Illuminate/Pipeline/Pipeline->then(Object(Closure))
#33 D:/xampp/htdocs/Laravel-Assessment/laravel-assessment/vendor/laravel/framework/src/Illuminate/Routing/Router.php(784): Illuminate/Routing/Router->runRouteWithinStack(Object(Illuminate/Routing/Route), Object(Illuminate/Http/Request))
#34 D:/xampp/htdocs/Laravel-Assessment/laravel-assessment/vendor/laravel/framework/src/Illuminate/Routing/Router.php(748): Illuminate/Routing/Router->runRoute(Object(Illuminate/Http/Request), Object(Illuminate/Routing/Route))
#35 D:/xampp/htdocs/Laravel-Assessment/laravel-assessment/vendor/laravel/framework/src/Illuminate/Routing/Router.php(737): Illuminate/Routing/Router->dispatchToRoute(Object(Illuminate/Http/Request))
#36 D:/xampp/htdocs/Laravel-Assessment/laravel-assessment/vendor/laravel/framework/src/Illuminate/Foundation/Http/Kernel.php(200): Illuminate/Routing/Router->dispatch(Object(Illuminate/Http/Request))
#37 D:/xampp/htdocs/Laravel-Assessment/laravel-assessment/vendor/laravel/framework/src/Illuminate/Pipeline/Pipeline.php(144): Illuminate/Foundation/Http/Kernel->Illuminate/Foundation/Http/{closure}(Object(Illuminate/Http/Request))
#38 D:/xampp/htdocs/Laravel-Assessment/laravel-assessment/vendor/laravel/framework/src/Illuminate/Foundation/Http/Middleware/TransformsRequest.php(21): Illuminate/Pipeline/Pipeline->Illuminate/Pipeline/{closure}(Object(Illuminate/Http/Request))
#39 D:/xampp/htdocs/Laravel-Assessment/laravel-assessment/vendor/laravel/framework/src/Illuminate/Foundation/Http/Middleware/ConvertEmptyStringsToNull.php(31): Illuminate/Foundation/Http/Middleware/TransformsRequest->handle(Object(Illuminate/Http/Request), Object(Closure))
#40 D:/xampp/htdocs/Laravel-Assessment/laravel-assessment/vendor/laravel/framework/src/Illuminate/Pipeline/Pipeline.php(183): Illuminate/Foundation/Http/Middleware/ConvertEmptyStringsToNull->handle(Object(Illuminate/Http/Request), Object(Closure))
#41 D:/xampp/htdocs/Laravel-Assessment/laravel-assessment/vendor/laravel/framework/src/Illuminate/Foundation/Http/Middleware/TransformsRequest.php(21): Illuminate/Pipeline/Pipeline->Illuminate/Pipeline/{closure}(Object(Illuminate/Http/Request))
#42 D:/xampp/htdocs/Laravel-Assessment/laravel-assessment/vendor/laravel/framework/src/Illuminate/Foundation/Http/Middleware/TrimStrings.php(40): Illuminate/Foundation/Http/Middleware/TransformsRequest->handle(Object(Illuminate/Http/Request), Object(Closure))
#43 D:/xampp/htdocs/Laravel-Assessment/laravel-assessment/vendor/laravel/framework/src/Illuminate/Pipeline/Pipeline.php(183): Illuminate/Foundation/Http/Middleware/TrimStrings->handle(Object(Illuminate/Http/Request), Object(Closure))
#44 D:/xampp/htdocs/Laravel-Assessment/laravel-assessment/vendor/laravel/framework/src/Illuminate/Foundation/Http/Middleware/ValidatePostSize.php(27): Illuminate/Pipeline/Pipeline->Illuminate/Pipeline/{closure}(Object(Illuminate/Http/Request))
#45 D:/xampp/htdocs/Laravel-Assessment/laravel-assessment/vendor/laravel/framework/src/Illuminate/Pipeline/Pipeline.php(183): Illuminate/Foundation/Http/Middleware/ValidatePostSize->handle(Object(Illuminate/Http/Request), Object(Closure))
#46 D:/xampp/htdocs/Laravel-Assessment/laravel-assessment/vendor/laravel/framework/src/Illuminate/Foundation/Http/Middleware/PreventRequestsDuringMaintenance.php(99): Illuminate/Pipeline/Pipeline->Illuminate/Pipeline/{closure}(Object(Illuminate/Http/Request))
#47 D:/xampp/htdocs/Laravel-Assessment/laravel-assessment/vendor/laravel/framework/src/Illuminate/Pipeline/Pipeline.php(183): Illuminate/Foundation/Http/Middleware/PreventRequestsDuringMaintenance->handle(Object(Illuminate/Http/Request), Object(Closure))
#48 D:/xampp/htdocs/Laravel-Assessment/laravel-assessment/vendor/laravel/framework/src/Illuminate/Http/Middleware/HandleCors.php(62): Illuminate/Pipeline/Pipeline->Illuminate/Pipeline/{closure}(Object(Illuminate/Http/Request))
#49 D:/xampp/htdocs/Laravel-Assessment/laravel-assessment/vendor/laravel/framework/src/Illuminate/Pipeline/Pipeline.php(183): Illuminate/Http/Middleware/HandleCors->handle(Object(Illuminate/Http/Request), Object(Closure))
#50 D:/xampp/htdocs/Laravel-Assessment/laravel-assessment/vendor/laravel/framework/src/Illuminate/Http/Middleware/TrustProxies.php(39): Illuminate/Pipeline/Pipeline->Illuminate/Pipeline/{closure}(Object(Illuminate/Http/Request))
#51 D:/xampp/htdocs/Laravel-Assessment/laravel-assessment/vendor/laravel/framework/src/Illuminate/Pipeline/Pipeline.php(183): Illuminate/Http/Middleware/TrustProxies->handle(Object(Illuminate/Http/Request), Object(Closure))
#52 D:/xampp/htdocs/Laravel-Assessment/laravel-assessment/vendor/laravel/framework/src/Illuminate/Pipeline/Pipeline.php(119): Illuminate/Pipeline/Pipeline->Illuminate/Pipeline/{closure}(Object(Illuminate/Http/Request))
#53 D:/xampp/htdocs/Laravel-Assessment/laravel-assessment/vendor/laravel/framework/src/Illuminate/Foundation/Http/Kernel.php(175): Illuminate/Pipeline/Pipeline->then(Object(Closure))
#54 D:/xampp/htdocs/Laravel-Assessment/laravel-assessment/vendor/laravel/framework/src/Illuminate/Foundation/Http/Kernel.php(144): Illuminate/Foundation/Http/Kernel->sendRequestThroughRouter(Object(Illuminate/Http/Request))
#55 D:/xampp/htdocs/Laravel-Assessment/laravel-assessment/public/index.php(52): Illuminate/Foundation/Http/Kernel->handle(Object(Illuminate/Http/Request))
#56 D:/xampp/htdocs/Laravel-Assessment/laravel-assessment/vendor/laravel/framework/src/Illuminate/Foundation/resources/server.php(16): require_once('D://xampp//htdocs...')
#57 {main}

[previous exception] [object] (PDOException(code: 42S02): SQLSTATE[42S02]: Base table or view not found: 1146 Table 'laravel-assignment.leaves' doesn't exist at D:/xampp/htdocs/Laravel-Assessment/laravel-assessment/vendor/laravel/framework/src/Illuminate/Database/Connection.php:423)
[stacktrace]
#0 D:/xampp/htdocs/Laravel-Assessment/laravel-assessment/vendor/laravel/framework/src/Illuminate/Database/Connection.php(423): PDO->prepare('select count(*)...')
#1 D:/xampp/htdocs/Laravel-Assessment/laravel-assessment/vendor/laravel/framework/src/Illuminate/Database/Connection.php(816): Illuminate/Database/Connection->Illuminate/Database/{closure}('select count(*)...', Array)
#2 D:/xampp/htdocs/Laravel-Assessment/laravel-assessment/vendor/laravel/framework/src/Illuminate/Database/Connection.php(783): Illuminate/Database/Connection->runQueryCallback('select count(*)...', Array, Object(Closure))
#3 D:/xampp/htdocs/Laravel-Assessment/laravel-assessment/vendor/laravel/framework/src/Illuminate/Database/Connection.php(431): Illuminate/Database/Connection->run('select count(*)...', Array, Object(Closure))
#4 D:/xampp/htdocs/Laravel-Assessment/laravel-assessment/vendor/laravel/framework/src/Illuminate/Database/Query/Builder.php(2914): Illuminate/Database/Connection->select('select count(*)...', Array, false)
#5 D:/xampp/htdocs/Laravel-Assessment/laravel-assessment/vendor/laravel/framework/src/Illuminate/Database/Query/Builder.php(2902): Illuminate/Database/Query/Builder->runSelect()
#6 D:/xampp/htdocs/Laravel-Assessment/laravel-assessment/vendor/laravel/framework/src/Illuminate/Database/Query/Builder.php(3456): Illuminate/Database/Query/Builder->Illuminate/Database/Query/{closure}()
#7 D:/xampp/htdocs/Laravel-Assessment/laravel-assessment/vendor/laravel/framework/src/Illuminate/Database/Query/Builder.php(2903): Illuminate/Database/Query/Builder->onceWithColumns(Array, Object(Closure))
#8 D:/xampp/htdocs/Laravel-Assessment/laravel-assessment/vendor/laravel/framework/src/Illuminate/Database/Query/Builder.php(3383): Illuminate/Database/Query/Builder->get(Array)
#9 D:/xampp/htdocs/Laravel-Assessment/laravel-assessment/vendor/laravel/framework/src/Illuminate/Database/Query/Builder.php(3311): Illuminate/Database/Query/Builder->aggregate('count', Array)
#10 D:/xampp/htdocs/Laravel-Assessment/laravel-assessment/vendor/laravel/framework/src/Illuminate/Validation/DatabasePresenceVerifier.php(54): Illuminate/Database/Query/Builder->count()
#11 D:/xampp/htdocs/Laravel-Assessment/laravel-assessment/vendor/laravel/framework/src/Illuminate/Validation/Concerns/ValidatesAttributes.php(949): Illuminate/Validation/DatabasePresenceVerifier->getCount('leaves', 'leave_name', 'Casual leae', NULL, NULL, Array)
#12 D:/xampp/htdocs/Laravel-Assessment/laravel-assessment/vendor/laravel/framework/src/Illuminate/Validation/Validator.php(660): Illuminate/Validation/Validator->validateUnique('leave_name', 'Casual leae', Array, Object(Illuminate/Validation/Validator))
#13 D:/xampp/htdocs/Laravel-Assessment/laravel-assessment/vendor/laravel/framework/src/Illuminate/Validation/Validator.php(459): Illuminate/Validation/Validator->validateAttribute('leave_name', 'Unique')
#14 D:/xampp/htdocs/Laravel-Assessment/laravel-assessment/vendor/laravel/framework/src/Illuminate/Validation/Validator.php(494): Illuminate/Validation/Validator->passes()
#15 D:/xampp/htdocs/Laravel-Assessment/laravel-assessment/vendor/laravel/framework/src/Illuminate/Validation/Validator.php(536): Illuminate/Validation/Validator->fails()
#16 D:/xampp/htdocs/Laravel-Assessment/laravel-assessment/vendor/laravel/framework/src/Illuminate/Foundation/Providers/FoundationServiceProvider.php(124): Illuminate/Validation/Validator->validate()
#17 D:/xampp/htdocs/Laravel-Assessment/laravel-assessment/vendor/laravel/framework/src/Illuminate/Macroable/Traits/Macroable.php(123): Illuminate/Http/Request->Illuminate/Foundation/Providers/{closure}(Array)
#18 D:/xampp/htdocs/Laravel-Assessment/laravel-assessment/app/Http/Controllers/leaveController.php(10): Illuminate/Http/Request->__call('validate', Array)
#19 D:/xampp/htdocs/Laravel-Assessment/laravel-assessment/vendor/laravel/framework/src/Illuminate/Routing/Controller.php(54): App/Http/Controllers/leaveController->Addleave(Object(Illuminate/Http/Request))
#20 D:/xampp/htdocs/Laravel-Assessment/laravel-assessment/vendor/laravel/framework/src/Illuminate/Routing/ControllerDispatcher.php(43): Illuminate/Routing/Controller->callAction('Addleave', Array)
#21 D:/xampp/htdocs/Laravel-Assessment/laravel-assessment/vendor/laravel/framework/src/Illuminate/Routing/Route.php(260): Illuminate/Routing/ControllerDispatcher->dispatch(Object(Illuminate/Routing/Route), Object(App/Http/Controllers/leaveController), 'Addleave')
#22 D:/xampp/htdocs/Laravel-Assessment/laravel-assessment/vendor/laravel/framework/src/Illuminate/Routing/Route.php(205): Illuminate/Routing/Route->runController()
#23 D:/xampp/htdocs/Laravel-Assessment/laravel-assessment/vendor/laravel/framework/src/Illuminate/Routing/Router.php(806): Illuminate/Routing/Route->run()
#24 D:/xampp/htdocs/Laravel-Assessment/laravel-assessment/vendor/laravel/framework/src/Illuminate/Pipeline/Pipeline.php(144): Illuminate/Routing/Router->Illuminate/Routing/{closure}(Object(Illuminate/Http/Request))
#25 D:/xampp/htdocs/Laravel-Assessment/laravel-assessment/vendor/laravel/framework/src/Illuminate/Routing/Middleware/SubstituteBindings.php(50): Illuminate/Pipeline/Pipeline->Illuminate/Pipeline/{closure}(Object(Illuminate/Http/Request))
#26 D:/xampp/htdocs/Laravel-Assessment/laravel-assessment/vendor/laravel/framework/src/Illuminate/Pipeline/Pipeline.php(183): Illuminate/Routing/Middleware/SubstituteBindings->handle(Object(Illuminate/Http/Request), Object(Closure))
#27 D:/xampp/htdocs/Laravel-Assessment/laravel-assessment/vendor/laravel/framework/src/Illuminate/Routing/Middleware/ThrottleRequests.php(159): Illuminate/Pipeline/Pipeline->Illuminate/Pipeline/{closure}(Object(Illuminate/Http/Request))
#28 D:/xampp/htdocs/Laravel-Assessment/laravel-assessment/vendor/laravel/framework/src/Illuminate/Routing/Middleware/ThrottleRequests.php(135): Illuminate/Routing/Middleware/ThrottleRequests->handleRequest(Object(Illuminate/Http/Request), Object(Closure), Array)
#29 D:/xampp/htdocs/Laravel-Assessment/laravel-assessment/vendor/laravel/framework/src/Illuminate/Routing/Middleware/ThrottleRequests.php(87): Illuminate/Routing/Middleware/ThrottleRequests->handleRequestUsingNamedLimiter(Object(Illuminate/Http/Request), Object(Closure), 'api', Object(Closure))
#30 D:/xampp/htdocs/Laravel-Assessment/laravel-assessment/vendor/laravel/framework/src/Illuminate/Pipeline/Pipeline.php(183): Illuminate/Routing/Middleware/ThrottleRequests->handle(Object(Illuminate/Http/Request), Object(Closure), 'api')
#31 D:/xampp/htdocs/Laravel-Assessment/laravel-assessment/vendor/laravel/framework/src/Illuminate/Auth/Middleware/Authenticate.php(57): Illuminate/Pipeline/Pipeline->Illuminate/Pipeline/{closure}(Object(Illuminate/Http/Request))
#32 D:/xampp/htdocs/Laravel-Assessment/laravel-assessment/vendor/laravel/framework/src/Illuminate/Pipeline/Pipeline.php(183): Illuminate/Auth/Middleware/Authenticate->handle(Object(Illuminate/Http/Request), Object(Closure), 'api')
#33 D:/xampp/htdocs/Laravel-Assessment/laravel-assessment/vendor/laravel/framework/src/Illuminate/Pipeline/Pipeline.php(119): Illuminate/Pipeline/Pipeline->Illuminate/Pipeline/{closure}(Object(Illuminate/Http/Request))
#34 D:/xampp/htdocs/Laravel-Assessment/laravel-assessment/vendor/laravel/framework/src/Illuminate/Routing/Router.php(807): Illuminate/Pipeline/Pipeline->then(Object(Closure))
#35 D:/xampp/htdocs/Laravel-Assessment/laravel-assessment/vendor/laravel/framework/src/Illuminate/Routing/Router.php(784): Illuminate/Routing/Router->runRouteWithinStack(Object(Illuminate/Routing/Route), Object(Illuminate/Http/Request))
#36 D:/xampp/htdocs/Laravel-Assessment/laravel-assessment/vendor/laravel/framework/src/Illuminate/Routing/Router.php(748): Illuminate/Routing/Router->runRoute(Object(Illuminate/Http/Request), Object(Illuminate/Routing/Route))
#37 D:/xampp/htdocs/Laravel-Assessment/laravel-assessment/vendor/laravel/framework/src/Illuminate/Routing/Router.php(737): Illuminate/Routing/Router->dispatchToRoute(Object(Illuminate/Http/Request))
#38 D:/xampp/htdocs/Laravel-Assessment/laravel-assessment/vendor/laravel/framework/src/Illuminate/Foundation/Http/Kernel.php(200): Illuminate/Routing/Router->dispatch(Object(Illuminate/Http/Request))
#39 D:/xampp/htdocs/Laravel-Assessment/laravel-assessment/vendor/laravel/framework/src/Illuminate/Pipeline/Pipeline.php(144): Illuminate/Foundation/Http/Kernel->Illuminate/Foundation/Http/{closure}(Object(Illuminate/Http/Request))
#40 D:/xampp/htdocs/Laravel-Assessment/laravel-assessment/vendor/laravel/framework/src/Illuminate/Foundation/Http/Middleware/TransformsRequest.php(21): Illuminate/Pipeline/Pipeline->Illuminate/Pipeline/{closure}(Object(Illuminate/Http/Request))
#41 D:/xampp/htdocs/Laravel-Assessment/laravel-assessment/vendor/laravel/framework/src/Illuminate/Foundation/Http/Middleware/ConvertEmptyStringsToNull.php(31): Illuminate/Foundation/Http/Middleware/TransformsRequest->handle(Object(Illuminate/Http/Request), Object(Closure))
#42 D:/xampp/htdocs/Laravel-Assessment/laravel-assessment/vendor/laravel/framework/src/Illuminate/Pipeline/Pipeline.php(183): Illuminate/Foundation/Http/Middleware/ConvertEmptyStringsToNull->handle(Object(Illuminate/Http/Request), Object(Closure))
#43 D:/xampp/htdocs/Laravel-Assessment/laravel-assessment/vendor/laravel/framework/src/Illuminate/Foundation/Http/Middleware/TransformsRequest.php(21): Illuminate/Pipeline/Pipeline->Illuminate/Pipeline/{closure}(Object(Illuminate/Http/Request))
#44 D:/xampp/htdocs/Laravel-Assessment/laravel-assessment/vendor/laravel/framework/src/Illuminate/Foundation/Http/Middleware/TrimStrings.php(40): Illuminate/Foundation/Http/Middleware/TransformsRequest->handle(Object(Illuminate/Http/Request), Object(Closure))
#45 D:/xampp/htdocs/Laravel-Assessment/laravel-assessment/vendor/laravel/framework/src/Illuminate/Pipeline/Pipeline.php(183): Illuminate/Foundation/Http/Middleware/TrimStrings->handle(Object(Illuminate/Http/Request), Object(Closure))
#46 D:/xampp/htdocs/Laravel-Assessment/laravel-assessment/vendor/laravel/framework/src/Illuminate/Foundation/Http/Middleware/ValidatePostSize.php(27): Illuminate/Pipeline/Pipeline->Illuminate/Pipeline/{closure}(Object(Illuminate/Http/Request))
#47 D:/xampp/htdocs/Laravel-Assessment/laravel-assessment/vendor/laravel/framework/src/Illuminate/Pipeline/Pipeline.php(183): Illuminate/Foundation/Http/Middleware/ValidatePostSize->handle(Object(Illuminate/Http/Request), Object(Closure))
#48 D:/xampp/htdocs/Laravel-Assessment/laravel-assessment/vendor/laravel/framework/src/Illuminate/Foundation/Http/Middleware/PreventRequestsDuringMaintenance.php(99): Illuminate/Pipeline/Pipeline->Illuminate/Pipeline/{closure}(Object(Illuminate/Http/Request))
#49 D:/xampp/htdocs/Laravel-Assessment/laravel-assessment/vendor/laravel/framework/src/Illuminate/Pipeline/Pipeline.php(183): Illuminate/Foundation/Http/Middleware/PreventRequestsDuringMaintenance->handle(Object(Illuminate/Http/Request), Object(Closure))
#50 D:/xampp/htdocs/Laravel-Assessment/laravel-assessment/vendor/laravel/framework/src/Illuminate/Http/Middleware/HandleCors.php(62): Illuminate/Pipeline/Pipeline->Illuminate/Pipeline/{closure}(Object(Illuminate/Http/Request))
#51 D:/xampp/htdocs/Laravel-Assessment/laravel-assessment/vendor/laravel/framework/src/Illuminate/Pipeline/Pipeline.php(183): Illuminate/Http/Middleware/HandleCors->handle(Object(Illuminate/Http/Request), Object(Closure))
#52 D:/xampp/htdocs/Laravel-Assessment/laravel-assessment/vendor/laravel/framework/src/Illuminate/Http/Middleware/TrustProxies.php(39): Illuminate/Pipeline/Pipeline->Illuminate/Pipeline/{closure}(Object(Illuminate/Http/Request))
#53 D:/xampp/htdocs/Laravel-Assessment/laravel-assessment/vendor/laravel/framework/src/Illuminate/Pipeline/Pipeline.php(183): Illuminate/Http/Middleware/TrustProxies->handle(Object(Illuminate/Http/Request), Object(Closure))
#54 D:/xampp/htdocs/Laravel-Assessment/laravel-assessment/vendor/laravel/framework/src/Illuminate/Pipeline/Pipeline.php(119): Illuminate/Pipeline/Pipeline->Illuminate/Pipeline/{closure}(Object(Illuminate/Http/Request))
#55 D:/xampp/htdocs/Laravel-Assessment/laravel-assessment/vendor/laravel/framework/src/Illuminate/Foundation/Http/Kernel.php(175): Illuminate/Pipeline/Pipeline->then(Object(Closure))
#56 D:/xampp/htdocs/Laravel-Assessment/laravel-assessment/vendor/laravel/framework/src/Illuminate/Foundation/Http/Kernel.php(144): Illuminate/Foundation/Http/Kernel->sendRequestThroughRouter(Object(Illuminate/Http/Request))
#57 D:/xampp/htdocs/Laravel-Assessment/laravel-assessment/public/index.php(52): Illuminate/Foundation/Http/Kernel->handle(Object(Illuminate/Http/Request))
#58 D:/xampp/htdocs/Laravel-Assessment/laravel-assessment/vendor/laravel/framework/src/Illuminate/Foundation/resources/server.php(16): require_once('D://xampp//htdocs...')
#59 {main}
"} 
[2026-07-14 05:15:52] local.ERROR: SQLSTATE[42S02]: Base table or view not found: 1146 Table 'laravel-assignment.leaves' doesn't exist (Connection: mysql, SQL: select count(*) as aggregate from `leaves` where `leave_name` = Casual leae) {"userId":1,"exception":"[object] (Illuminate\\Database\\QueryException(code: 42S02): SQLSTATE[42S02]: Base table or view not found: 1146 Table 'laravel-assignment.leaves' doesn't exist (Connection: mysql, SQL: select count(*) as aggregate from `leaves` where `leave_name` = Casual leae) at D:/xampp/htdocs/Laravel-Assessment/laravel-assessment/vendor/laravel/framework/src/Illuminate/Database/Connection.php:829)
[stacktrace]
#0 D:/xampp/htdocs/Laravel-Assessment/laravel-assessment/vendor/laravel/framework/src/Illuminate/Database/Connection.php(783): Illuminate/Database/Connection->runQueryCallback('select count(*)...', Array, Object(Closure))
#1 D:/xampp/htdocs/Laravel-Assessment/laravel-assessment/vendor/laravel/framework/src/Illuminate/Database/Connection.php(431): Illuminate/Database/Connection->run('select count(*)...', Array, Object(Closure))
#2 D:/xampp/htdocs/Laravel-Assessment/laravel-assessment/vendor/laravel/framework/src/Illuminate/Database/Query/Builder.php(2914): Illuminate/Database/Connection->select('select count(*)...', Array, false)
#3 D:/xampp/htdocs/Laravel-Assessment/laravel-assessment/vendor/laravel/framework/src/Illuminate/Database/Query/Builder.php(2902): Illuminate/Database/Query/Builder->runSelect()
#4 D:/xampp/htdocs/Laravel-Assessment/laravel-assessment/vendor/laravel/framework/src/Illuminate/Database/Query/Builder.php(3456): Illuminate/Database/Query/Builder->Illuminate/Database/Query/{closure}()
#5 D:/xampp/htdocs/Laravel-Assessment/laravel-assessment/vendor/laravel/framework/src/Illuminate/Database/Query/Builder.php(2903): Illuminate/Database/Query/Builder->onceWithColumns(Array, Object(Closure))
#6 D:/xampp/htdocs/Laravel-Assessment/laravel-assessment/vendor/laravel/framework/src/Illuminate/Database/Query/Builder.php(3383): Illuminate/Database/Query/Builder->get(Array)
#7 D:/xampp/htdocs/Laravel-Assessment/laravel-assessment/vendor/laravel/framework/src/Illuminate/Database/Query/Builder.php(3311): Illuminate/Database/Query/Builder->aggregate('count', Array)
#8 D:/xampp/htdocs/Laravel-Assessment/laravel-assessment/vendor/laravel/framework/src/Illuminate/Validation/DatabasePresenceVerifier.php(54): Illuminate/Database/Query/Builder->count()
#9 D:/xampp/htdocs/Laravel-Assessment/laravel-assessment/vendor/laravel/framework/src/Illuminate/Validation/Concerns/ValidatesAttributes.php(949): Illuminate/Validation/DatabasePresenceVerifier->getCount('leaves', 'leave_name', 'Casual leae', NULL, NULL, Array)
#10 D:/xampp/htdocs/Laravel-Assessment/laravel-assessment/vendor/laravel/framework/src/Illuminate/Validation/Validator.php(660): Illuminate/Validation/Validator->validateUnique('leave_name', 'Casual leae', Array, Object(Illuminate/Validation/Validator))
#11 D:/xampp/htdocs/Laravel-Assessment/laravel-assessment/vendor/laravel/framework/src/Illuminate/Validation/Validator.php(459): Illuminate/Validation/Validator->validateAttribute('leave_name', 'Unique')
#12 D:/xampp/htdocs/Laravel-Assessment/laravel-assessment/vendor/laravel/framework/src/Illuminate/Validation/Validator.php(494): Illuminate/Validation/Validator->passes()
#13 D:/xampp/htdocs/Laravel-Assessment/laravel-assessment/vendor/laravel/framework/src/Illuminate/Validation/Validator.php(536): Illuminate/Validation/Validator->fails()
#14 D:/xampp/htdocs/Laravel-Assessment/laravel-assessment/vendor/laravel/framework/src/Illuminate/Foundation/Providers/FoundationServiceProvider.php(124): Illuminate/Validation/Validator->validate()
#15 D:/xampp/htdocs/Laravel-Assessment/laravel-assessment/vendor/laravel/framework/src/Illuminate/Macroable/Traits/Macroable.php(123): Illuminate/Http/Request->Illuminate/Foundation/Providers/{closure}(Array)
#16 D:/xampp/htdocs/Laravel-Assessment/laravel-assessment/app/Http/Controllers/leaveController.php(10): Illuminate/Http/Request->__call('validate', Array)
#17 D:/xampp/htdocs/Laravel-Assessment/laravel-assessment/vendor/laravel/framework/src/Illuminate/Routing/Controller.php(54): App/Http/Controllers/leaveController->Addleave(Object(Illuminate/Http/Request))
#18 D:/xampp/htdocs/Laravel-Assessment/laravel-assessment/vendor/laravel/framework/src/Illuminate/Routing/ControllerDispatcher.php(43): Illuminate/Routing/Controller->callAction('Addleave', Array)
#19 D:/xampp/htdocs/Laravel-Assessment/laravel-assessment/vendor/laravel/framework/src/Illuminate/Routing/Route.php(260): Illuminate/Routing/ControllerDispatcher->dispatch(Object(Illuminate/Routing/Route), Object(App/Http/Controllers/leaveController), 'Addleave')
#20 D:/xampp/htdocs/Laravel-Assessment/laravel-assessment/vendor/laravel/framework/src/Illuminate/Routing/Route.php(205): Illuminate/Routing/Route->runController()
#21 D:/xampp/htdocs/Laravel-Assessment/laravel-assessment/vendor/laravel/framework/src/Illuminate/Routing/Router.php(806): Illuminate/Routing/Route->run()
#22 D:/xampp/htdocs/Laravel-Assessment/laravel-assessment/vendor/laravel/framework/src/Illuminate/Pipeline/Pipeline.php(144): Illuminate/Routing/Router->Illuminate/Routing/{closure}(Object(Illuminate/Http/Request))
#23 D:/xampp/htdocs/Laravel-Assessment/laravel-assessment/vendor/laravel/framework/src/Illuminate/Routing/Middleware/SubstituteBindings.php(50): Illuminate/Pipeline/Pipeline->Illuminate/Pipeline/{closure}(Object(Illuminate/Http/Request))
#24 D:/xampp/htdocs/Laravel-Assessment/laravel-assessment/vendor/laravel/framework/src/Illuminate/Pipeline/Pipeline.php(183): Illuminate/Routing/Middleware/SubstituteBindings->handle(Object(Illuminate/Http/Request), Object(Closure))
#25 D:/xampp/htdocs/Laravel-Assessment/laravel-assessment/vendor/laravel/framework/src/Illuminate/Routing/Middleware/ThrottleRequests.php(159): Illuminate/Pipeline/Pipeline->Illuminate/Pipeline/{closure}(Object(Illuminate/Http/Request))
#26 D:/xampp/htdocs/Laravel-Assessment/laravel-assessment/vendor/laravel/framework/src/Illuminate/Routing/Middleware/ThrottleRequests.php(135): Illuminate/Routing/Middleware/ThrottleRequests->handleRequest(Object(Illuminate/Http/Request), Object(Closure), Array)
#27 D:/xampp/htdocs/Laravel-Assessment/laravel-assessment/vendor/laravel/framework/src/Illuminate/Routing/Middleware/ThrottleRequests.php(87): Illuminate/Routing/Middleware/ThrottleRequests->handleRequestUsingNamedLimiter(Object(Illuminate/Http/Request), Object(Closure), 'api', Object(Closure))
#28 D:/xampp/htdocs/Laravel-Assessment/laravel-assessment/vendor/laravel/framework/src/Illuminate/Pipeline/Pipeline.php(183): Illuminate/Routing/Middleware/ThrottleRequests->handle(Object(Illuminate/Http/Request), Object(Closure), 'api')
#29 D:/xampp/htdocs/Laravel-Assessment/laravel-assessment/vendor/laravel/framework/src/Illuminate/Auth/Middleware/Authenticate.php(57): Illuminate/Pipeline/Pipeline->Illuminate/Pipeline/{closure}(Object(Illuminate/Http/Request))
#30 D:/xampp/htdocs/Laravel-Assessment/laravel-assessment/vendor/laravel/framework/src/Illuminate/Pipeline/Pipeline.php(183): Illuminate/Auth/Middleware/Authenticate->handle(Object(Illuminate/Http/Request), Object(Closure), 'api')
#31 D:/xampp/htdocs/Laravel-Assessment/laravel-assessment/vendor/laravel/framework/src/Illuminate/Pipeline/Pipeline.php(119): Illuminate/Pipeline/Pipeline->Illuminate/Pipeline/{closure}(Object(Illuminate/Http/Request))
#32 D:/xampp/htdocs/Laravel-Assessment/laravel-assessment/vendor/laravel/framework/src/Illuminate/Routing/Router.php(807): Illuminate/Pipeline/Pipeline->then(Object(Closure))
#33 D:/xampp/htdocs/Laravel-Assessment/laravel-assessment/vendor/laravel/framework/src/Illuminate/Routing/Router.php(784): Illuminate/Routing/Router->runRouteWithinStack(Object(Illuminate/Routing/Route), Object(Illuminate/Http/Request))
#34 D:/xampp/htdocs/Laravel-Assessment/laravel-assessment/vendor/laravel/framework/src/Illuminate/Routing/Router.php(748): Illuminate/Routing/Router->runRoute(Object(Illuminate/Http/Request), Object(Illuminate/Routing/Route))
#35 D:/xampp/htdocs/Laravel-Assessment/laravel-assessment/vendor/laravel/framework/src/Illuminate/Routing/Router.php(737): Illuminate/Routing/Router->dispatchToRoute(Object(Illuminate/Http/Request))
#36 D:/xampp/htdocs/Laravel-Assessment/laravel-assessment/vendor/laravel/framework/src/Illuminate/Foundation/Http/Kernel.php(200): Illuminate/Routing/Router->dispatch(Object(Illuminate/Http/Request))
#37 D:/xampp/htdocs/Laravel-Assessment/laravel-assessment/vendor/laravel/framework/src/Illuminate/Pipeline/Pipeline.php(144): Illuminate/Foundation/Http/Kernel->Illuminate/Foundation/Http/{closure}(Object(Illuminate/Http/Request))
#38 D:/xampp/htdocs/Laravel-Assessment/laravel-assessment/vendor/laravel/framework/src/Illuminate/Foundation/Http/Middleware/TransformsRequest.php(21): Illuminate/Pipeline/Pipeline->Illuminate/Pipeline/{closure}(Object(Illuminate/Http/Request))
#39 D:/xampp/htdocs/Laravel-Assessment/laravel-assessment/vendor/laravel/framework/src/Illuminate/Foundation/Http/Middleware/ConvertEmptyStringsToNull.php(31): Illuminate/Foundation/Http/Middleware/TransformsRequest->handle(Object(Illuminate/Http/Request), Object(Closure))
#40 D:/xampp/htdocs/Laravel-Assessment/laravel-assessment/vendor/laravel/framework/src/Illuminate/Pipeline/Pipeline.php(183): Illuminate/Foundation/Http/Middleware/ConvertEmptyStringsToNull->handle(Object(Illuminate/Http/Request), Object(Closure))
#41 D:/xampp/htdocs/Laravel-Assessment/laravel-assessment/vendor/laravel/framework/src/Illuminate/Foundation/Http/Middleware/TransformsRequest.php(21): Illuminate/Pipeline/Pipeline->Illuminate/Pipeline/{closure}(Object(Illuminate/Http/Request))
#42 D:/xampp/htdocs/Laravel-Assessment/laravel-assessment/vendor/laravel/framework/src/Illuminate/Foundation/Http/Middleware/TrimStrings.php(40): Illuminate/Foundation/Http/Middleware/TransformsRequest->handle(Object(Illuminate/Http/Request), Object(Closure))
#43 D:/xampp/htdocs/Laravel-Assessment/laravel-assessment/vendor/laravel/framework/src/Illuminate/Pipeline/Pipeline.php(183): Illuminate/Foundation/Http/Middleware/TrimStrings->handle(Object(Illuminate/Http/Request), Object(Closure))
#44 D:/xampp/htdocs/Laravel-Assessment/laravel-assessment/vendor/laravel/framework/src/Illuminate/Foundation/Http/Middleware/ValidatePostSize.php(27): Illuminate/Pipeline/Pipeline->Illuminate/Pipeline/{closure}(Object(Illuminate/Http/Request))
#45 D:/xampp/htdocs/Laravel-Assessment/laravel-assessment/vendor/laravel/framework/src/Illuminate/Pipeline/Pipeline.php(183): Illuminate/Foundation/Http/Middleware/ValidatePostSize->handle(Object(Illuminate/Http/Request), Object(Closure))
#46 D:/xampp/htdocs/Laravel-Assessment/laravel-assessment/vendor/laravel/framework/src/Illuminate/Foundation/Http/Middleware/PreventRequestsDuringMaintenance.php(99): Illuminate/Pipeline/Pipeline->Illuminate/Pipeline/{closure}(Object(Illuminate/Http/Request))
#47 D:/xampp/htdocs/Laravel-Assessment/laravel-assessment/vendor/laravel/framework/src/Illuminate/Pipeline/Pipeline.php(183): Illuminate/Foundation/Http/Middleware/PreventRequestsDuringMaintenance->handle(Object(Illuminate/Http/Request), Object(Closure))
#48 D:/xampp/htdocs/Laravel-Assessment/laravel-assessment/vendor/laravel/framework/src/Illuminate/Http/Middleware/HandleCors.php(62): Illuminate/Pipeline/Pipeline->Illuminate/Pipeline/{closure}(Object(Illuminate/Http/Request))
#49 D:/xampp/htdocs/Laravel-Assessment/laravel-assessment/vendor/laravel/framework/src/Illuminate/Pipeline/Pipeline.php(183): Illuminate/Http/Middleware/HandleCors->handle(Object(Illuminate/Http/Request), Object(Closure))
#50 D:/xampp/htdocs/Laravel-Assessment/laravel-assessment/vendor/laravel/framework/src/Illuminate/Http/Middleware/TrustProxies.php(39): Illuminate/Pipeline/Pipeline->Illuminate/Pipeline/{closure}(Object(Illuminate/Http/Request))
#51 D:/xampp/htdocs/Laravel-Assessment/laravel-assessment/vendor/laravel/framework/src/Illuminate/Pipeline/Pipeline.php(183): Illuminate/Http/Middleware/TrustProxies->handle(Object(Illuminate/Http/Request), Object(Closure))
#52 D:/xampp/htdocs/Laravel-Assessment/laravel-assessment/vendor/laravel/framework/src/Illuminate/Pipeline/Pipeline.php(119): Illuminate/Pipeline/Pipeline->Illuminate/Pipeline/{closure}(Object(Illuminate/Http/Request))
#53 D:/xampp/htdocs/Laravel-Assessment/laravel-assessment/vendor/laravel/framework/src/Illuminate/Foundation/Http/Kernel.php(175): Illuminate/Pipeline/Pipeline->then(Object(Closure))
#54 D:/xampp/htdocs/Laravel-Assessment/laravel-assessment/vendor/laravel/framework/src/Illuminate/Foundation/Http/Kernel.php(144): Illuminate/Foundation/Http/Kernel->sendRequestThroughRouter(Object(Illuminate/Http/Request))
#55 D:/xampp/htdocs/Laravel-Assessment/laravel-assessment/public/index.php(52): Illuminate/Foundation/Http/Kernel->handle(Object(Illuminate/Http/Request))
#56 D:/xampp/htdocs/Laravel-Assessment/laravel-assessment/vendor/laravel/framework/src/Illuminate/Foundation/resources/server.php(16): require_once('D://xampp//htdocs...')
#57 {main}

[previous exception] [object] (PDOException(code: 42S02): SQLSTATE[42S02]: Base table or view not found: 1146 Table 'laravel-assignment.leaves' doesn't exist at D:/xampp/htdocs/Laravel-Assessment/laravel-assessment/vendor/laravel/framework/src/Illuminate/Database/Connection.php:423)
[stacktrace]
#0 D:/xampp/htdocs/Laravel-Assessment/laravel-assessment/vendor/laravel/framework/src/Illuminate/Database/Connection.php(423): PDO->prepare('select count(*)...')
#1 D:/xampp/htdocs/Laravel-Assessment/laravel-assessment/vendor/laravel/framework/src/Illuminate/Database/Connection.php(816): Illuminate/Database/Connection->Illuminate/Database/{closure}('select count(*)...', Array)
#2 D:/xampp/htdocs/Laravel-Assessment/laravel-assessment/vendor/laravel/framework/src/Illuminate/Database/Connection.php(783): Illuminate/Database/Connection->runQueryCallback('select count(*)...', Array, Object(Closure))
#3 D:/xampp/htdocs/Laravel-Assessment/laravel-assessment/vendor/laravel/framework/src/Illuminate/Database/Connection.php(431): Illuminate/Database/Connection->run('select count(*)...', Array, Object(Closure))
#4 D:/xampp/htdocs/Laravel-Assessment/laravel-assessment/vendor/laravel/framework/src/Illuminate/Database/Query/Builder.php(2914): Illuminate/Database/Connection->select('select count(*)...', Array, false)
#5 D:/xampp/htdocs/Laravel-Assessment/laravel-assessment/vendor/laravel/framework/src/Illuminate/Database/Query/Builder.php(2902): Illuminate/Database/Query/Builder->runSelect()
#6 D:/xampp/htdocs/Laravel-Assessment/laravel-assessment/vendor/laravel/framework/src/Illuminate/Database/Query/Builder.php(3456): Illuminate/Database/Query/Builder->Illuminate/Database/Query/{closure}()
#7 D:/xampp/htdocs/Laravel-Assessment/laravel-assessment/vendor/laravel/framework/src/Illuminate/Database/Query/Builder.php(2903): Illuminate/Database/Query/Builder->onceWithColumns(Array, Object(Closure))
#8 D:/xampp/htdocs/Laravel-Assessment/laravel-assessment/vendor/laravel/framework/src/Illuminate/Database/Query/Builder.php(3383): Illuminate/Database/Query/Builder->get(Array)
#9 D:/xampp/htdocs/Laravel-Assessment/laravel-assessment/vendor/laravel/framework/src/Illuminate/Database/Query/Builder.php(3311): Illuminate/Database/Query/Builder->aggregate('count', Array)
#10 D:/xampp/htdocs/Laravel-Assessment/laravel-assessment/vendor/laravel/framework/src/Illuminate/Validation/DatabasePresenceVerifier.php(54): Illuminate/Database/Query/Builder->count()
#11 D:/xampp/htdocs/Laravel-Assessment/laravel-assessment/vendor/laravel/framework/src/Illuminate/Validation/Concerns/ValidatesAttributes.php(949): Illuminate/Validation/DatabasePresenceVerifier->getCount('leaves', 'leave_name', 'Casual leae', NULL, NULL, Array)
#12 D:/xampp/htdocs/Laravel-Assessment/laravel-assessment/vendor/laravel/framework/src/Illuminate/Validation/Validator.php(660): Illuminate/Validation/Validator->validateUnique('leave_name', 'Casual leae', Array, Object(Illuminate/Validation/Validator))
#13 D:/xampp/htdocs/Laravel-Assessment/laravel-assessment/vendor/laravel/framework/src/Illuminate/Validation/Validator.php(459): Illuminate/Validation/Validator->validateAttribute('leave_name', 'Unique')
#14 D:/xampp/htdocs/Laravel-Assessment/laravel-assessment/vendor/laravel/framework/src/Illuminate/Validation/Validator.php(494): Illuminate/Validation/Validator->passes()
#15 D:/xampp/htdocs/Laravel-Assessment/laravel-assessment/vendor/laravel/framework/src/Illuminate/Validation/Validator.php(536): Illuminate/Validation/Validator->fails()
#16 D:/xampp/htdocs/Laravel-Assessment/laravel-assessment/vendor/laravel/framework/src/Illuminate/Foundation/Providers/FoundationServiceProvider.php(124): Illuminate/Validation/Validator->validate()
#17 D:/xampp/htdocs/Laravel-Assessment/laravel-assessment/vendor/laravel/framework/src/Illuminate/Macroable/Traits/Macroable.php(123): Illuminate/Http/Request->Illuminate/Foundation/Providers/{closure}(Array)
#18 D:/xampp/htdocs/Laravel-Assessment/laravel-assessment/app/Http/Controllers/leaveController.php(10): Illuminate/Http/Request->__call('validate', Array)
#19 D:/xampp/htdocs/Laravel-Assessment/laravel-assessment/vendor/laravel/framework/src/Illuminate/Routing/Controller.php(54): App/Http/Controllers/leaveController->Addleave(Object(Illuminate/Http/Request))
#20 D:/xampp/htdocs/Laravel-Assessment/laravel-assessment/vendor/laravel/framework/src/Illuminate/Routing/ControllerDispatcher.php(43): Illuminate/Routing/Controller->callAction('Addleave', Array)
#21 D:/xampp/htdocs/Laravel-Assessment/laravel-assessment/vendor/laravel/framework/src/Illuminate/Routing/Route.php(260): Illuminate/Routing/ControllerDispatcher->dispatch(Object(Illuminate/Routing/Route), Object(App/Http/Controllers/leaveController), 'Addleave')
#22 D:/xampp/htdocs/Laravel-Assessment/laravel-assessment/vendor/laravel/framework/src/Illuminate/Routing/Route.php(205): Illuminate/Routing/Route->runController()
#23 D:/xampp/htdocs/Laravel-Assessment/laravel-assessment/vendor/laravel/framework/src/Illuminate/Routing/Router.php(806): Illuminate/Routing/Route->run()
#24 D:/xampp/htdocs/Laravel-Assessment/laravel-assessment/vendor/laravel/framework/src/Illuminate/Pipeline/Pipeline.php(144): Illuminate/Routing/Router->Illuminate/Routing/{closure}(Object(Illuminate/Http/Request))
#25 D:/xampp/htdocs/Laravel-Assessment/laravel-assessment/vendor/laravel/framework/src/Illuminate/Routing/Middleware/SubstituteBindings.php(50): Illuminate/Pipeline/Pipeline->Illuminate/Pipeline/{closure}(Object(Illuminate/Http/Request))
#26 D:/xampp/htdocs/Laravel-Assessment/laravel-assessment/vendor/laravel/framework/src/Illuminate/Pipeline/Pipeline.php(183): Illuminate/Routing/Middleware/SubstituteBindings->handle(Object(Illuminate/Http/Request), Object(Closure))
#27 D:/xampp/htdocs/Laravel-Assessment/laravel-assessment/vendor/laravel/framework/src/Illuminate/Routing/Middleware/ThrottleRequests.php(159): Illuminate/Pipeline/Pipeline->Illuminate/Pipeline/{closure}(Object(Illuminate/Http/Request))
#28 D:/xampp/htdocs/Laravel-Assessment/laravel-assessment/vendor/laravel/framework/src/Illuminate/Routing/Middleware/ThrottleRequests.php(135): Illuminate/Routing/Middleware/ThrottleRequests->handleRequest(Object(Illuminate/Http/Request), Object(Closure), Array)
#29 D:/xampp/htdocs/Laravel-Assessment/laravel-assessment/vendor/laravel/framework/src/Illuminate/Routing/Middleware/ThrottleRequests.php(87): Illuminate/Routing/Middleware/ThrottleRequests->handleRequestUsingNamedLimiter(Object(Illuminate/Http/Request), Object(Closure), 'api', Object(Closure))
#30 D:/xampp/htdocs/Laravel-Assessment/laravel-assessment/vendor/laravel/framework/src/Illuminate/Pipeline/Pipeline.php(183): Illuminate/Routing/Middleware/ThrottleRequests->handle(Object(Illuminate/Http/Request), Object(Closure), 'api')
#31 D:/xampp/htdocs/Laravel-Assessment/laravel-assessment/vendor/laravel/framework/src/Illuminate/Auth/Middleware/Authenticate.php(57): Illuminate/Pipeline/Pipeline->Illuminate/Pipeline/{closure}(Object(Illuminate/Http/Request))
#32 D:/xampp/htdocs/Laravel-Assessment/laravel-assessment/vendor/laravel/framework/src/Illuminate/Pipeline/Pipeline.php(183): Illuminate/Auth/Middleware/Authenticate->handle(Object(Illuminate/Http/Request), Object(Closure), 'api')
#33 D:/xampp/htdocs/Laravel-Assessment/laravel-assessment/vendor/laravel/framework/src/Illuminate/Pipeline/Pipeline.php(119): Illuminate/Pipeline/Pipeline->Illuminate/Pipeline/{closure}(Object(Illuminate/Http/Request))
#34 D:/xampp/htdocs/Laravel-Assessment/laravel-assessment/vendor/laravel/framework/src/Illuminate/Routing/Router.php(807): Illuminate/Pipeline/Pipeline->then(Object(Closure))
#35 D:/xampp/htdocs/Laravel-Assessment/laravel-assessment/vendor/laravel/framework/src/Illuminate/Routing/Router.php(784): Illuminate/Routing/Router->runRouteWithinStack(Object(Illuminate/Routing/Route), Object(Illuminate/Http/Request))
#36 D:/xampp/htdocs/Laravel-Assessment/laravel-assessment/vendor/laravel/framework/src/Illuminate/Routing/Router.php(748): Illuminate/Routing/Router->runRoute(Object(Illuminate/Http/Request), Object(Illuminate/Routing/Route))
#37 D:/xampp/htdocs/Laravel-Assessment/laravel-assessment/vendor/laravel/framework/src/Illuminate/Routing/Router.php(737): Illuminate/Routing/Router->dispatchToRoute(Object(Illuminate/Http/Request))
#38 D:/xampp/htdocs/Laravel-Assessment/laravel-assessment/vendor/laravel/framework/src/Illuminate/Foundation/Http/Kernel.php(200): Illuminate/Routing/Router->dispatch(Object(Illuminate/Http/Request))
#39 D:/xampp/htdocs/Laravel-Assessment/laravel-assessment/vendor/laravel/framework/src/Illuminate/Pipeline/Pipeline.php(144): Illuminate/Foundation/Http/Kernel->Illuminate/Foundation/Http/{closure}(Object(Illuminate/Http/Request))
#40 D:/xampp/htdocs/Laravel-Assessment/laravel-assessment/vendor/laravel/framework/src/Illuminate/Foundation/Http/Middleware/TransformsRequest.php(21): Illuminate/Pipeline/Pipeline->Illuminate/Pipeline/{closure}(Object(Illuminate/Http/Request))
#41 D:/xampp/htdocs/Laravel-Assessment/laravel-assessment/vendor/laravel/framework/src/Illuminate/Foundation/Http/Middleware/ConvertEmptyStringsToNull.php(31): Illuminate/Foundation/Http/Middleware/TransformsRequest->handle(Object(Illuminate/Http/Request), Object(Closure))
#42 D:/xampp/htdocs/Laravel-Assessment/laravel-assessment/vendor/laravel/framework/src/Illuminate/Pipeline/Pipeline.php(183): Illuminate/Foundation/Http/Middleware/ConvertEmptyStringsToNull->handle(Object(Illuminate/Http/Request), Object(Closure))
#43 D:/xampp/htdocs/Laravel-Assessment/laravel-assessment/vendor/laravel/framework/src/Illuminate/Foundation/Http/Middleware/TransformsRequest.php(21): Illuminate/Pipeline/Pipeline->Illuminate/Pipeline/{closure}(Object(Illuminate/Http/Request))
#44 D:/xampp/htdocs/Laravel-Assessment/laravel-assessment/vendor/laravel/framework/src/Illuminate/Foundation/Http/Middleware/TrimStrings.php(40): Illuminate/Foundation/Http/Middleware/TransformsRequest->handle(Object(Illuminate/Http/Request), Object(Closure))
#45 D:/xampp/htdocs/Laravel-Assessment/laravel-assessment/vendor/laravel/framework/src/Illuminate/Pipeline/Pipeline.php(183): Illuminate/Foundation/Http/Middleware/TrimStrings->handle(Object(Illuminate/Http/Request), Object(Closure))
#46 D:/xampp/htdocs/Laravel-Assessment/laravel-assessment/vendor/laravel/framework/src/Illuminate/Foundation/Http/Middleware/ValidatePostSize.php(27): Illuminate/Pipeline/Pipeline->Illuminate/Pipeline/{closure}(Object(Illuminate/Http/Request))
#47 D:/xampp/htdocs/Laravel-Assessment/laravel-assessment/vendor/laravel/framework/src/Illuminate/Pipeline/Pipeline.php(183): Illuminate/Foundation/Http/Middleware/ValidatePostSize->handle(Object(Illuminate/Http/Request), Object(Closure))
#48 D:/xampp/htdocs/Laravel-Assessment/laravel-assessment/vendor/laravel/framework/src/Illuminate/Foundation/Http/Middleware/PreventRequestsDuringMaintenance.php(99): Illuminate/Pipeline/Pipeline->Illuminate/Pipeline/{closure}(Object(Illuminate/Http/Request))
#49 D:/xampp/htdocs/Laravel-Assessment/laravel-assessment/vendor/laravel/framework/src/Illuminate/Pipeline/Pipeline.php(183): Illuminate/Foundation/Http/Middleware/PreventRequestsDuringMaintenance->handle(Object(Illuminate/Http/Request), Object(Closure))
#50 D:/xampp/htdocs/Laravel-Assessment/laravel-assessment/vendor/laravel/framework/src/Illuminate/Http/Middleware/HandleCors.php(62): Illuminate/Pipeline/Pipeline->Illuminate/Pipeline/{closure}(Object(Illuminate/Http/Request))
#51 D:/xampp/htdocs/Laravel-Assessment/laravel-assessment/vendor/laravel/framework/src/Illuminate/Pipeline/Pipeline.php(183): Illuminate/Http/Middleware/HandleCors->handle(Object(Illuminate/Http/Request), Object(Closure))
#52 D:/xampp/htdocs/Laravel-Assessment/laravel-assessment/vendor/laravel/framework/src/Illuminate/Http/Middleware/TrustProxies.php(39): Illuminate/Pipeline/Pipeline->Illuminate/Pipeline/{closure}(Object(Illuminate/Http/Request))
#53 D:/xampp/htdocs/Laravel-Assessment/laravel-assessment/vendor/laravel/framework/src/Illuminate/Pipeline/Pipeline.php(183): Illuminate/Http/Middleware/TrustProxies->handle(Object(Illuminate/Http/Request), Object(Closure))
#54 D:/xampp/htdocs/Laravel-Assessment/laravel-assessment/vendor/laravel/framework/src/Illuminate/Pipeline/Pipeline.php(119): Illuminate/Pipeline/Pipeline->Illuminate/Pipeline/{closure}(Object(Illuminate/Http/Request))
#55 D:/xampp/htdocs/Laravel-Assessment/laravel-assessment/vendor/laravel/framework/src/Illuminate/Foundation/Http/Kernel.php(175): Illuminate/Pipeline/Pipeline->then(Object(Closure))
#56 D:/xampp/htdocs/Laravel-Assessment/laravel-assessment/vendor/laravel/framework/src/Illuminate/Foundation/Http/Kernel.php(144): Illuminate/Foundation/Http/Kernel->sendRequestThroughRouter(Object(Illuminate/Http/Request))
#57 D:/xampp/htdocs/Laravel-Assessment/laravel-assessment/public/index.php(52): Illuminate/Foundation/Http/Kernel->handle(Object(Illuminate/Http/Request))
#58 D:/xampp/htdocs/Laravel-Assessment/laravel-assessment/vendor/laravel/framework/src/Illuminate/Foundation/resources/server.php(16): require_once('D://xampp//htdocs...')
#59 {main}
"} 
[2026-07-14 05:16:58] local.ERROR: SQLSTATE[42S02]: Base table or view not found: 1146 Table 'laravel-assignment.leaves' doesn't exist (Connection: mysql, SQL: select count(*) as aggregate from `leaves` where `leave_name` = Casual leae) {"userId":1,"exception":"[object] (Illuminate\\Database\\QueryException(code: 42S02): SQLSTATE[42S02]: Base table or view not found: 1146 Table 'laravel-assignment.leaves' doesn't exist (Connection: mysql, SQL: select count(*) as aggregate from `leaves` where `leave_name` = Casual leae) at D:/xampp/htdocs/Laravel-Assessment/laravel-assessment/vendor/laravel/framework/src/Illuminate/Database/Connection.php:829)
[stacktrace]
#0 D:/xampp/htdocs/Laravel-Assessment/laravel-assessment/vendor/laravel/framework/src/Illuminate/Database/Connection.php(783): Illuminate/Database/Connection->runQueryCallback('select count(*)...', Array, Object(Closure))
#1 D:/xampp/htdocs/Laravel-Assessment/laravel-assessment/vendor/laravel/framework/src/Illuminate/Database/Connection.php(431): Illuminate/Database/Connection->run('select count(*)...', Array, Object(Closure))
#2 D:/xampp/htdocs/Laravel-Assessment/laravel-assessment/vendor/laravel/framework/src/Illuminate/Database/Query/Builder.php(2914): Illuminate/Database/Connection->select('select count(*)...', Array, false)
#3 D:/xampp/htdocs/Laravel-Assessment/laravel-assessment/vendor/laravel/framework/src/Illuminate/Database/Query/Builder.php(2902): Illuminate/Database/Query/Builder->runSelect()
#4 D:/xampp/htdocs/Laravel-Assessment/laravel-assessment/vendor/laravel/framework/src/Illuminate/Database/Query/Builder.php(3456): Illuminate/Database/Query/Builder->Illuminate/Database/Query/{closure}()
#5 D:/xampp/htdocs/Laravel-Assessment/laravel-assessment/vendor/laravel/framework/src/Illuminate/Database/Query/Builder.php(2903): Illuminate/Database/Query/Builder->onceWithColumns(Array, Object(Closure))
#6 D:/xampp/htdocs/Laravel-Assessment/laravel-assessment/vendor/laravel/framework/src/Illuminate/Database/Query/Builder.php(3383): Illuminate/Database/Query/Builder->get(Array)
#7 D:/xampp/htdocs/Laravel-Assessment/laravel-assessment/vendor/laravel/framework/src/Illuminate/Database/Query/Builder.php(3311): Illuminate/Database/Query/Builder->aggregate('count', Array)
#8 D:/xampp/htdocs/Laravel-Assessment/laravel-assessment/vendor/laravel/framework/src/Illuminate/Validation/DatabasePresenceVerifier.php(54): Illuminate/Database/Query/Builder->count()
#9 D:/xampp/htdocs/Laravel-Assessment/laravel-assessment/vendor/laravel/framework/src/Illuminate/Validation/Concerns/ValidatesAttributes.php(949): Illuminate/Validation/DatabasePresenceVerifier->getCount('leaves', 'leave_name', 'Casual leae', NULL, NULL, Array)
#10 D:/xampp/htdocs/Laravel-Assessment/laravel-assessment/vendor/laravel/framework/src/Illuminate/Validation/Validator.php(660): Illuminate/Validation/Validator->validateUnique('leave_name', 'Casual leae', Array, Object(Illuminate/Validation/Validator))
#11 D:/xampp/htdocs/Laravel-Assessment/laravel-assessment/vendor/laravel/framework/src/Illuminate/Validation/Validator.php(459): Illuminate/Validation/Validator->validateAttribute('leave_name', 'Unique')
#12 D:/xampp/htdocs/Laravel-Assessment/laravel-assessment/vendor/laravel/framework/src/Illuminate/Validation/Validator.php(494): Illuminate/Validation/Validator->passes()
#13 D:/xampp/htdocs/Laravel-Assessment/laravel-assessment/vendor/laravel/framework/src/Illuminate/Validation/Validator.php(536): Illuminate/Validation/Validator->fails()
#14 D:/xampp/htdocs/Laravel-Assessment/laravel-assessment/vendor/laravel/framework/src/Illuminate/Foundation/Providers/FoundationServiceProvider.php(124): Illuminate/Validation/Validator->validate()
#15 D:/xampp/htdocs/Laravel-Assessment/laravel-assessment/vendor/laravel/framework/src/Illuminate/Macroable/Traits/Macroable.php(123): Illuminate/Http/Request->Illuminate/Foundation/Providers/{closure}(Array)
#16 D:/xampp/htdocs/Laravel-Assessment/laravel-assessment/app/Http/Controllers/leaveController.php(10): Illuminate/Http/Request->__call('validate', Array)
#17 D:/xampp/htdocs/Laravel-Assessment/laravel-assessment/vendor/laravel/framework/src/Illuminate/Routing/Controller.php(54): App/Http/Controllers/leaveController->Addleave(Object(Illuminate/Http/Request))
#18 D:/xampp/htdocs/Laravel-Assessment/laravel-assessment/vendor/laravel/framework/src/Illuminate/Routing/ControllerDispatcher.php(43): Illuminate/Routing/Controller->callAction('Addleave', Array)
#19 D:/xampp/htdocs/Laravel-Assessment/laravel-assessment/vendor/laravel/framework/src/Illuminate/Routing/Route.php(260): Illuminate/Routing/ControllerDispatcher->dispatch(Object(Illuminate/Routing/Route), Object(App/Http/Controllers/leaveController), 'Addleave')
#20 D:/xampp/htdocs/Laravel-Assessment/laravel-assessment/vendor/laravel/framework/src/Illuminate/Routing/Route.php(205): Illuminate/Routing/Route->runController()
#21 D:/xampp/htdocs/Laravel-Assessment/laravel-assessment/vendor/laravel/framework/src/Illuminate/Routing/Router.php(806): Illuminate/Routing/Route->run()
#22 D:/xampp/htdocs/Laravel-Assessment/laravel-assessment/vendor/laravel/framework/src/Illuminate/Pipeline/Pipeline.php(144): Illuminate/Routing/Router->Illuminate/Routing/{closure}(Object(Illuminate/Http/Request))
#23 D:/xampp/htdocs/Laravel-Assessment/laravel-assessment/vendor/laravel/framework/src/Illuminate/Routing/Middleware/SubstituteBindings.php(50): Illuminate/Pipeline/Pipeline->Illuminate/Pipeline/{closure}(Object(Illuminate/Http/Request))
#24 D:/xampp/htdocs/Laravel-Assessment/laravel-assessment/vendor/laravel/framework/src/Illuminate/Pipeline/Pipeline.php(183): Illuminate/Routing/Middleware/SubstituteBindings->handle(Object(Illuminate/Http/Request), Object(Closure))
#25 D:/xampp/htdocs/Laravel-Assessment/laravel-assessment/vendor/laravel/framework/src/Illuminate/Routing/Middleware/ThrottleRequests.php(159): Illuminate/Pipeline/Pipeline->Illuminate/Pipeline/{closure}(Object(Illuminate/Http/Request))
#26 D:/xampp/htdocs/Laravel-Assessment/laravel-assessment/vendor/laravel/framework/src/Illuminate/Routing/Middleware/ThrottleRequests.php(135): Illuminate/Routing/Middleware/ThrottleRequests->handleRequest(Object(Illuminate/Http/Request), Object(Closure), Array)
#27 D:/xampp/htdocs/Laravel-Assessment/laravel-assessment/vendor/laravel/framework/src/Illuminate/Routing/Middleware/ThrottleRequests.php(87): Illuminate/Routing/Middleware/ThrottleRequests->handleRequestUsingNamedLimiter(Object(Illuminate/Http/Request), Object(Closure), 'api', Object(Closure))
#28 D:/xampp/htdocs/Laravel-Assessment/laravel-assessment/vendor/laravel/framework/src/Illuminate/Pipeline/Pipeline.php(183): Illuminate/Routing/Middleware/ThrottleRequests->handle(Object(Illuminate/Http/Request), Object(Closure), 'api')
#29 D:/xampp/htdocs/Laravel-Assessment/laravel-assessment/vendor/laravel/framework/src/Illuminate/Auth/Middleware/Authenticate.php(57): Illuminate/Pipeline/Pipeline->Illuminate/Pipeline/{closure}(Object(Illuminate/Http/Request))
#30 D:/xampp/htdocs/Laravel-Assessment/laravel-assessment/vendor/laravel/framework/src/Illuminate/Pipeline/Pipeline.php(183): Illuminate/Auth/Middleware/Authenticate->handle(Object(Illuminate/Http/Request), Object(Closure), 'api')
#31 D:/xampp/htdocs/Laravel-Assessment/laravel-assessment/vendor/laravel/framework/src/Illuminate/Pipeline/Pipeline.php(119): Illuminate/Pipeline/Pipeline->Illuminate/Pipeline/{closure}(Object(Illuminate/Http/Request))
#32 D:/xampp/htdocs/Laravel-Assessment/laravel-assessment/vendor/laravel/framework/src/Illuminate/Routing/Router.php(807): Illuminate/Pipeline/Pipeline->then(Object(Closure))
#33 D:/xampp/htdocs/Laravel-Assessment/laravel-assessment/vendor/laravel/framework/src/Illuminate/Routing/Router.php(784): Illuminate/Routing/Router->runRouteWithinStack(Object(Illuminate/Routing/Route), Object(Illuminate/Http/Request))
#34 D:/xampp/htdocs/Laravel-Assessment/laravel-assessment/vendor/laravel/framework/src/Illuminate/Routing/Router.php(748): Illuminate/Routing/Router->runRoute(Object(Illuminate/Http/Request), Object(Illuminate/Routing/Route))
#35 D:/xampp/htdocs/Laravel-Assessment/laravel-assessment/vendor/laravel/framework/src/Illuminate/Routing/Router.php(737): Illuminate/Routing/Router->dispatchToRoute(Object(Illuminate/Http/Request))
#36 D:/xampp/htdocs/Laravel-Assessment/laravel-assessment/vendor/laravel/framework/src/Illuminate/Foundation/Http/Kernel.php(200): Illuminate/Routing/Router->dispatch(Object(Illuminate/Http/Request))
#37 D:/xampp/htdocs/Laravel-Assessment/laravel-assessment/vendor/laravel/framework/src/Illuminate/Pipeline/Pipeline.php(144): Illuminate/Foundation/Http/Kernel->Illuminate/Foundation/Http/{closure}(Object(Illuminate/Http/Request))
#38 D:/xampp/htdocs/Laravel-Assessment/laravel-assessment/vendor/laravel/framework/src/Illuminate/Foundation/Http/Middleware/TransformsRequest.php(21): Illuminate/Pipeline/Pipeline->Illuminate/Pipeline/{closure}(Object(Illuminate/Http/Request))
#39 D:/xampp/htdocs/Laravel-Assessment/laravel-assessment/vendor/laravel/framework/src/Illuminate/Foundation/Http/Middleware/ConvertEmptyStringsToNull.php(31): Illuminate/Foundation/Http/Middleware/TransformsRequest->handle(Object(Illuminate/Http/Request), Object(Closure))
#40 D:/xampp/htdocs/Laravel-Assessment/laravel-assessment/vendor/laravel/framework/src/Illuminate/Pipeline/Pipeline.php(183): Illuminate/Foundation/Http/Middleware/ConvertEmptyStringsToNull->handle(Object(Illuminate/Http/Request), Object(Closure))
#41 D:/xampp/htdocs/Laravel-Assessment/laravel-assessment/vendor/laravel/framework/src/Illuminate/Foundation/Http/Middleware/TransformsRequest.php(21): Illuminate/Pipeline/Pipeline->Illuminate/Pipeline/{closure}(Object(Illuminate/Http/Request))
#42 D:/xampp/htdocs/Laravel-Assessment/laravel-assessment/vendor/laravel/framework/src/Illuminate/Foundation/Http/Middleware/TrimStrings.php(40): Illuminate/Foundation/Http/Middleware/TransformsRequest->handle(Object(Illuminate/Http/Request), Object(Closure))
#43 D:/xampp/htdocs/Laravel-Assessment/laravel-assessment/vendor/laravel/framework/src/Illuminate/Pipeline/Pipeline.php(183): Illuminate/Foundation/Http/Middleware/TrimStrings->handle(Object(Illuminate/Http/Request), Object(Closure))
#44 D:/xampp/htdocs/Laravel-Assessment/laravel-assessment/vendor/laravel/framework/src/Illuminate/Foundation/Http/Middleware/ValidatePostSize.php(27): Illuminate/Pipeline/Pipeline->Illuminate/Pipeline/{closure}(Object(Illuminate/Http/Request))
#45 D:/xampp/htdocs/Laravel-Assessment/laravel-assessment/vendor/laravel/framework/src/Illuminate/Pipeline/Pipeline.php(183): Illuminate/Foundation/Http/Middleware/ValidatePostSize->handle(Object(Illuminate/Http/Request), Object(Closure))
#46 D:/xampp/htdocs/Laravel-Assessment/laravel-assessment/vendor/laravel/framework/src/Illuminate/Foundation/Http/Middleware/PreventRequestsDuringMaintenance.php(99): Illuminate/Pipeline/Pipeline->Illuminate/Pipeline/{closure}(Object(Illuminate/Http/Request))
#47 D:/xampp/htdocs/Laravel-Assessment/laravel-assessment/vendor/laravel/framework/src/Illuminate/Pipeline/Pipeline.php(183): Illuminate/Foundation/Http/Middleware/PreventRequestsDuringMaintenance->handle(Object(Illuminate/Http/Request), Object(Closure))
#48 D:/xampp/htdocs/Laravel-Assessment/laravel-assessment/vendor/laravel/framework/src/Illuminate/Http/Middleware/HandleCors.php(62): Illuminate/Pipeline/Pipeline->Illuminate/Pipeline/{closure}(Object(Illuminate/Http/Request))
#49 D:/xampp/htdocs/Laravel-Assessment/laravel-assessment/vendor/laravel/framework/src/Illuminate/Pipeline/Pipeline.php(183): Illuminate/Http/Middleware/HandleCors->handle(Object(Illuminate/Http/Request), Object(Closure))
#50 D:/xampp/htdocs/Laravel-Assessment/laravel-assessment/vendor/laravel/framework/src/Illuminate/Http/Middleware/TrustProxies.php(39): Illuminate/Pipeline/Pipeline->Illuminate/Pipeline/{closure}(Object(Illuminate/Http/Request))
#51 D:/xampp/htdocs/Laravel-Assessment/laravel-assessment/vendor/laravel/framework/src/Illuminate/Pipeline/Pipeline.php(183): Illuminate/Http/Middleware/TrustProxies->handle(Object(Illuminate/Http/Request), Object(Closure))
#52 D:/xampp/htdocs/Laravel-Assessment/laravel-assessment/vendor/laravel/framework/src/Illuminate/Pipeline/Pipeline.php(119): Illuminate/Pipeline/Pipeline->Illuminate/Pipeline/{closure}(Object(Illuminate/Http/Request))
#53 D:/xampp/htdocs/Laravel-Assessment/laravel-assessment/vendor/laravel/framework/src/Illuminate/Foundation/Http/Kernel.php(175): Illuminate/Pipeline/Pipeline->then(Object(Closure))
#54 D:/xampp/htdocs/Laravel-Assessment/laravel-assessment/vendor/laravel/framework/src/Illuminate/Foundation/Http/Kernel.php(144): Illuminate/Foundation/Http/Kernel->sendRequestThroughRouter(Object(Illuminate/Http/Request))
#55 D:/xampp/htdocs/Laravel-Assessment/laravel-assessment/public/index.php(52): Illuminate/Foundation/Http/Kernel->handle(Object(Illuminate/Http/Request))
#56 D:/xampp/htdocs/Laravel-Assessment/laravel-assessment/vendor/laravel/framework/src/Illuminate/Foundation/resources/server.php(16): require_once('D://xampp//htdocs...')
#57 {main}

[previous exception] [object] (PDOException(code: 42S02): SQLSTATE[42S02]: Base table or view not found: 1146 Table 'laravel-assignment.leaves' doesn't exist at D:/xampp/htdocs/Laravel-Assessment/laravel-assessment/vendor/laravel/framework/src/Illuminate/Database/Connection.php:423)
[stacktrace]
#0 D:/xampp/htdocs/Laravel-Assessment/laravel-assessment/vendor/laravel/framework/src/Illuminate/Database/Connection.php(423): PDO->prepare('select count(*)...')
#1 D:/xampp/htdocs/Laravel-Assessment/laravel-assessment/vendor/laravel/framework/src/Illuminate/Database/Connection.php(816): Illuminate/Database/Connection->Illuminate/Database/{closure}('select count(*)...', Array)
#2 D:/xampp/htdocs/Laravel-Assessment/laravel-assessment/vendor/laravel/framework/src/Illuminate/Database/Connection.php(783): Illuminate/Database/Connection->runQueryCallback('select count(*)...', Array, Object(Closure))
#3 D:/xampp/htdocs/Laravel-Assessment/laravel-assessment/vendor/laravel/framework/src/Illuminate/Database/Connection.php(431): Illuminate/Database/Connection->run('select count(*)...', Array, Object(Closure))
#4 D:/xampp/htdocs/Laravel-Assessment/laravel-assessment/vendor/laravel/framework/src/Illuminate/Database/Query/Builder.php(2914): Illuminate/Database/Connection->select('select count(*)...', Array, false)
#5 D:/xampp/htdocs/Laravel-Assessment/laravel-assessment/vendor/laravel/framework/src/Illuminate/Database/Query/Builder.php(2902): Illuminate/Database/Query/Builder->runSelect()
#6 D:/xampp/htdocs/Laravel-Assessment/laravel-assessment/vendor/laravel/framework/src/Illuminate/Database/Query/Builder.php(3456): Illuminate/Database/Query/Builder->Illuminate/Database/Query/{closure}()
#7 D:/xampp/htdocs/Laravel-Assessment/laravel-assessment/vendor/laravel/framework/src/Illuminate/Database/Query/Builder.php(2903): Illuminate/Database/Query/Builder->onceWithColumns(Array, Object(Closure))
#8 D:/xampp/htdocs/Laravel-Assessment/laravel-assessment/vendor/laravel/framework/src/Illuminate/Database/Query/Builder.php(3383): Illuminate/Database/Query/Builder->get(Array)
#9 D:/xampp/htdocs/Laravel-Assessment/laravel-assessment/vendor/laravel/framework/src/Illuminate/Database/Query/Builder.php(3311): Illuminate/Database/Query/Builder->aggregate('count', Array)
#10 D:/xampp/htdocs/Laravel-Assessment/laravel-assessment/vendor/laravel/framework/src/Illuminate/Validation/DatabasePresenceVerifier.php(54): Illuminate/Database/Query/Builder->count()
#11 D:/xampp/htdocs/Laravel-Assessment/laravel-assessment/vendor/laravel/framework/src/Illuminate/Validation/Concerns/ValidatesAttributes.php(949): Illuminate/Validation/DatabasePresenceVerifier->getCount('leaves', 'leave_name', 'Casual leae', NULL, NULL, Array)
#12 D:/xampp/htdocs/Laravel-Assessment/laravel-assessment/vendor/laravel/framework/src/Illuminate/Validation/Validator.php(660): Illuminate/Validation/Validator->validateUnique('leave_name', 'Casual leae', Array, Object(Illuminate/Validation/Validator))
#13 D:/xampp/htdocs/Laravel-Assessment/laravel-assessment/vendor/laravel/framework/src/Illuminate/Validation/Validator.php(459): Illuminate/Validation/Validator->validateAttribute('leave_name', 'Unique')
#14 D:/xampp/htdocs/Laravel-Assessment/laravel-assessment/vendor/laravel/framework/src/Illuminate/Validation/Validator.php(494): Illuminate/Validation/Validator->passes()
#15 D:/xampp/htdocs/Laravel-Assessment/laravel-assessment/vendor/laravel/framework/src/Illuminate/Validation/Validator.php(536): Illuminate/Validation/Validator->fails()
#16 D:/xampp/htdocs/Laravel-Assessment/laravel-assessment/vendor/laravel/framework/src/Illuminate/Foundation/Providers/FoundationServiceProvider.php(124): Illuminate/Validation/Validator->validate()
#17 D:/xampp/htdocs/Laravel-Assessment/laravel-assessment/vendor/laravel/framework/src/Illuminate/Macroable/Traits/Macroable.php(123): Illuminate/Http/Request->Illuminate/Foundation/Providers/{closure}(Array)
#18 D:/xampp/htdocs/Laravel-Assessment/laravel-assessment/app/Http/Controllers/leaveController.php(10): Illuminate/Http/Request->__call('validate', Array)
#19 D:/xampp/htdocs/Laravel-Assessment/laravel-assessment/vendor/laravel/framework/src/Illuminate/Routing/Controller.php(54): App/Http/Controllers/leaveController->Addleave(Object(Illuminate/Http/Request))
#20 D:/xampp/htdocs/Laravel-Assessment/laravel-assessment/vendor/laravel/framework/src/Illuminate/Routing/ControllerDispatcher.php(43): Illuminate/Routing/Controller->callAction('Addleave', Array)
#21 D:/xampp/htdocs/Laravel-Assessment/laravel-assessment/vendor/laravel/framework/src/Illuminate/Routing/Route.php(260): Illuminate/Routing/ControllerDispatcher->dispatch(Object(Illuminate/Routing/Route), Object(App/Http/Controllers/leaveController), 'Addleave')
#22 D:/xampp/htdocs/Laravel-Assessment/laravel-assessment/vendor/laravel/framework/src/Illuminate/Routing/Route.php(205): Illuminate/Routing/Route->runController()
#23 D:/xampp/htdocs/Laravel-Assessment/laravel-assessment/vendor/laravel/framework/src/Illuminate/Routing/Router.php(806): Illuminate/Routing/Route->run()
#24 D:/xampp/htdocs/Laravel-Assessment/laravel-assessment/vendor/laravel/framework/src/Illuminate/Pipeline/Pipeline.php(144): Illuminate/Routing/Router->Illuminate/Routing/{closure}(Object(Illuminate/Http/Request))
#25 D:/xampp/htdocs/Laravel-Assessment/laravel-assessment/vendor/laravel/framework/src/Illuminate/Routing/Middleware/SubstituteBindings.php(50): Illuminate/Pipeline/Pipeline->Illuminate/Pipeline/{closure}(Object(Illuminate/Http/Request))
#26 D:/xampp/htdocs/Laravel-Assessment/laravel-assessment/vendor/laravel/framework/src/Illuminate/Pipeline/Pipeline.php(183): Illuminate/Routing/Middleware/SubstituteBindings->handle(Object(Illuminate/Http/Request), Object(Closure))
#27 D:/xampp/htdocs/Laravel-Assessment/laravel-assessment/vendor/laravel/framework/src/Illuminate/Routing/Middleware/ThrottleRequests.php(159): Illuminate/Pipeline/Pipeline->Illuminate/Pipeline/{closure}(Object(Illuminate/Http/Request))
#28 D:/xampp/htdocs/Laravel-Assessment/laravel-assessment/vendor/laravel/framework/src/Illuminate/Routing/Middleware/ThrottleRequests.php(135): Illuminate/Routing/Middleware/ThrottleRequests->handleRequest(Object(Illuminate/Http/Request), Object(Closure), Array)
#29 D:/xampp/htdocs/Laravel-Assessment/laravel-assessment/vendor/laravel/framework/src/Illuminate/Routing/Middleware/ThrottleRequests.php(87): Illuminate/Routing/Middleware/ThrottleRequests->handleRequestUsingNamedLimiter(Object(Illuminate/Http/Request), Object(Closure), 'api', Object(Closure))
#30 D:/xampp/htdocs/Laravel-Assessment/laravel-assessment/vendor/laravel/framework/src/Illuminate/Pipeline/Pipeline.php(183): Illuminate/Routing/Middleware/ThrottleRequests->handle(Object(Illuminate/Http/Request), Object(Closure), 'api')
#31 D:/xampp/htdocs/Laravel-Assessment/laravel-assessment/vendor/laravel/framework/src/Illuminate/Auth/Middleware/Authenticate.php(57): Illuminate/Pipeline/Pipeline->Illuminate/Pipeline/{closure}(Object(Illuminate/Http/Request))
#32 D:/xampp/htdocs/Laravel-Assessment/laravel-assessment/vendor/laravel/framework/src/Illuminate/Pipeline/Pipeline.php(183): Illuminate/Auth/Middleware/Authenticate->handle(Object(Illuminate/Http/Request), Object(Closure), 'api')
#33 D:/xampp/htdocs/Laravel-Assessment/laravel-assessment/vendor/laravel/framework/src/Illuminate/Pipeline/Pipeline.php(119): Illuminate/Pipeline/Pipeline->Illuminate/Pipeline/{closure}(Object(Illuminate/Http/Request))
#34 D:/xampp/htdocs/Laravel-Assessment/laravel-assessment/vendor/laravel/framework/src/Illuminate/Routing/Router.php(807): Illuminate/Pipeline/Pipeline->then(Object(Closure))
#35 D:/xampp/htdocs/Laravel-Assessment/laravel-assessment/vendor/laravel/framework/src/Illuminate/Routing/Router.php(784): Illuminate/Routing/Router->runRouteWithinStack(Object(Illuminate/Routing/Route), Object(Illuminate/Http/Request))
#36 D:/xampp/htdocs/Laravel-Assessment/laravel-assessment/vendor/laravel/framework/src/Illuminate/Routing/Router.php(748): Illuminate/Routing/Router->runRoute(Object(Illuminate/Http/Request), Object(Illuminate/Routing/Route))
#37 D:/xampp/htdocs/Laravel-Assessment/laravel-assessment/vendor/laravel/framework/src/Illuminate/Routing/Router.php(737): Illuminate/Routing/Router->dispatchToRoute(Object(Illuminate/Http/Request))
#38 D:/xampp/htdocs/Laravel-Assessment/laravel-assessment/vendor/laravel/framework/src/Illuminate/Foundation/Http/Kernel.php(200): Illuminate/Routing/Router->dispatch(Object(Illuminate/Http/Request))
#39 D:/xampp/htdocs/Laravel-Assessment/laravel-assessment/vendor/laravel/framework/src/Illuminate/Pipeline/Pipeline.php(144): Illuminate/Foundation/Http/Kernel->Illuminate/Foundation/Http/{closure}(Object(Illuminate/Http/Request))
#40 D:/xampp/htdocs/Laravel-Assessment/laravel-assessment/vendor/laravel/framework/src/Illuminate/Foundation/Http/Middleware/TransformsRequest.php(21): Illuminate/Pipeline/Pipeline->Illuminate/Pipeline/{closure}(Object(Illuminate/Http/Request))
#41 D:/xampp/htdocs/Laravel-Assessment/laravel-assessment/vendor/laravel/framework/src/Illuminate/Foundation/Http/Middleware/ConvertEmptyStringsToNull.php(31): Illuminate/Foundation/Http/Middleware/TransformsRequest->handle(Object(Illuminate/Http/Request), Object(Closure))
#42 D:/xampp/htdocs/Laravel-Assessment/laravel-assessment/vendor/laravel/framework/src/Illuminate/Pipeline/Pipeline.php(183): Illuminate/Foundation/Http/Middleware/ConvertEmptyStringsToNull->handle(Object(Illuminate/Http/Request), Object(Closure))
#43 D:/xampp/htdocs/Laravel-Assessment/laravel-assessment/vendor/laravel/framework/src/Illuminate/Foundation/Http/Middleware/TransformsRequest.php(21): Illuminate/Pipeline/Pipeline->Illuminate/Pipeline/{closure}(Object(Illuminate/Http/Request))
#44 D:/xampp/htdocs/Laravel-Assessment/laravel-assessment/vendor/laravel/framework/src/Illuminate/Foundation/Http/Middleware/TrimStrings.php(40): Illuminate/Foundation/Http/Middleware/TransformsRequest->handle(Object(Illuminate/Http/Request), Object(Closure))
#45 D:/xampp/htdocs/Laravel-Assessment/laravel-assessment/vendor/laravel/framework/src/Illuminate/Pipeline/Pipeline.php(183): Illuminate/Foundation/Http/Middleware/TrimStrings->handle(Object(Illuminate/Http/Request), Object(Closure))
#46 D:/xampp/htdocs/Laravel-Assessment/laravel-assessment/vendor/laravel/framework/src/Illuminate/Foundation/Http/Middleware/ValidatePostSize.php(27): Illuminate/Pipeline/Pipeline->Illuminate/Pipeline/{closure}(Object(Illuminate/Http/Request))
#47 D:/xampp/htdocs/Laravel-Assessment/laravel-assessment/vendor/laravel/framework/src/Illuminate/Pipeline/Pipeline.php(183): Illuminate/Foundation/Http/Middleware/ValidatePostSize->handle(Object(Illuminate/Http/Request), Object(Closure))
#48 D:/xampp/htdocs/Laravel-Assessment/laravel-assessment/vendor/laravel/framework/src/Illuminate/Foundation/Http/Middleware/PreventRequestsDuringMaintenance.php(99): Illuminate/Pipeline/Pipeline->Illuminate/Pipeline/{closure}(Object(Illuminate/Http/Request))
#49 D:/xampp/htdocs/Laravel-Assessment/laravel-assessment/vendor/laravel/framework/src/Illuminate/Pipeline/Pipeline.php(183): Illuminate/Foundation/Http/Middleware/PreventRequestsDuringMaintenance->handle(Object(Illuminate/Http/Request), Object(Closure))
#50 D:/xampp/htdocs/Laravel-Assessment/laravel-assessment/vendor/laravel/framework/src/Illuminate/Http/Middleware/HandleCors.php(62): Illuminate/Pipeline/Pipeline->Illuminate/Pipeline/{closure}(Object(Illuminate/Http/Request))
#51 D:/xampp/htdocs/Laravel-Assessment/laravel-assessment/vendor/laravel/framework/src/Illuminate/Pipeline/Pipeline.php(183): Illuminate/Http/Middleware/HandleCors->handle(Object(Illuminate/Http/Request), Object(Closure))
#52 D:/xampp/htdocs/Laravel-Assessment/laravel-assessment/vendor/laravel/framework/src/Illuminate/Http/Middleware/TrustProxies.php(39): Illuminate/Pipeline/Pipeline->Illuminate/Pipeline/{closure}(Object(Illuminate/Http/Request))
#53 D:/xampp/htdocs/Laravel-Assessment/laravel-assessment/vendor/laravel/framework/src/Illuminate/Pipeline/Pipeline.php(183): Illuminate/Http/Middleware/TrustProxies->handle(Object(Illuminate/Http/Request), Object(Closure))
#54 D:/xampp/htdocs/Laravel-Assessment/laravel-assessment/vendor/laravel/framework/src/Illuminate/Pipeline/Pipeline.php(119): Illuminate/Pipeline/Pipeline->Illuminate/Pipeline/{closure}(Object(Illuminate/Http/Request))
#55 D:/xampp/htdocs/Laravel-Assessment/laravel-assessment/vendor/laravel/framework/src/Illuminate/Foundation/Http/Kernel.php(175): Illuminate/Pipeline/Pipeline->then(Object(Closure))
#56 D:/xampp/htdocs/Laravel-Assessment/laravel-assessment/vendor/laravel/framework/src/Illuminate/Foundation/Http/Kernel.php(144): Illuminate/Foundation/Http/Kernel->sendRequestThroughRouter(Object(Illuminate/Http/Request))
#57 D:/xampp/htdocs/Laravel-Assessment/laravel-assessment/public/index.php(52): Illuminate/Foundation/Http/Kernel->handle(Object(Illuminate/Http/Request))
#58 D:/xampp/htdocs/Laravel-Assessment/laravel-assessment/vendor/laravel/framework/src/Illuminate/Foundation/resources/server.php(16): require_once('D://xampp//htdocs...')
#59 {main}
"} 
[2026-07-14 05:17:33] local.ERROR: SQLSTATE[42S02]: Base table or view not found: 1146 Table 'laravel-assignment.leaves' doesn't exist (Connection: mysql, SQL: select count(*) as aggregate from `leaves` where `leave_name` = Casual leae) {"userId":1,"exception":"[object] (Illuminate\\Database\\QueryException(code: 42S02): SQLSTATE[42S02]: Base table or view not found: 1146 Table 'laravel-assignment.leaves' doesn't exist (Connection: mysql, SQL: select count(*) as aggregate from `leaves` where `leave_name` = Casual leae) at D:/xampp/htdocs/Laravel-Assessment/laravel-assessment/vendor/laravel/framework/src/Illuminate/Database/Connection.php:829)
[stacktrace]
#0 D:/xampp/htdocs/Laravel-Assessment/laravel-assessment/vendor/laravel/framework/src/Illuminate/Database/Connection.php(783): Illuminate/Database/Connection->runQueryCallback('select count(*)...', Array, Object(Closure))
#1 D:/xampp/htdocs/Laravel-Assessment/laravel-assessment/vendor/laravel/framework/src/Illuminate/Database/Connection.php(431): Illuminate/Database/Connection->run('select count(*)...', Array, Object(Closure))
#2 D:/xampp/htdocs/Laravel-Assessment/laravel-assessment/vendor/laravel/framework/src/Illuminate/Database/Query/Builder.php(2914): Illuminate/Database/Connection->select('select count(*)...', Array, false)
#3 D:/xampp/htdocs/Laravel-Assessment/laravel-assessment/vendor/laravel/framework/src/Illuminate/Database/Query/Builder.php(2902): Illuminate/Database/Query/Builder->runSelect()
#4 D:/xampp/htdocs/Laravel-Assessment/laravel-assessment/vendor/laravel/framework/src/Illuminate/Database/Query/Builder.php(3456): Illuminate/Database/Query/Builder->Illuminate/Database/Query/{closure}()
#5 D:/xampp/htdocs/Laravel-Assessment/laravel-assessment/vendor/laravel/framework/src/Illuminate/Database/Query/Builder.php(2903): Illuminate/Database/Query/Builder->onceWithColumns(Array, Object(Closure))
#6 D:/xampp/htdocs/Laravel-Assessment/laravel-assessment/vendor/laravel/framework/src/Illuminate/Database/Query/Builder.php(3383): Illuminate/Database/Query/Builder->get(Array)
#7 D:/xampp/htdocs/Laravel-Assessment/laravel-assessment/vendor/laravel/framework/src/Illuminate/Database/Query/Builder.php(3311): Illuminate/Database/Query/Builder->aggregate('count', Array)
#8 D:/xampp/htdocs/Laravel-Assessment/laravel-assessment/vendor/laravel/framework/src/Illuminate/Validation/DatabasePresenceVerifier.php(54): Illuminate/Database/Query/Builder->count()
#9 D:/xampp/htdocs/Laravel-Assessment/laravel-assessment/vendor/laravel/framework/src/Illuminate/Validation/Concerns/ValidatesAttributes.php(949): Illuminate/Validation/DatabasePresenceVerifier->getCount('leaves', 'leave_name', 'Casual leae', NULL, NULL, Array)
#10 D:/xampp/htdocs/Laravel-Assessment/laravel-assessment/vendor/laravel/framework/src/Illuminate/Validation/Validator.php(660): Illuminate/Validation/Validator->validateUnique('leave_name', 'Casual leae', Array, Object(Illuminate/Validation/Validator))
#11 D:/xampp/htdocs/Laravel-Assessment/laravel-assessment/vendor/laravel/framework/src/Illuminate/Validation/Validator.php(459): Illuminate/Validation/Validator->validateAttribute('leave_name', 'Unique')
#12 D:/xampp/htdocs/Laravel-Assessment/laravel-assessment/vendor/laravel/framework/src/Illuminate/Validation/Validator.php(494): Illuminate/Validation/Validator->passes()
#13 D:/xampp/htdocs/Laravel-Assessment/laravel-assessment/vendor/laravel/framework/src/Illuminate/Validation/Validator.php(536): Illuminate/Validation/Validator->fails()
#14 D:/xampp/htdocs/Laravel-Assessment/laravel-assessment/vendor/laravel/framework/src/Illuminate/Foundation/Providers/FoundationServiceProvider.php(124): Illuminate/Validation/Validator->validate()
#15 D:/xampp/htdocs/Laravel-Assessment/laravel-assessment/vendor/laravel/framework/src/Illuminate/Macroable/Traits/Macroable.php(123): Illuminate/Http/Request->Illuminate/Foundation/Providers/{closure}(Array)
#16 D:/xampp/htdocs/Laravel-Assessment/laravel-assessment/app/Http/Controllers/leaveController.php(10): Illuminate/Http/Request->__call('validate', Array)
#17 D:/xampp/htdocs/Laravel-Assessment/laravel-assessment/vendor/laravel/framework/src/Illuminate/Routing/Controller.php(54): App/Http/Controllers/leaveController->Addleave(Object(Illuminate/Http/Request))
#18 D:/xampp/htdocs/Laravel-Assessment/laravel-assessment/vendor/laravel/framework/src/Illuminate/Routing/ControllerDispatcher.php(43): Illuminate/Routing/Controller->callAction('Addleave', Array)
#19 D:/xampp/htdocs/Laravel-Assessment/laravel-assessment/vendor/laravel/framework/src/Illuminate/Routing/Route.php(260): Illuminate/Routing/ControllerDispatcher->dispatch(Object(Illuminate/Routing/Route), Object(App/Http/Controllers/leaveController), 'Addleave')
#20 D:/xampp/htdocs/Laravel-Assessment/laravel-assessment/vendor/laravel/framework/src/Illuminate/Routing/Route.php(205): Illuminate/Routing/Route->runController()
#21 D:/xampp/htdocs/Laravel-Assessment/laravel-assessment/vendor/laravel/framework/src/Illuminate/Routing/Router.php(806): Illuminate/Routing/Route->run()
#22 D:/xampp/htdocs/Laravel-Assessment/laravel-assessment/vendor/laravel/framework/src/Illuminate/Pipeline/Pipeline.php(144): Illuminate/Routing/Router->Illuminate/Routing/{closure}(Object(Illuminate/Http/Request))
#23 D:/xampp/htdocs/Laravel-Assessment/laravel-assessment/vendor/laravel/framework/src/Illuminate/Routing/Middleware/SubstituteBindings.php(50): Illuminate/Pipeline/Pipeline->Illuminate/Pipeline/{closure}(Object(Illuminate/Http/Request))
#24 D:/xampp/htdocs/Laravel-Assessment/laravel-assessment/vendor/laravel/framework/src/Illuminate/Pipeline/Pipeline.php(183): Illuminate/Routing/Middleware/SubstituteBindings->handle(Object(Illuminate/Http/Request), Object(Closure))
#25 D:/xampp/htdocs/Laravel-Assessment/laravel-assessment/vendor/laravel/framework/src/Illuminate/Routing/Middleware/ThrottleRequests.php(159): Illuminate/Pipeline/Pipeline->Illuminate/Pipeline/{closure}(Object(Illuminate/Http/Request))
#26 D:/xampp/htdocs/Laravel-Assessment/laravel-assessment/vendor/laravel/framework/src/Illuminate/Routing/Middleware/ThrottleRequests.php(135): Illuminate/Routing/Middleware/ThrottleRequests->handleRequest(Object(Illuminate/Http/Request), Object(Closure), Array)
#27 D:/xampp/htdocs/Laravel-Assessment/laravel-assessment/vendor/laravel/framework/src/Illuminate/Routing/Middleware/ThrottleRequests.php(87): Illuminate/Routing/Middleware/ThrottleRequests->handleRequestUsingNamedLimiter(Object(Illuminate/Http/Request), Object(Closure), 'api', Object(Closure))
#28 D:/xampp/htdocs/Laravel-Assessment/laravel-assessment/vendor/laravel/framework/src/Illuminate/Pipeline/Pipeline.php(183): Illuminate/Routing/Middleware/ThrottleRequests->handle(Object(Illuminate/Http/Request), Object(Closure), 'api')
#29 D:/xampp/htdocs/Laravel-Assessment/laravel-assessment/vendor/laravel/framework/src/Illuminate/Auth/Middleware/Authenticate.php(57): Illuminate/Pipeline/Pipeline->Illuminate/Pipeline/{closure}(Object(Illuminate/Http/Request))
#30 D:/xampp/htdocs/Laravel-Assessment/laravel-assessment/vendor/laravel/framework/src/Illuminate/Pipeline/Pipeline.php(183): Illuminate/Auth/Middleware/Authenticate->handle(Object(Illuminate/Http/Request), Object(Closure), 'api')
#31 D:/xampp/htdocs/Laravel-Assessment/laravel-assessment/vendor/laravel/framework/src/Illuminate/Pipeline/Pipeline.php(119): Illuminate/Pipeline/Pipeline->Illuminate/Pipeline/{closure}(Object(Illuminate/Http/Request))
#32 D:/xampp/htdocs/Laravel-Assessment/laravel-assessment/vendor/laravel/framework/src/Illuminate/Routing/Router.php(807): Illuminate/Pipeline/Pipeline->then(Object(Closure))
#33 D:/xampp/htdocs/Laravel-Assessment/laravel-assessment/vendor/laravel/framework/src/Illuminate/Routing/Router.php(784): Illuminate/Routing/Router->runRouteWithinStack(Object(Illuminate/Routing/Route), Object(Illuminate/Http/Request))
#34 D:/xampp/htdocs/Laravel-Assessment/laravel-assessment/vendor/laravel/framework/src/Illuminate/Routing/Router.php(748): Illuminate/Routing/Router->runRoute(Object(Illuminate/Http/Request), Object(Illuminate/Routing/Route))
#35 D:/xampp/htdocs/Laravel-Assessment/laravel-assessment/vendor/laravel/framework/src/Illuminate/Routing/Router.php(737): Illuminate/Routing/Router->dispatchToRoute(Object(Illuminate/Http/Request))
#36 D:/xampp/htdocs/Laravel-Assessment/laravel-assessment/vendor/laravel/framework/src/Illuminate/Foundation/Http/Kernel.php(200): Illuminate/Routing/Router->dispatch(Object(Illuminate/Http/Request))
#37 D:/xampp/htdocs/Laravel-Assessment/laravel-assessment/vendor/laravel/framework/src/Illuminate/Pipeline/Pipeline.php(144): Illuminate/Foundation/Http/Kernel->Illuminate/Foundation/Http/{closure}(Object(Illuminate/Http/Request))
#38 D:/xampp/htdocs/Laravel-Assessment/laravel-assessment/vendor/laravel/framework/src/Illuminate/Foundation/Http/Middleware/TransformsRequest.php(21): Illuminate/Pipeline/Pipeline->Illuminate/Pipeline/{closure}(Object(Illuminate/Http/Request))
#39 D:/xampp/htdocs/Laravel-Assessment/laravel-assessment/vendor/laravel/framework/src/Illuminate/Foundation/Http/Middleware/ConvertEmptyStringsToNull.php(31): Illuminate/Foundation/Http/Middleware/TransformsRequest->handle(Object(Illuminate/Http/Request), Object(Closure))
#40 D:/xampp/htdocs/Laravel-Assessment/laravel-assessment/vendor/laravel/framework/src/Illuminate/Pipeline/Pipeline.php(183): Illuminate/Foundation/Http/Middleware/ConvertEmptyStringsToNull->handle(Object(Illuminate/Http/Request), Object(Closure))
#41 D:/xampp/htdocs/Laravel-Assessment/laravel-assessment/vendor/laravel/framework/src/Illuminate/Foundation/Http/Middleware/TransformsRequest.php(21): Illuminate/Pipeline/Pipeline->Illuminate/Pipeline/{closure}(Object(Illuminate/Http/Request))
#42 D:/xampp/htdocs/Laravel-Assessment/laravel-assessment/vendor/laravel/framework/src/Illuminate/Foundation/Http/Middleware/TrimStrings.php(40): Illuminate/Foundation/Http/Middleware/TransformsRequest->handle(Object(Illuminate/Http/Request), Object(Closure))
#43 D:/xampp/htdocs/Laravel-Assessment/laravel-assessment/vendor/laravel/framework/src/Illuminate/Pipeline/Pipeline.php(183): Illuminate/Foundation/Http/Middleware/TrimStrings->handle(Object(Illuminate/Http/Request), Object(Closure))
#44 D:/xampp/htdocs/Laravel-Assessment/laravel-assessment/vendor/laravel/framework/src/Illuminate/Foundation/Http/Middleware/ValidatePostSize.php(27): Illuminate/Pipeline/Pipeline->Illuminate/Pipeline/{closure}(Object(Illuminate/Http/Request))
#45 D:/xampp/htdocs/Laravel-Assessment/laravel-assessment/vendor/laravel/framework/src/Illuminate/Pipeline/Pipeline.php(183): Illuminate/Foundation/Http/Middleware/ValidatePostSize->handle(Object(Illuminate/Http/Request), Object(Closure))
#46 D:/xampp/htdocs/Laravel-Assessment/laravel-assessment/vendor/laravel/framework/src/Illuminate/Foundation/Http/Middleware/PreventRequestsDuringMaintenance.php(99): Illuminate/Pipeline/Pipeline->Illuminate/Pipeline/{closure}(Object(Illuminate/Http/Request))
#47 D:/xampp/htdocs/Laravel-Assessment/laravel-assessment/vendor/laravel/framework/src/Illuminate/Pipeline/Pipeline.php(183): Illuminate/Foundation/Http/Middleware/PreventRequestsDuringMaintenance->handle(Object(Illuminate/Http/Request), Object(Closure))
#48 D:/xampp/htdocs/Laravel-Assessment/laravel-assessment/vendor/laravel/framework/src/Illuminate/Http/Middleware/HandleCors.php(62): Illuminate/Pipeline/Pipeline->Illuminate/Pipeline/{closure}(Object(Illuminate/Http/Request))
#49 D:/xampp/htdocs/Laravel-Assessment/laravel-assessment/vendor/laravel/framework/src/Illuminate/Pipeline/Pipeline.php(183): Illuminate/Http/Middleware/HandleCors->handle(Object(Illuminate/Http/Request), Object(Closure))
#50 D:/xampp/htdocs/Laravel-Assessment/laravel-assessment/vendor/laravel/framework/src/Illuminate/Http/Middleware/TrustProxies.php(39): Illuminate/Pipeline/Pipeline->Illuminate/Pipeline/{closure}(Object(Illuminate/Http/Request))
#51 D:/xampp/htdocs/Laravel-Assessment/laravel-assessment/vendor/laravel/framework/src/Illuminate/Pipeline/Pipeline.php(183): Illuminate/Http/Middleware/TrustProxies->handle(Object(Illuminate/Http/Request), Object(Closure))
#52 D:/xampp/htdocs/Laravel-Assessment/laravel-assessment/vendor/laravel/framework/src/Illuminate/Pipeline/Pipeline.php(119): Illuminate/Pipeline/Pipeline->Illuminate/Pipeline/{closure}(Object(Illuminate/Http/Request))
#53 D:/xampp/htdocs/Laravel-Assessment/laravel-assessment/vendor/laravel/framework/src/Illuminate/Foundation/Http/Kernel.php(175): Illuminate/Pipeline/Pipeline->then(Object(Closure))
#54 D:/xampp/htdocs/Laravel-Assessment/laravel-assessment/vendor/laravel/framework/src/Illuminate/Foundation/Http/Kernel.php(144): Illuminate/Foundation/Http/Kernel->sendRequestThroughRouter(Object(Illuminate/Http/Request))
#55 D:/xampp/htdocs/Laravel-Assessment/laravel-assessment/public/index.php(52): Illuminate/Foundation/Http/Kernel->handle(Object(Illuminate/Http/Request))
#56 D:/xampp/htdocs/Laravel-Assessment/laravel-assessment/vendor/laravel/framework/src/Illuminate/Foundation/resources/server.php(16): require_once('D://xampp//htdocs...')
#57 {main}

[previous exception] [object] (PDOException(code: 42S02): SQLSTATE[42S02]: Base table or view not found: 1146 Table 'laravel-assignment.leaves' doesn't exist at D:/xampp/htdocs/Laravel-Assessment/laravel-assessment/vendor/laravel/framework/src/Illuminate/Database/Connection.php:423)
[stacktrace]
#0 D:/xampp/htdocs/Laravel-Assessment/laravel-assessment/vendor/laravel/framework/src/Illuminate/Database/Connection.php(423): PDO->prepare('select count(*)...')
#1 D:/xampp/htdocs/Laravel-Assessment/laravel-assessment/vendor/laravel/framework/src/Illuminate/Database/Connection.php(816): Illuminate/Database/Connection->Illuminate/Database/{closure}('select count(*)...', Array)
#2 D:/xampp/htdocs/Laravel-Assessment/laravel-assessment/vendor/laravel/framework/src/Illuminate/Database/Connection.php(783): Illuminate/Database/Connection->runQueryCallback('select count(*)...', Array, Object(Closure))
#3 D:/xampp/htdocs/Laravel-Assessment/laravel-assessment/vendor/laravel/framework/src/Illuminate/Database/Connection.php(431): Illuminate/Database/Connection->run('select count(*)...', Array, Object(Closure))
#4 D:/xampp/htdocs/Laravel-Assessment/laravel-assessment/vendor/laravel/framework/src/Illuminate/Database/Query/Builder.php(2914): Illuminate/Database/Connection->select('select count(*)...', Array, false)
#5 D:/xampp/htdocs/Laravel-Assessment/laravel-assessment/vendor/laravel/framework/src/Illuminate/Database/Query/Builder.php(2902): Illuminate/Database/Query/Builder->runSelect()
#6 D:/xampp/htdocs/Laravel-Assessment/laravel-assessment/vendor/laravel/framework/src/Illuminate/Database/Query/Builder.php(3456): Illuminate/Database/Query/Builder->Illuminate/Database/Query/{closure}()
#7 D:/xampp/htdocs/Laravel-Assessment/laravel-assessment/vendor/laravel/framework/src/Illuminate/Database/Query/Builder.php(2903): Illuminate/Database/Query/Builder->onceWithColumns(Array, Object(Closure))
#8 D:/xampp/htdocs/Laravel-Assessment/laravel-assessment/vendor/laravel/framework/src/Illuminate/Database/Query/Builder.php(3383): Illuminate/Database/Query/Builder->get(Array)
#9 D:/xampp/htdocs/Laravel-Assessment/laravel-assessment/vendor/laravel/framework/src/Illuminate/Database/Query/Builder.php(3311): Illuminate/Database/Query/Builder->aggregate('count', Array)
#10 D:/xampp/htdocs/Laravel-Assessment/laravel-assessment/vendor/laravel/framework/src/Illuminate/Validation/DatabasePresenceVerifier.php(54): Illuminate/Database/Query/Builder->count()
#11 D:/xampp/htdocs/Laravel-Assessment/laravel-assessment/vendor/laravel/framework/src/Illuminate/Validation/Concerns/ValidatesAttributes.php(949): Illuminate/Validation/DatabasePresenceVerifier->getCount('leaves', 'leave_name', 'Casual leae', NULL, NULL, Array)
#12 D:/xampp/htdocs/Laravel-Assessment/laravel-assessment/vendor/laravel/framework/src/Illuminate/Validation/Validator.php(660): Illuminate/Validation/Validator->validateUnique('leave_name', 'Casual leae', Array, Object(Illuminate/Validation/Validator))
#13 D:/xampp/htdocs/Laravel-Assessment/laravel-assessment/vendor/laravel/framework/src/Illuminate/Validation/Validator.php(459): Illuminate/Validation/Validator->validateAttribute('leave_name', 'Unique')
#14 D:/xampp/htdocs/Laravel-Assessment/laravel-assessment/vendor/laravel/framework/src/Illuminate/Validation/Validator.php(494): Illuminate/Validation/Validator->passes()
#15 D:/xampp/htdocs/Laravel-Assessment/laravel-assessment/vendor/laravel/framework/src/Illuminate/Validation/Validator.php(536): Illuminate/Validation/Validator->fails()
#16 D:/xampp/htdocs/Laravel-Assessment/laravel-assessment/vendor/laravel/framework/src/Illuminate/Foundation/Providers/FoundationServiceProvider.php(124): Illuminate/Validation/Validator->validate()
#17 D:/xampp/htdocs/Laravel-Assessment/laravel-assessment/vendor/laravel/framework/src/Illuminate/Macroable/Traits/Macroable.php(123): Illuminate/Http/Request->Illuminate/Foundation/Providers/{closure}(Array)
#18 D:/xampp/htdocs/Laravel-Assessment/laravel-assessment/app/Http/Controllers/leaveController.php(10): Illuminate/Http/Request->__call('validate', Array)
#19 D:/xampp/htdocs/Laravel-Assessment/laravel-assessment/vendor/laravel/framework/src/Illuminate/Routing/Controller.php(54): App/Http/Controllers/leaveController->Addleave(Object(Illuminate/Http/Request))
#20 D:/xampp/htdocs/Laravel-Assessment/laravel-assessment/vendor/laravel/framework/src/Illuminate/Routing/ControllerDispatcher.php(43): Illuminate/Routing/Controller->callAction('Addleave', Array)
#21 D:/xampp/htdocs/Laravel-Assessment/laravel-assessment/vendor/laravel/framework/src/Illuminate/Routing/Route.php(260): Illuminate/Routing/ControllerDispatcher->dispatch(Object(Illuminate/Routing/Route), Object(App/Http/Controllers/leaveController), 'Addleave')
#22 D:/xampp/htdocs/Laravel-Assessment/laravel-assessment/vendor/laravel/framework/src/Illuminate/Routing/Route.php(205): Illuminate/Routing/Route->runController()
#23 D:/xampp/htdocs/Laravel-Assessment/laravel-assessment/vendor/laravel/framework/src/Illuminate/Routing/Router.php(806): Illuminate/Routing/Route->run()
#24 D:/xampp/htdocs/Laravel-Assessment/laravel-assessment/vendor/laravel/framework/src/Illuminate/Pipeline/Pipeline.php(144): Illuminate/Routing/Router->Illuminate/Routing/{closure}(Object(Illuminate/Http/Request))
#25 D:/xampp/htdocs/Laravel-Assessment/laravel-assessment/vendor/laravel/framework/src/Illuminate/Routing/Middleware/SubstituteBindings.php(50): Illuminate/Pipeline/Pipeline->Illuminate/Pipeline/{closure}(Object(Illuminate/Http/Request))
#26 D:/xampp/htdocs/Laravel-Assessment/laravel-assessment/vendor/laravel/framework/src/Illuminate/Pipeline/Pipeline.php(183): Illuminate/Routing/Middleware/SubstituteBindings->handle(Object(Illuminate/Http/Request), Object(Closure))
#27 D:/xampp/htdocs/Laravel-Assessment/laravel-assessment/vendor/laravel/framework/src/Illuminate/Routing/Middleware/ThrottleRequests.php(159): Illuminate/Pipeline/Pipeline->Illuminate/Pipeline/{closure}(Object(Illuminate/Http/Request))
#28 D:/xampp/htdocs/Laravel-Assessment/laravel-assessment/vendor/laravel/framework/src/Illuminate/Routing/Middleware/ThrottleRequests.php(135): Illuminate/Routing/Middleware/ThrottleRequests->handleRequest(Object(Illuminate/Http/Request), Object(Closure), Array)
#29 D:/xampp/htdocs/Laravel-Assessment/laravel-assessment/vendor/laravel/framework/src/Illuminate/Routing/Middleware/ThrottleRequests.php(87): Illuminate/Routing/Middleware/ThrottleRequests->handleRequestUsingNamedLimiter(Object(Illuminate/Http/Request), Object(Closure), 'api', Object(Closure))
#30 D:/xampp/htdocs/Laravel-Assessment/laravel-assessment/vendor/laravel/framework/src/Illuminate/Pipeline/Pipeline.php(183): Illuminate/Routing/Middleware/ThrottleRequests->handle(Object(Illuminate/Http/Request), Object(Closure), 'api')
#31 D:/xampp/htdocs/Laravel-Assessment/laravel-assessment/vendor/laravel/framework/src/Illuminate/Auth/Middleware/Authenticate.php(57): Illuminate/Pipeline/Pipeline->Illuminate/Pipeline/{closure}(Object(Illuminate/Http/Request))
#32 D:/xampp/htdocs/Laravel-Assessment/laravel-assessment/vendor/laravel/framework/src/Illuminate/Pipeline/Pipeline.php(183): Illuminate/Auth/Middleware/Authenticate->handle(Object(Illuminate/Http/Request), Object(Closure), 'api')
#33 D:/xampp/htdocs/Laravel-Assessment/laravel-assessment/vendor/laravel/framework/src/Illuminate/Pipeline/Pipeline.php(119): Illuminate/Pipeline/Pipeline->Illuminate/Pipeline/{closure}(Object(Illuminate/Http/Request))
#34 D:/xampp/htdocs/Laravel-Assessment/laravel-assessment/vendor/laravel/framework/src/Illuminate/Routing/Router.php(807): Illuminate/Pipeline/Pipeline->then(Object(Closure))
#35 D:/xampp/htdocs/Laravel-Assessment/laravel-assessment/vendor/laravel/framework/src/Illuminate/Routing/Router.php(784): Illuminate/Routing/Router->runRouteWithinStack(Object(Illuminate/Routing/Route), Object(Illuminate/Http/Request))
#36 D:/xampp/htdocs/Laravel-Assessment/laravel-assessment/vendor/laravel/framework/src/Illuminate/Routing/Router.php(748): Illuminate/Routing/Router->runRoute(Object(Illuminate/Http/Request), Object(Illuminate/Routing/Route))
#37 D:/xampp/htdocs/Laravel-Assessment/laravel-assessment/vendor/laravel/framework/src/Illuminate/Routing/Router.php(737): Illuminate/Routing/Router->dispatchToRoute(Object(Illuminate/Http/Request))
#38 D:/xampp/htdocs/Laravel-Assessment/laravel-assessment/vendor/laravel/framework/src/Illuminate/Foundation/Http/Kernel.php(200): Illuminate/Routing/Router->dispatch(Object(Illuminate/Http/Request))
#39 D:/xampp/htdocs/Laravel-Assessment/laravel-assessment/vendor/laravel/framework/src/Illuminate/Pipeline/Pipeline.php(144): Illuminate/Foundation/Http/Kernel->Illuminate/Foundation/Http/{closure}(Object(Illuminate/Http/Request))
#40 D:/xampp/htdocs/Laravel-Assessment/laravel-assessment/vendor/laravel/framework/src/Illuminate/Foundation/Http/Middleware/TransformsRequest.php(21): Illuminate/Pipeline/Pipeline->Illuminate/Pipeline/{closure}(Object(Illuminate/Http/Request))
#41 D:/xampp/htdocs/Laravel-Assessment/laravel-assessment/vendor/laravel/framework/src/Illuminate/Foundation/Http/Middleware/ConvertEmptyStringsToNull.php(31): Illuminate/Foundation/Http/Middleware/TransformsRequest->handle(Object(Illuminate/Http/Request), Object(Closure))
#42 D:/xampp/htdocs/Laravel-Assessment/laravel-assessment/vendor/laravel/framework/src/Illuminate/Pipeline/Pipeline.php(183): Illuminate/Foundation/Http/Middleware/ConvertEmptyStringsToNull->handle(Object(Illuminate/Http/Request), Object(Closure))
#43 D:/xampp/htdocs/Laravel-Assessment/laravel-assessment/vendor/laravel/framework/src/Illuminate/Foundation/Http/Middleware/TransformsRequest.php(21): Illuminate/Pipeline/Pipeline->Illuminate/Pipeline/{closure}(Object(Illuminate/Http/Request))
#44 D:/xampp/htdocs/Laravel-Assessment/laravel-assessment/vendor/laravel/framework/src/Illuminate/Foundation/Http/Middleware/TrimStrings.php(40): Illuminate/Foundation/Http/Middleware/TransformsRequest->handle(Object(Illuminate/Http/Request), Object(Closure))
#45 D:/xampp/htdocs/Laravel-Assessment/laravel-assessment/vendor/laravel/framework/src/Illuminate/Pipeline/Pipeline.php(183): Illuminate/Foundation/Http/Middleware/TrimStrings->handle(Object(Illuminate/Http/Request), Object(Closure))
#46 D:/xampp/htdocs/Laravel-Assessment/laravel-assessment/vendor/laravel/framework/src/Illuminate/Foundation/Http/Middleware/ValidatePostSize.php(27): Illuminate/Pipeline/Pipeline->Illuminate/Pipeline/{closure}(Object(Illuminate/Http/Request))
#47 D:/xampp/htdocs/Laravel-Assessment/laravel-assessment/vendor/laravel/framework/src/Illuminate/Pipeline/Pipeline.php(183): Illuminate/Foundation/Http/Middleware/ValidatePostSize->handle(Object(Illuminate/Http/Request), Object(Closure))
#48 D:/xampp/htdocs/Laravel-Assessment/laravel-assessment/vendor/laravel/framework/src/Illuminate/Foundation/Http/Middleware/PreventRequestsDuringMaintenance.php(99): Illuminate/Pipeline/Pipeline->Illuminate/Pipeline/{closure}(Object(Illuminate/Http/Request))
#49 D:/xampp/htdocs/Laravel-Assessment/laravel-assessment/vendor/laravel/framework/src/Illuminate/Pipeline/Pipeline.php(183): Illuminate/Foundation/Http/Middleware/PreventRequestsDuringMaintenance->handle(Object(Illuminate/Http/Request), Object(Closure))
#50 D:/xampp/htdocs/Laravel-Assessment/laravel-assessment/vendor/laravel/framework/src/Illuminate/Http/Middleware/HandleCors.php(62): Illuminate/Pipeline/Pipeline->Illuminate/Pipeline/{closure}(Object(Illuminate/Http/Request))
#51 D:/xampp/htdocs/Laravel-Assessment/laravel-assessment/vendor/laravel/framework/src/Illuminate/Pipeline/Pipeline.php(183): Illuminate/Http/Middleware/HandleCors->handle(Object(Illuminate/Http/Request), Object(Closure))
#52 D:/xampp/htdocs/Laravel-Assessment/laravel-assessment/vendor/laravel/framework/src/Illuminate/Http/Middleware/TrustProxies.php(39): Illuminate/Pipeline/Pipeline->Illuminate/Pipeline/{closure}(Object(Illuminate/Http/Request))
#53 D:/xampp/htdocs/Laravel-Assessment/laravel-assessment/vendor/laravel/framework/src/Illuminate/Pipeline/Pipeline.php(183): Illuminate/Http/Middleware/TrustProxies->handle(Object(Illuminate/Http/Request), Object(Closure))
#54 D:/xampp/htdocs/Laravel-Assessment/laravel-assessment/vendor/laravel/framework/src/Illuminate/Pipeline/Pipeline.php(119): Illuminate/Pipeline/Pipeline->Illuminate/Pipeline/{closure}(Object(Illuminate/Http/Request))
#55 D:/xampp/htdocs/Laravel-Assessment/laravel-assessment/vendor/laravel/framework/src/Illuminate/Foundation/Http/Kernel.php(175): Illuminate/Pipeline/Pipeline->then(Object(Closure))
#56 D:/xampp/htdocs/Laravel-Assessment/laravel-assessment/vendor/laravel/framework/src/Illuminate/Foundation/Http/Kernel.php(144): Illuminate/Foundation/Http/Kernel->sendRequestThroughRouter(Object(Illuminate/Http/Request))
#57 D:/xampp/htdocs/Laravel-Assessment/laravel-assessment/public/index.php(52): Illuminate/Foundation/Http/Kernel->handle(Object(Illuminate/Http/Request))
#58 D:/xampp/htdocs/Laravel-Assessment/laravel-assessment/vendor/laravel/framework/src/Illuminate/Foundation/resources/server.php(16): require_once('D://xampp//htdocs...')
#59 {main}
"} 
[2026-07-14 05:18:34] local.ERROR: SQLSTATE[42S02]: Base table or view not found: 1146 Table 'laravel-assignment.leaves' doesn't exist (Connection: mysql, SQL: select count(*) as aggregate from `leaves` where `leave_name` = Casual leae) {"userId":1,"exception":"[object] (Illuminate\\Database\\QueryException(code: 42S02): SQLSTATE[42S02]: Base table or view not found: 1146 Table 'laravel-assignment.leaves' doesn't exist (Connection: mysql, SQL: select count(*) as aggregate from `leaves` where `leave_name` = Casual leae) at D:/xampp/htdocs/Laravel-Assessment/laravel-assessment/vendor/laravel/framework/src/Illuminate/Database/Connection.php:829)
[stacktrace]
#0 D:/xampp/htdocs/Laravel-Assessment/laravel-assessment/vendor/laravel/framework/src/Illuminate/Database/Connection.php(783): Illuminate/Database/Connection->runQueryCallback('select count(*)...', Array, Object(Closure))
#1 D:/xampp/htdocs/Laravel-Assessment/laravel-assessment/vendor/laravel/framework/src/Illuminate/Database/Connection.php(431): Illuminate/Database/Connection->run('select count(*)...', Array, Object(Closure))
#2 D:/xampp/htdocs/Laravel-Assessment/laravel-assessment/vendor/laravel/framework/src/Illuminate/Database/Query/Builder.php(2914): Illuminate/Database/Connection->select('select count(*)...', Array, false)
#3 D:/xampp/htdocs/Laravel-Assessment/laravel-assessment/vendor/laravel/framework/src/Illuminate/Database/Query/Builder.php(2902): Illuminate/Database/Query/Builder->runSelect()
#4 D:/xampp/htdocs/Laravel-Assessment/laravel-assessment/vendor/laravel/framework/src/Illuminate/Database/Query/Builder.php(3456): Illuminate/Database/Query/Builder->Illuminate/Database/Query/{closure}()
#5 D:/xampp/htdocs/Laravel-Assessment/laravel-assessment/vendor/laravel/framework/src/Illuminate/Database/Query/Builder.php(2903): Illuminate/Database/Query/Builder->onceWithColumns(Array, Object(Closure))
#6 D:/xampp/htdocs/Laravel-Assessment/laravel-assessment/vendor/laravel/framework/src/Illuminate/Database/Query/Builder.php(3383): Illuminate/Database/Query/Builder->get(Array)
#7 D:/xampp/htdocs/Laravel-Assessment/laravel-assessment/vendor/laravel/framework/src/Illuminate/Database/Query/Builder.php(3311): Illuminate/Database/Query/Builder->aggregate('count', Array)
#8 D:/xampp/htdocs/Laravel-Assessment/laravel-assessment/vendor/laravel/framework/src/Illuminate/Validation/DatabasePresenceVerifier.php(54): Illuminate/Database/Query/Builder->count()
#9 D:/xampp/htdocs/Laravel-Assessment/laravel-assessment/vendor/laravel/framework/src/Illuminate/Validation/Concerns/ValidatesAttributes.php(949): Illuminate/Validation/DatabasePresenceVerifier->getCount('leaves', 'leave_name', 'Casual leae', NULL, NULL, Array)
#10 D:/xampp/htdocs/Laravel-Assessment/laravel-assessment/vendor/laravel/framework/src/Illuminate/Validation/Validator.php(660): Illuminate/Validation/Validator->validateUnique('leave_name', 'Casual leae', Array, Object(Illuminate/Validation/Validator))
#11 D:/xampp/htdocs/Laravel-Assessment/laravel-assessment/vendor/laravel/framework/src/Illuminate/Validation/Validator.php(459): Illuminate/Validation/Validator->validateAttribute('leave_name', 'Unique')
#12 D:/xampp/htdocs/Laravel-Assessment/laravel-assessment/vendor/laravel/framework/src/Illuminate/Validation/Validator.php(494): Illuminate/Validation/Validator->passes()
#13 D:/xampp/htdocs/Laravel-Assessment/laravel-assessment/vendor/laravel/framework/src/Illuminate/Validation/Validator.php(536): Illuminate/Validation/Validator->fails()
#14 D:/xampp/htdocs/Laravel-Assessment/laravel-assessment/vendor/laravel/framework/src/Illuminate/Foundation/Providers/FoundationServiceProvider.php(124): Illuminate/Validation/Validator->validate()
#15 D:/xampp/htdocs/Laravel-Assessment/laravel-assessment/vendor/laravel/framework/src/Illuminate/Macroable/Traits/Macroable.php(123): Illuminate/Http/Request->Illuminate/Foundation/Providers/{closure}(Array)
#16 D:/xampp/htdocs/Laravel-Assessment/laravel-assessment/app/Http/Controllers/leaveController.php(10): Illuminate/Http/Request->__call('validate', Array)
#17 D:/xampp/htdocs/Laravel-Assessment/laravel-assessment/vendor/laravel/framework/src/Illuminate/Routing/Controller.php(54): App/Http/Controllers/leaveController->Addleave(Object(Illuminate/Http/Request))
#18 D:/xampp/htdocs/Laravel-Assessment/laravel-assessment/vendor/laravel/framework/src/Illuminate/Routing/ControllerDispatcher.php(43): Illuminate/Routing/Controller->callAction('Addleave', Array)
#19 D:/xampp/htdocs/Laravel-Assessment/laravel-assessment/vendor/laravel/framework/src/Illuminate/Routing/Route.php(260): Illuminate/Routing/ControllerDispatcher->dispatch(Object(Illuminate/Routing/Route), Object(App/Http/Controllers/leaveController), 'Addleave')
#20 D:/xampp/htdocs/Laravel-Assessment/laravel-assessment/vendor/laravel/framework/src/Illuminate/Routing/Route.php(205): Illuminate/Routing/Route->runController()
#21 D:/xampp/htdocs/Laravel-Assessment/laravel-assessment/vendor/laravel/framework/src/Illuminate/Routing/Router.php(806): Illuminate/Routing/Route->run()
#22 D:/xampp/htdocs/Laravel-Assessment/laravel-assessment/vendor/laravel/framework/src/Illuminate/Pipeline/Pipeline.php(144): Illuminate/Routing/Router->Illuminate/Routing/{closure}(Object(Illuminate/Http/Request))
#23 D:/xampp/htdocs/Laravel-Assessment/laravel-assessment/vendor/laravel/framework/src/Illuminate/Routing/Middleware/SubstituteBindings.php(50): Illuminate/Pipeline/Pipeline->Illuminate/Pipeline/{closure}(Object(Illuminate/Http/Request))
#24 D:/xampp/htdocs/Laravel-Assessment/laravel-assessment/vendor/laravel/framework/src/Illuminate/Pipeline/Pipeline.php(183): Illuminate/Routing/Middleware/SubstituteBindings->handle(Object(Illuminate/Http/Request), Object(Closure))
#25 D:/xampp/htdocs/Laravel-Assessment/laravel-assessment/vendor/laravel/framework/src/Illuminate/Routing/Middleware/ThrottleRequests.php(159): Illuminate/Pipeline/Pipeline->Illuminate/Pipeline/{closure}(Object(Illuminate/Http/Request))
#26 D:/xampp/htdocs/Laravel-Assessment/laravel-assessment/vendor/laravel/framework/src/Illuminate/Routing/Middleware/ThrottleRequests.php(135): Illuminate/Routing/Middleware/ThrottleRequests->handleRequest(Object(Illuminate/Http/Request), Object(Closure), Array)
#27 D:/xampp/htdocs/Laravel-Assessment/laravel-assessment/vendor/laravel/framework/src/Illuminate/Routing/Middleware/ThrottleRequests.php(87): Illuminate/Routing/Middleware/ThrottleRequests->handleRequestUsingNamedLimiter(Object(Illuminate/Http/Request), Object(Closure), 'api', Object(Closure))
#28 D:/xampp/htdocs/Laravel-Assessment/laravel-assessment/vendor/laravel/framework/src/Illuminate/Pipeline/Pipeline.php(183): Illuminate/Routing/Middleware/ThrottleRequests->handle(Object(Illuminate/Http/Request), Object(Closure), 'api')
#29 D:/xampp/htdocs/Laravel-Assessment/laravel-assessment/vendor/laravel/framework/src/Illuminate/Auth/Middleware/Authenticate.php(57): Illuminate/Pipeline/Pipeline->Illuminate/Pipeline/{closure}(Object(Illuminate/Http/Request))
#30 D:/xampp/htdocs/Laravel-Assessment/laravel-assessment/vendor/laravel/framework/src/Illuminate/Pipeline/Pipeline.php(183): Illuminate/Auth/Middleware/Authenticate->handle(Object(Illuminate/Http/Request), Object(Closure), 'api')
#31 D:/xampp/htdocs/Laravel-Assessment/laravel-assessment/vendor/laravel/framework/src/Illuminate/Pipeline/Pipeline.php(119): Illuminate/Pipeline/Pipeline->Illuminate/Pipeline/{closure}(Object(Illuminate/Http/Request))
#32 D:/xampp/htdocs/Laravel-Assessment/laravel-assessment/vendor/laravel/framework/src/Illuminate/Routing/Router.php(807): Illuminate/Pipeline/Pipeline->then(Object(Closure))
#33 D:/xampp/htdocs/Laravel-Assessment/laravel-assessment/vendor/laravel/framework/src/Illuminate/Routing/Router.php(784): Illuminate/Routing/Router->runRouteWithinStack(Object(Illuminate/Routing/Route), Object(Illuminate/Http/Request))
#34 D:/xampp/htdocs/Laravel-Assessment/laravel-assessment/vendor/laravel/framework/src/Illuminate/Routing/Router.php(748): Illuminate/Routing/Router->runRoute(Object(Illuminate/Http/Request), Object(Illuminate/Routing/Route))
#35 D:/xampp/htdocs/Laravel-Assessment/laravel-assessment/vendor/laravel/framework/src/Illuminate/Routing/Router.php(737): Illuminate/Routing/Router->dispatchToRoute(Object(Illuminate/Http/Request))
#36 D:/xampp/htdocs/Laravel-Assessment/laravel-assessment/vendor/laravel/framework/src/Illuminate/Foundation/Http/Kernel.php(200): Illuminate/Routing/Router->dispatch(Object(Illuminate/Http/Request))
#37 D:/xampp/htdocs/Laravel-Assessment/laravel-assessment/vendor/laravel/framework/src/Illuminate/Pipeline/Pipeline.php(144): Illuminate/Foundation/Http/Kernel->Illuminate/Foundation/Http/{closure}(Object(Illuminate/Http/Request))
#38 D:/xampp/htdocs/Laravel-Assessment/laravel-assessment/vendor/laravel/framework/src/Illuminate/Foundation/Http/Middleware/TransformsRequest.php(21): Illuminate/Pipeline/Pipeline->Illuminate/Pipeline/{closure}(Object(Illuminate/Http/Request))
#39 D:/xampp/htdocs/Laravel-Assessment/laravel-assessment/vendor/laravel/framework/src/Illuminate/Foundation/Http/Middleware/ConvertEmptyStringsToNull.php(31): Illuminate/Foundation/Http/Middleware/TransformsRequest->handle(Object(Illuminate/Http/Request), Object(Closure))
#40 D:/xampp/htdocs/Laravel-Assessment/laravel-assessment/vendor/laravel/framework/src/Illuminate/Pipeline/Pipeline.php(183): Illuminate/Foundation/Http/Middleware/ConvertEmptyStringsToNull->handle(Object(Illuminate/Http/Request), Object(Closure))
#41 D:/xampp/htdocs/Laravel-Assessment/laravel-assessment/vendor/laravel/framework/src/Illuminate/Foundation/Http/Middleware/TransformsRequest.php(21): Illuminate/Pipeline/Pipeline->Illuminate/Pipeline/{closure}(Object(Illuminate/Http/Request))
#42 D:/xampp/htdocs/Laravel-Assessment/laravel-assessment/vendor/laravel/framework/src/Illuminate/Foundation/Http/Middleware/TrimStrings.php(40): Illuminate/Foundation/Http/Middleware/TransformsRequest->handle(Object(Illuminate/Http/Request), Object(Closure))
#43 D:/xampp/htdocs/Laravel-Assessment/laravel-assessment/vendor/laravel/framework/src/Illuminate/Pipeline/Pipeline.php(183): Illuminate/Foundation/Http/Middleware/TrimStrings->handle(Object(Illuminate/Http/Request), Object(Closure))
#44 D:/xampp/htdocs/Laravel-Assessment/laravel-assessment/vendor/laravel/framework/src/Illuminate/Foundation/Http/Middleware/ValidatePostSize.php(27): Illuminate/Pipeline/Pipeline->Illuminate/Pipeline/{closure}(Object(Illuminate/Http/Request))
#45 D:/xampp/htdocs/Laravel-Assessment/laravel-assessment/vendor/laravel/framework/src/Illuminate/Pipeline/Pipeline.php(183): Illuminate/Foundation/Http/Middleware/ValidatePostSize->handle(Object(Illuminate/Http/Request), Object(Closure))
#46 D:/xampp/htdocs/Laravel-Assessment/laravel-assessment/vendor/laravel/framework/src/Illuminate/Foundation/Http/Middleware/PreventRequestsDuringMaintenance.php(99): Illuminate/Pipeline/Pipeline->Illuminate/Pipeline/{closure}(Object(Illuminate/Http/Request))
#47 D:/xampp/htdocs/Laravel-Assessment/laravel-assessment/vendor/laravel/framework/src/Illuminate/Pipeline/Pipeline.php(183): Illuminate/Foundation/Http/Middleware/PreventRequestsDuringMaintenance->handle(Object(Illuminate/Http/Request), Object(Closure))
#48 D:/xampp/htdocs/Laravel-Assessment/laravel-assessment/vendor/laravel/framework/src/Illuminate/Http/Middleware/HandleCors.php(62): Illuminate/Pipeline/Pipeline->Illuminate/Pipeline/{closure}(Object(Illuminate/Http/Request))
#49 D:/xampp/htdocs/Laravel-Assessment/laravel-assessment/vendor/laravel/framework/src/Illuminate/Pipeline/Pipeline.php(183): Illuminate/Http/Middleware/HandleCors->handle(Object(Illuminate/Http/Request), Object(Closure))
#50 D:/xampp/htdocs/Laravel-Assessment/laravel-assessment/vendor/laravel/framework/src/Illuminate/Http/Middleware/TrustProxies.php(39): Illuminate/Pipeline/Pipeline->Illuminate/Pipeline/{closure}(Object(Illuminate/Http/Request))
#51 D:/xampp/htdocs/Laravel-Assessment/laravel-assessment/vendor/laravel/framework/src/Illuminate/Pipeline/Pipeline.php(183): Illuminate/Http/Middleware/TrustProxies->handle(Object(Illuminate/Http/Request), Object(Closure))
#52 D:/xampp/htdocs/Laravel-Assessment/laravel-assessment/vendor/laravel/framework/src/Illuminate/Pipeline/Pipeline.php(119): Illuminate/Pipeline/Pipeline->Illuminate/Pipeline/{closure}(Object(Illuminate/Http/Request))
#53 D:/xampp/htdocs/Laravel-Assessment/laravel-assessment/vendor/laravel/framework/src/Illuminate/Foundation/Http/Kernel.php(175): Illuminate/Pipeline/Pipeline->then(Object(Closure))
#54 D:/xampp/htdocs/Laravel-Assessment/laravel-assessment/vendor/laravel/framework/src/Illuminate/Foundation/Http/Kernel.php(144): Illuminate/Foundation/Http/Kernel->sendRequestThroughRouter(Object(Illuminate/Http/Request))
#55 D:/xampp/htdocs/Laravel-Assessment/laravel-assessment/public/index.php(52): Illuminate/Foundation/Http/Kernel->handle(Object(Illuminate/Http/Request))
#56 D:/xampp/htdocs/Laravel-Assessment/laravel-assessment/vendor/laravel/framework/src/Illuminate/Foundation/resources/server.php(16): require_once('D://xampp//htdocs...')
#57 {main}

[previous exception] [object] (PDOException(code: 42S02): SQLSTATE[42S02]: Base table or view not found: 1146 Table 'laravel-assignment.leaves' doesn't exist at D:/xampp/htdocs/Laravel-Assessment/laravel-assessment/vendor/laravel/framework/src/Illuminate/Database/Connection.php:423)
[stacktrace]
#0 D:/xampp/htdocs/Laravel-Assessment/laravel-assessment/vendor/laravel/framework/src/Illuminate/Database/Connection.php(423): PDO->prepare('select count(*)...')
#1 D:/xampp/htdocs/Laravel-Assessment/laravel-assessment/vendor/laravel/framework/src/Illuminate/Database/Connection.php(816): Illuminate/Database/Connection->Illuminate/Database/{closure}('select count(*)...', Array)
#2 D:/xampp/htdocs/Laravel-Assessment/laravel-assessment/vendor/laravel/framework/src/Illuminate/Database/Connection.php(783): Illuminate/Database/Connection->runQueryCallback('select count(*)...', Array, Object(Closure))
#3 D:/xampp/htdocs/Laravel-Assessment/laravel-assessment/vendor/laravel/framework/src/Illuminate/Database/Connection.php(431): Illuminate/Database/Connection->run('select count(*)...', Array, Object(Closure))
#4 D:/xampp/htdocs/Laravel-Assessment/laravel-assessment/vendor/laravel/framework/src/Illuminate/Database/Query/Builder.php(2914): Illuminate/Database/Connection->select('select count(*)...', Array, false)
#5 D:/xampp/htdocs/Laravel-Assessment/laravel-assessment/vendor/laravel/framework/src/Illuminate/Database/Query/Builder.php(2902): Illuminate/Database/Query/Builder->runSelect()
#6 D:/xampp/htdocs/Laravel-Assessment/laravel-assessment/vendor/laravel/framework/src/Illuminate/Database/Query/Builder.php(3456): Illuminate/Database/Query/Builder->Illuminate/Database/Query/{closure}()
#7 D:/xampp/htdocs/Laravel-Assessment/laravel-assessment/vendor/laravel/framework/src/Illuminate/Database/Query/Builder.php(2903): Illuminate/Database/Query/Builder->onceWithColumns(Array, Object(Closure))
#8 D:/xampp/htdocs/Laravel-Assessment/laravel-assessment/vendor/laravel/framework/src/Illuminate/Database/Query/Builder.php(3383): Illuminate/Database/Query/Builder->get(Array)
#9 D:/xampp/htdocs/Laravel-Assessment/laravel-assessment/vendor/laravel/framework/src/Illuminate/Database/Query/Builder.php(3311): Illuminate/Database/Query/Builder->aggregate('count', Array)
#10 D:/xampp/htdocs/Laravel-Assessment/laravel-assessment/vendor/laravel/framework/src/Illuminate/Validation/DatabasePresenceVerifier.php(54): Illuminate/Database/Query/Builder->count()
#11 D:/xampp/htdocs/Laravel-Assessment/laravel-assessment/vendor/laravel/framework/src/Illuminate/Validation/Concerns/ValidatesAttributes.php(949): Illuminate/Validation/DatabasePresenceVerifier->getCount('leaves', 'leave_name', 'Casual leae', NULL, NULL, Array)
#12 D:/xampp/htdocs/Laravel-Assessment/laravel-assessment/vendor/laravel/framework/src/Illuminate/Validation/Validator.php(660): Illuminate/Validation/Validator->validateUnique('leave_name', 'Casual leae', Array, Object(Illuminate/Validation/Validator))
#13 D:/xampp/htdocs/Laravel-Assessment/laravel-assessment/vendor/laravel/framework/src/Illuminate/Validation/Validator.php(459): Illuminate/Validation/Validator->validateAttribute('leave_name', 'Unique')
#14 D:/xampp/htdocs/Laravel-Assessment/laravel-assessment/vendor/laravel/framework/src/Illuminate/Validation/Validator.php(494): Illuminate/Validation/Validator->passes()
#15 D:/xampp/htdocs/Laravel-Assessment/laravel-assessment/vendor/laravel/framework/src/Illuminate/Validation/Validator.php(536): Illuminate/Validation/Validator->fails()
#16 D:/xampp/htdocs/Laravel-Assessment/laravel-assessment/vendor/laravel/framework/src/Illuminate/Foundation/Providers/FoundationServiceProvider.php(124): Illuminate/Validation/Validator->validate()
#17 D:/xampp/htdocs/Laravel-Assessment/laravel-assessment/vendor/laravel/framework/src/Illuminate/Macroable/Traits/Macroable.php(123): Illuminate/Http/Request->Illuminate/Foundation/Providers/{closure}(Array)
#18 D:/xampp/htdocs/Laravel-Assessment/laravel-assessment/app/Http/Controllers/leaveController.php(10): Illuminate/Http/Request->__call('validate', Array)
#19 D:/xampp/htdocs/Laravel-Assessment/laravel-assessment/vendor/laravel/framework/src/Illuminate/Routing/Controller.php(54): App/Http/Controllers/leaveController->Addleave(Object(Illuminate/Http/Request))
#20 D:/xampp/htdocs/Laravel-Assessment/laravel-assessment/vendor/laravel/framework/src/Illuminate/Routing/ControllerDispatcher.php(43): Illuminate/Routing/Controller->callAction('Addleave', Array)
#21 D:/xampp/htdocs/Laravel-Assessment/laravel-assessment/vendor/laravel/framework/src/Illuminate/Routing/Route.php(260): Illuminate/Routing/ControllerDispatcher->dispatch(Object(Illuminate/Routing/Route), Object(App/Http/Controllers/leaveController), 'Addleave')
#22 D:/xampp/htdocs/Laravel-Assessment/laravel-assessment/vendor/laravel/framework/src/Illuminate/Routing/Route.php(205): Illuminate/Routing/Route->runController()
#23 D:/xampp/htdocs/Laravel-Assessment/laravel-assessment/vendor/laravel/framework/src/Illuminate/Routing/Router.php(806): Illuminate/Routing/Route->run()
#24 D:/xampp/htdocs/Laravel-Assessment/laravel-assessment/vendor/laravel/framework/src/Illuminate/Pipeline/Pipeline.php(144): Illuminate/Routing/Router->Illuminate/Routing/{closure}(Object(Illuminate/Http/Request))
#25 D:/xampp/htdocs/Laravel-Assessment/laravel-assessment/vendor/laravel/framework/src/Illuminate/Routing/Middleware/SubstituteBindings.php(50): Illuminate/Pipeline/Pipeline->Illuminate/Pipeline/{closure}(Object(Illuminate/Http/Request))
#26 D:/xampp/htdocs/Laravel-Assessment/laravel-assessment/vendor/laravel/framework/src/Illuminate/Pipeline/Pipeline.php(183): Illuminate/Routing/Middleware/SubstituteBindings->handle(Object(Illuminate/Http/Request), Object(Closure))
#27 D:/xampp/htdocs/Laravel-Assessment/laravel-assessment/vendor/laravel/framework/src/Illuminate/Routing/Middleware/ThrottleRequests.php(159): Illuminate/Pipeline/Pipeline->Illuminate/Pipeline/{closure}(Object(Illuminate/Http/Request))
#28 D:/xampp/htdocs/Laravel-Assessment/laravel-assessment/vendor/laravel/framework/src/Illuminate/Routing/Middleware/ThrottleRequests.php(135): Illuminate/Routing/Middleware/ThrottleRequests->handleRequest(Object(Illuminate/Http/Request), Object(Closure), Array)
#29 D:/xampp/htdocs/Laravel-Assessment/laravel-assessment/vendor/laravel/framework/src/Illuminate/Routing/Middleware/ThrottleRequests.php(87): Illuminate/Routing/Middleware/ThrottleRequests->handleRequestUsingNamedLimiter(Object(Illuminate/Http/Request), Object(Closure), 'api', Object(Closure))
#30 D:/xampp/htdocs/Laravel-Assessment/laravel-assessment/vendor/laravel/framework/src/Illuminate/Pipeline/Pipeline.php(183): Illuminate/Routing/Middleware/ThrottleRequests->handle(Object(Illuminate/Http/Request), Object(Closure), 'api')
#31 D:/xampp/htdocs/Laravel-Assessment/laravel-assessment/vendor/laravel/framework/src/Illuminate/Auth/Middleware/Authenticate.php(57): Illuminate/Pipeline/Pipeline->Illuminate/Pipeline/{closure}(Object(Illuminate/Http/Request))
#32 D:/xampp/htdocs/Laravel-Assessment/laravel-assessment/vendor/laravel/framework/src/Illuminate/Pipeline/Pipeline.php(183): Illuminate/Auth/Middleware/Authenticate->handle(Object(Illuminate/Http/Request), Object(Closure), 'api')
#33 D:/xampp/htdocs/Laravel-Assessment/laravel-assessment/vendor/laravel/framework/src/Illuminate/Pipeline/Pipeline.php(119): Illuminate/Pipeline/Pipeline->Illuminate/Pipeline/{closure}(Object(Illuminate/Http/Request))
#34 D:/xampp/htdocs/Laravel-Assessment/laravel-assessment/vendor/laravel/framework/src/Illuminate/Routing/Router.php(807): Illuminate/Pipeline/Pipeline->then(Object(Closure))
#35 D:/xampp/htdocs/Laravel-Assessment/laravel-assessment/vendor/laravel/framework/src/Illuminate/Routing/Router.php(784): Illuminate/Routing/Router->runRouteWithinStack(Object(Illuminate/Routing/Route), Object(Illuminate/Http/Request))
#36 D:/xampp/htdocs/Laravel-Assessment/laravel-assessment/vendor/laravel/framework/src/Illuminate/Routing/Router.php(748): Illuminate/Routing/Router->runRoute(Object(Illuminate/Http/Request), Object(Illuminate/Routing/Route))
#37 D:/xampp/htdocs/Laravel-Assessment/laravel-assessment/vendor/laravel/framework/src/Illuminate/Routing/Router.php(737): Illuminate/Routing/Router->dispatchToRoute(Object(Illuminate/Http/Request))
#38 D:/xampp/htdocs/Laravel-Assessment/laravel-assessment/vendor/laravel/framework/src/Illuminate/Foundation/Http/Kernel.php(200): Illuminate/Routing/Router->dispatch(Object(Illuminate/Http/Request))
#39 D:/xampp/htdocs/Laravel-Assessment/laravel-assessment/vendor/laravel/framework/src/Illuminate/Pipeline/Pipeline.php(144): Illuminate/Foundation/Http/Kernel->Illuminate/Foundation/Http/{closure}(Object(Illuminate/Http/Request))
#40 D:/xampp/htdocs/Laravel-Assessment/laravel-assessment/vendor/laravel/framework/src/Illuminate/Foundation/Http/Middleware/TransformsRequest.php(21): Illuminate/Pipeline/Pipeline->Illuminate/Pipeline/{closure}(Object(Illuminate/Http/Request))
#41 D:/xampp/htdocs/Laravel-Assessment/laravel-assessment/vendor/laravel/framework/src/Illuminate/Foundation/Http/Middleware/ConvertEmptyStringsToNull.php(31): Illuminate/Foundation/Http/Middleware/TransformsRequest->handle(Object(Illuminate/Http/Request), Object(Closure))
#42 D:/xampp/htdocs/Laravel-Assessment/laravel-assessment/vendor/laravel/framework/src/Illuminate/Pipeline/Pipeline.php(183): Illuminate/Foundation/Http/Middleware/ConvertEmptyStringsToNull->handle(Object(Illuminate/Http/Request), Object(Closure))
#43 D:/xampp/htdocs/Laravel-Assessment/laravel-assessment/vendor/laravel/framework/src/Illuminate/Foundation/Http/Middleware/TransformsRequest.php(21): Illuminate/Pipeline/Pipeline->Illuminate/Pipeline/{closure}(Object(Illuminate/Http/Request))
#44 D:/xampp/htdocs/Laravel-Assessment/laravel-assessment/vendor/laravel/framework/src/Illuminate/Foundation/Http/Middleware/TrimStrings.php(40): Illuminate/Foundation/Http/Middleware/TransformsRequest->handle(Object(Illuminate/Http/Request), Object(Closure))
#45 D:/xampp/htdocs/Laravel-Assessment/laravel-assessment/vendor/laravel/framework/src/Illuminate/Pipeline/Pipeline.php(183): Illuminate/Foundation/Http/Middleware/TrimStrings->handle(Object(Illuminate/Http/Request), Object(Closure))
#46 D:/xampp/htdocs/Laravel-Assessment/laravel-assessment/vendor/laravel/framework/src/Illuminate/Foundation/Http/Middleware/ValidatePostSize.php(27): Illuminate/Pipeline/Pipeline->Illuminate/Pipeline/{closure}(Object(Illuminate/Http/Request))
#47 D:/xampp/htdocs/Laravel-Assessment/laravel-assessment/vendor/laravel/framework/src/Illuminate/Pipeline/Pipeline.php(183): Illuminate/Foundation/Http/Middleware/ValidatePostSize->handle(Object(Illuminate/Http/Request), Object(Closure))
#48 D:/xampp/htdocs/Laravel-Assessment/laravel-assessment/vendor/laravel/framework/src/Illuminate/Foundation/Http/Middleware/PreventRequestsDuringMaintenance.php(99): Illuminate/Pipeline/Pipeline->Illuminate/Pipeline/{closure}(Object(Illuminate/Http/Request))
#49 D:/xampp/htdocs/Laravel-Assessment/laravel-assessment/vendor/laravel/framework/src/Illuminate/Pipeline/Pipeline.php(183): Illuminate/Foundation/Http/Middleware/PreventRequestsDuringMaintenance->handle(Object(Illuminate/Http/Request), Object(Closure))
#50 D:/xampp/htdocs/Laravel-Assessment/laravel-assessment/vendor/laravel/framework/src/Illuminate/Http/Middleware/HandleCors.php(62): Illuminate/Pipeline/Pipeline->Illuminate/Pipeline/{closure}(Object(Illuminate/Http/Request))
#51 D:/xampp/htdocs/Laravel-Assessment/laravel-assessment/vendor/laravel/framework/src/Illuminate/Pipeline/Pipeline.php(183): Illuminate/Http/Middleware/HandleCors->handle(Object(Illuminate/Http/Request), Object(Closure))
#52 D:/xampp/htdocs/Laravel-Assessment/laravel-assessment/vendor/laravel/framework/src/Illuminate/Http/Middleware/TrustProxies.php(39): Illuminate/Pipeline/Pipeline->Illuminate/Pipeline/{closure}(Object(Illuminate/Http/Request))
#53 D:/xampp/htdocs/Laravel-Assessment/laravel-assessment/vendor/laravel/framework/src/Illuminate/Pipeline/Pipeline.php(183): Illuminate/Http/Middleware/TrustProxies->handle(Object(Illuminate/Http/Request), Object(Closure))
#54 D:/xampp/htdocs/Laravel-Assessment/laravel-assessment/vendor/laravel/framework/src/Illuminate/Pipeline/Pipeline.php(119): Illuminate/Pipeline/Pipeline->Illuminate/Pipeline/{closure}(Object(Illuminate/Http/Request))
#55 D:/xampp/htdocs/Laravel-Assessment/laravel-assessment/vendor/laravel/framework/src/Illuminate/Foundation/Http/Kernel.php(175): Illuminate/Pipeline/Pipeline->then(Object(Closure))
#56 D:/xampp/htdocs/Laravel-Assessment/laravel-assessment/vendor/laravel/framework/src/Illuminate/Foundation/Http/Kernel.php(144): Illuminate/Foundation/Http/Kernel->sendRequestThroughRouter(Object(Illuminate/Http/Request))
#57 D:/xampp/htdocs/Laravel-Assessment/laravel-assessment/public/index.php(52): Illuminate/Foundation/Http/Kernel->handle(Object(Illuminate/Http/Request))
#58 D:/xampp/htdocs/Laravel-Assessment/laravel-assessment/vendor/laravel/framework/src/Illuminate/Foundation/resources/server.php(16): require_once('D://xampp//htdocs...')
#59 {main}
"} 
[2026-07-14 05:20:07] local.ERROR: SQLSTATE[42S02]: Base table or view not found: 1146 Table 'laravel-assignment.leaves' doesn't exist (Connection: mysql, SQL: select count(*) as aggregate from `leaves` where `leave_name` = Casual leae) {"userId":1,"exception":"[object] (Illuminate\\Database\\QueryException(code: 42S02): SQLSTATE[42S02]: Base table or view not found: 1146 Table 'laravel-assignment.leaves' doesn't exist (Connection: mysql, SQL: select count(*) as aggregate from `leaves` where `leave_name` = Casual leae) at D:/xampp/htdocs/Laravel-Assessment/laravel-assessment/vendor/laravel/framework/src/Illuminate/Database/Connection.php:829)
[stacktrace]
#0 D:/xampp/htdocs/Laravel-Assessment/laravel-assessment/vendor/laravel/framework/src/Illuminate/Database/Connection.php(783): Illuminate/Database/Connection->runQueryCallback('select count(*)...', Array, Object(Closure))
#1 D:/xampp/htdocs/Laravel-Assessment/laravel-assessment/vendor/laravel/framework/src/Illuminate/Database/Connection.php(431): Illuminate/Database/Connection->run('select count(*)...', Array, Object(Closure))
#2 D:/xampp/htdocs/Laravel-Assessment/laravel-assessment/vendor/laravel/framework/src/Illuminate/Database/Query/Builder.php(2914): Illuminate/Database/Connection->select('select count(*)...', Array, false)
#3 D:/xampp/htdocs/Laravel-Assessment/laravel-assessment/vendor/laravel/framework/src/Illuminate/Database/Query/Builder.php(2902): Illuminate/Database/Query/Builder->runSelect()
#4 D:/xampp/htdocs/Laravel-Assessment/laravel-assessment/vendor/laravel/framework/src/Illuminate/Database/Query/Builder.php(3456): Illuminate/Database/Query/Builder->Illuminate/Database/Query/{closure}()
#5 D:/xampp/htdocs/Laravel-Assessment/laravel-assessment/vendor/laravel/framework/src/Illuminate/Database/Query/Builder.php(2903): Illuminate/Database/Query/Builder->onceWithColumns(Array, Object(Closure))
#6 D:/xampp/htdocs/Laravel-Assessment/laravel-assessment/vendor/laravel/framework/src/Illuminate/Database/Query/Builder.php(3383): Illuminate/Database/Query/Builder->get(Array)
#7 D:/xampp/htdocs/Laravel-Assessment/laravel-assessment/vendor/laravel/framework/src/Illuminate/Database/Query/Builder.php(3311): Illuminate/Database/Query/Builder->aggregate('count', Array)
#8 D:/xampp/htdocs/Laravel-Assessment/laravel-assessment/vendor/laravel/framework/src/Illuminate/Validation/DatabasePresenceVerifier.php(54): Illuminate/Database/Query/Builder->count()
#9 D:/xampp/htdocs/Laravel-Assessment/laravel-assessment/vendor/laravel/framework/src/Illuminate/Validation/Concerns/ValidatesAttributes.php(949): Illuminate/Validation/DatabasePresenceVerifier->getCount('leaves', 'leave_name', 'Casual leae', NULL, NULL, Array)
#10 D:/xampp/htdocs/Laravel-Assessment/laravel-assessment/vendor/laravel/framework/src/Illuminate/Validation/Validator.php(660): Illuminate/Validation/Validator->validateUnique('leave_name', 'Casual leae', Array, Object(Illuminate/Validation/Validator))
#11 D:/xampp/htdocs/Laravel-Assessment/laravel-assessment/vendor/laravel/framework/src/Illuminate/Validation/Validator.php(459): Illuminate/Validation/Validator->validateAttribute('leave_name', 'Unique')
#12 D:/xampp/htdocs/Laravel-Assessment/laravel-assessment/vendor/laravel/framework/src/Illuminate/Validation/Validator.php(494): Illuminate/Validation/Validator->passes()
#13 D:/xampp/htdocs/Laravel-Assessment/laravel-assessment/vendor/laravel/framework/src/Illuminate/Validation/Validator.php(536): Illuminate/Validation/Validator->fails()
#14 D:/xampp/htdocs/Laravel-Assessment/laravel-assessment/vendor/laravel/framework/src/Illuminate/Foundation/Providers/FoundationServiceProvider.php(124): Illuminate/Validation/Validator->validate()
#15 D:/xampp/htdocs/Laravel-Assessment/laravel-assessment/vendor/laravel/framework/src/Illuminate/Macroable/Traits/Macroable.php(123): Illuminate/Http/Request->Illuminate/Foundation/Providers/{closure}(Array)
#16 D:/xampp/htdocs/Laravel-Assessment/laravel-assessment/app/Http/Controllers/leaveController.php(10): Illuminate/Http/Request->__call('validate', Array)
#17 D:/xampp/htdocs/Laravel-Assessment/laravel-assessment/vendor/laravel/framework/src/Illuminate/Routing/Controller.php(54): App/Http/Controllers/leaveController->Addleave(Object(Illuminate/Http/Request))
#18 D:/xampp/htdocs/Laravel-Assessment/laravel-assessment/vendor/laravel/framework/src/Illuminate/Routing/ControllerDispatcher.php(43): Illuminate/Routing/Controller->callAction('Addleave', Array)
#19 D:/xampp/htdocs/Laravel-Assessment/laravel-assessment/vendor/laravel/framework/src/Illuminate/Routing/Route.php(260): Illuminate/Routing/ControllerDispatcher->dispatch(Object(Illuminate/Routing/Route), Object(App/Http/Controllers/leaveController), 'Addleave')
#20 D:/xampp/htdocs/Laravel-Assessment/laravel-assessment/vendor/laravel/framework/src/Illuminate/Routing/Route.php(205): Illuminate/Routing/Route->runController()
#21 D:/xampp/htdocs/Laravel-Assessment/laravel-assessment/vendor/laravel/framework/src/Illuminate/Routing/Router.php(806): Illuminate/Routing/Route->run()
#22 D:/xampp/htdocs/Laravel-Assessment/laravel-assessment/vendor/laravel/framework/src/Illuminate/Pipeline/Pipeline.php(144): Illuminate/Routing/Router->Illuminate/Routing/{closure}(Object(Illuminate/Http/Request))
#23 D:/xampp/htdocs/Laravel-Assessment/laravel-assessment/vendor/laravel/framework/src/Illuminate/Routing/Middleware/SubstituteBindings.php(50): Illuminate/Pipeline/Pipeline->Illuminate/Pipeline/{closure}(Object(Illuminate/Http/Request))
#24 D:/xampp/htdocs/Laravel-Assessment/laravel-assessment/vendor/laravel/framework/src/Illuminate/Pipeline/Pipeline.php(183): Illuminate/Routing/Middleware/SubstituteBindings->handle(Object(Illuminate/Http/Request), Object(Closure))
#25 D:/xampp/htdocs/Laravel-Assessment/laravel-assessment/vendor/laravel/framework/src/Illuminate/Routing/Middleware/ThrottleRequests.php(159): Illuminate/Pipeline/Pipeline->Illuminate/Pipeline/{closure}(Object(Illuminate/Http/Request))
#26 D:/xampp/htdocs/Laravel-Assessment/laravel-assessment/vendor/laravel/framework/src/Illuminate/Routing/Middleware/ThrottleRequests.php(135): Illuminate/Routing/Middleware/ThrottleRequests->handleRequest(Object(Illuminate/Http/Request), Object(Closure), Array)
#27 D:/xampp/htdocs/Laravel-Assessment/laravel-assessment/vendor/laravel/framework/src/Illuminate/Routing/Middleware/ThrottleRequests.php(87): Illuminate/Routing/Middleware/ThrottleRequests->handleRequestUsingNamedLimiter(Object(Illuminate/Http/Request), Object(Closure), 'api', Object(Closure))
#28 D:/xampp/htdocs/Laravel-Assessment/laravel-assessment/vendor/laravel/framework/src/Illuminate/Pipeline/Pipeline.php(183): Illuminate/Routing/Middleware/ThrottleRequests->handle(Object(Illuminate/Http/Request), Object(Closure), 'api')
#29 D:/xampp/htdocs/Laravel-Assessment/laravel-assessment/vendor/laravel/framework/src/Illuminate/Auth/Middleware/Authenticate.php(57): Illuminate/Pipeline/Pipeline->Illuminate/Pipeline/{closure}(Object(Illuminate/Http/Request))
#30 D:/xampp/htdocs/Laravel-Assessment/laravel-assessment/vendor/laravel/framework/src/Illuminate/Pipeline/Pipeline.php(183): Illuminate/Auth/Middleware/Authenticate->handle(Object(Illuminate/Http/Request), Object(Closure), 'api')
#31 D:/xampp/htdocs/Laravel-Assessment/laravel-assessment/vendor/laravel/framework/src/Illuminate/Pipeline/Pipeline.php(119): Illuminate/Pipeline/Pipeline->Illuminate/Pipeline/{closure}(Object(Illuminate/Http/Request))
#32 D:/xampp/htdocs/Laravel-Assessment/laravel-assessment/vendor/laravel/framework/src/Illuminate/Routing/Router.php(807): Illuminate/Pipeline/Pipeline->then(Object(Closure))
#33 D:/xampp/htdocs/Laravel-Assessment/laravel-assessment/vendor/laravel/framework/src/Illuminate/Routing/Router.php(784): Illuminate/Routing/Router->runRouteWithinStack(Object(Illuminate/Routing/Route), Object(Illuminate/Http/Request))
#34 D:/xampp/htdocs/Laravel-Assessment/laravel-assessment/vendor/laravel/framework/src/Illuminate/Routing/Router.php(748): Illuminate/Routing/Router->runRoute(Object(Illuminate/Http/Request), Object(Illuminate/Routing/Route))
#35 D:/xampp/htdocs/Laravel-Assessment/laravel-assessment/vendor/laravel/framework/src/Illuminate/Routing/Router.php(737): Illuminate/Routing/Router->dispatchToRoute(Object(Illuminate/Http/Request))
#36 D:/xampp/htdocs/Laravel-Assessment/laravel-assessment/vendor/laravel/framework/src/Illuminate/Foundation/Http/Kernel.php(200): Illuminate/Routing/Router->dispatch(Object(Illuminate/Http/Request))
#37 D:/xampp/htdocs/Laravel-Assessment/laravel-assessment/vendor/laravel/framework/src/Illuminate/Pipeline/Pipeline.php(144): Illuminate/Foundation/Http/Kernel->Illuminate/Foundation/Http/{closure}(Object(Illuminate/Http/Request))
#38 D:/xampp/htdocs/Laravel-Assessment/laravel-assessment/vendor/laravel/framework/src/Illuminate/Foundation/Http/Middleware/TransformsRequest.php(21): Illuminate/Pipeline/Pipeline->Illuminate/Pipeline/{closure}(Object(Illuminate/Http/Request))
#39 D:/xampp/htdocs/Laravel-Assessment/laravel-assessment/vendor/laravel/framework/src/Illuminate/Foundation/Http/Middleware/ConvertEmptyStringsToNull.php(31): Illuminate/Foundation/Http/Middleware/TransformsRequest->handle(Object(Illuminate/Http/Request), Object(Closure))
#40 D:/xampp/htdocs/Laravel-Assessment/laravel-assessment/vendor/laravel/framework/src/Illuminate/Pipeline/Pipeline.php(183): Illuminate/Foundation/Http/Middleware/ConvertEmptyStringsToNull->handle(Object(Illuminate/Http/Request), Object(Closure))
#41 D:/xampp/htdocs/Laravel-Assessment/laravel-assessment/vendor/laravel/framework/src/Illuminate/Foundation/Http/Middleware/TransformsRequest.php(21): Illuminate/Pipeline/Pipeline->Illuminate/Pipeline/{closure}(Object(Illuminate/Http/Request))
#42 D:/xampp/htdocs/Laravel-Assessment/laravel-assessment/vendor/laravel/framework/src/Illuminate/Foundation/Http/Middleware/TrimStrings.php(40): Illuminate/Foundation/Http/Middleware/TransformsRequest->handle(Object(Illuminate/Http/Request), Object(Closure))
#43 D:/xampp/htdocs/Laravel-Assessment/laravel-assessment/vendor/laravel/framework/src/Illuminate/Pipeline/Pipeline.php(183): Illuminate/Foundation/Http/Middleware/TrimStrings->handle(Object(Illuminate/Http/Request), Object(Closure))
#44 D:/xampp/htdocs/Laravel-Assessment/laravel-assessment/vendor/laravel/framework/src/Illuminate/Foundation/Http/Middleware/ValidatePostSize.php(27): Illuminate/Pipeline/Pipeline->Illuminate/Pipeline/{closure}(Object(Illuminate/Http/Request))
#45 D:/xampp/htdocs/Laravel-Assessment/laravel-assessment/vendor/laravel/framework/src/Illuminate/Pipeline/Pipeline.php(183): Illuminate/Foundation/Http/Middleware/ValidatePostSize->handle(Object(Illuminate/Http/Request), Object(Closure))
#46 D:/xampp/htdocs/Laravel-Assessment/laravel-assessment/vendor/laravel/framework/src/Illuminate/Foundation/Http/Middleware/PreventRequestsDuringMaintenance.php(99): Illuminate/Pipeline/Pipeline->Illuminate/Pipeline/{closure}(Object(Illuminate/Http/Request))
#47 D:/xampp/htdocs/Laravel-Assessment/laravel-assessment/vendor/laravel/framework/src/Illuminate/Pipeline/Pipeline.php(183): Illuminate/Foundation/Http/Middleware/PreventRequestsDuringMaintenance->handle(Object(Illuminate/Http/Request), Object(Closure))
#48 D:/xampp/htdocs/Laravel-Assessment/laravel-assessment/vendor/laravel/framework/src/Illuminate/Http/Middleware/HandleCors.php(62): Illuminate/Pipeline/Pipeline->Illuminate/Pipeline/{closure}(Object(Illuminate/Http/Request))
#49 D:/xampp/htdocs/Laravel-Assessment/laravel-assessment/vendor/laravel/framework/src/Illuminate/Pipeline/Pipeline.php(183): Illuminate/Http/Middleware/HandleCors->handle(Object(Illuminate/Http/Request), Object(Closure))
#50 D:/xampp/htdocs/Laravel-Assessment/laravel-assessment/vendor/laravel/framework/src/Illuminate/Http/Middleware/TrustProxies.php(39): Illuminate/Pipeline/Pipeline->Illuminate/Pipeline/{closure}(Object(Illuminate/Http/Request))
#51 D:/xampp/htdocs/Laravel-Assessment/laravel-assessment/vendor/laravel/framework/src/Illuminate/Pipeline/Pipeline.php(183): Illuminate/Http/Middleware/TrustProxies->handle(Object(Illuminate/Http/Request), Object(Closure))
#52 D:/xampp/htdocs/Laravel-Assessment/laravel-assessment/vendor/laravel/framework/src/Illuminate/Pipeline/Pipeline.php(119): Illuminate/Pipeline/Pipeline->Illuminate/Pipeline/{closure}(Object(Illuminate/Http/Request))
#53 D:/xampp/htdocs/Laravel-Assessment/laravel-assessment/vendor/laravel/framework/src/Illuminate/Foundation/Http/Kernel.php(175): Illuminate/Pipeline/Pipeline->then(Object(Closure))
#54 D:/xampp/htdocs/Laravel-Assessment/laravel-assessment/vendor/laravel/framework/src/Illuminate/Foundation/Http/Kernel.php(144): Illuminate/Foundation/Http/Kernel->sendRequestThroughRouter(Object(Illuminate/Http/Request))
#55 D:/xampp/htdocs/Laravel-Assessment/laravel-assessment/public/index.php(52): Illuminate/Foundation/Http/Kernel->handle(Object(Illuminate/Http/Request))
#56 D:/xampp/htdocs/Laravel-Assessment/laravel-assessment/vendor/laravel/framework/src/Illuminate/Foundation/resources/server.php(16): require_once('D://xampp//htdocs...')
#57 {main}

[previous exception] [object] (PDOException(code: 42S02): SQLSTATE[42S02]: Base table or view not found: 1146 Table 'laravel-assignment.leaves' doesn't exist at D:/xampp/htdocs/Laravel-Assessment/laravel-assessment/vendor/laravel/framework/src/Illuminate/Database/Connection.php:423)
[stacktrace]
#0 D:/xampp/htdocs/Laravel-Assessment/laravel-assessment/vendor/laravel/framework/src/Illuminate/Database/Connection.php(423): PDO->prepare('select count(*)...')
#1 D:/xampp/htdocs/Laravel-Assessment/laravel-assessment/vendor/laravel/framework/src/Illuminate/Database/Connection.php(816): Illuminate/Database/Connection->Illuminate/Database/{closure}('select count(*)...', Array)
#2 D:/xampp/htdocs/Laravel-Assessment/laravel-assessment/vendor/laravel/framework/src/Illuminate/Database/Connection.php(783): Illuminate/Database/Connection->runQueryCallback('select count(*)...', Array, Object(Closure))
#3 D:/xampp/htdocs/Laravel-Assessment/laravel-assessment/vendor/laravel/framework/src/Illuminate/Database/Connection.php(431): Illuminate/Database/Connection->run('select count(*)...', Array, Object(Closure))
#4 D:/xampp/htdocs/Laravel-Assessment/laravel-assessment/vendor/laravel/framework/src/Illuminate/Database/Query/Builder.php(2914): Illuminate/Database/Connection->select('select count(*)...', Array, false)
#5 D:/xampp/htdocs/Laravel-Assessment/laravel-assessment/vendor/laravel/framework/src/Illuminate/Database/Query/Builder.php(2902): Illuminate/Database/Query/Builder->runSelect()
#6 D:/xampp/htdocs/Laravel-Assessment/laravel-assessment/vendor/laravel/framework/src/Illuminate/Database/Query/Builder.php(3456): Illuminate/Database/Query/Builder->Illuminate/Database/Query/{closure}()
#7 D:/xampp/htdocs/Laravel-Assessment/laravel-assessment/vendor/laravel/framework/src/Illuminate/Database/Query/Builder.php(2903): Illuminate/Database/Query/Builder->onceWithColumns(Array, Object(Closure))
#8 D:/xampp/htdocs/Laravel-Assessment/laravel-assessment/vendor/laravel/framework/src/Illuminate/Database/Query/Builder.php(3383): Illuminate/Database/Query/Builder->get(Array)
#9 D:/xampp/htdocs/Laravel-Assessment/laravel-assessment/vendor/laravel/framework/src/Illuminate/Database/Query/Builder.php(3311): Illuminate/Database/Query/Builder->aggregate('count', Array)
#10 D:/xampp/htdocs/Laravel-Assessment/laravel-assessment/vendor/laravel/framework/src/Illuminate/Validation/DatabasePresenceVerifier.php(54): Illuminate/Database/Query/Builder->count()
#11 D:/xampp/htdocs/Laravel-Assessment/laravel-assessment/vendor/laravel/framework/src/Illuminate/Validation/Concerns/ValidatesAttributes.php(949): Illuminate/Validation/DatabasePresenceVerifier->getCount('leaves', 'leave_name', 'Casual leae', NULL, NULL, Array)
#12 D:/xampp/htdocs/Laravel-Assessment/laravel-assessment/vendor/laravel/framework/src/Illuminate/Validation/Validator.php(660): Illuminate/Validation/Validator->validateUnique('leave_name', 'Casual leae', Array, Object(Illuminate/Validation/Validator))
#13 D:/xampp/htdocs/Laravel-Assessment/laravel-assessment/vendor/laravel/framework/src/Illuminate/Validation/Validator.php(459): Illuminate/Validation/Validator->validateAttribute('leave_name', 'Unique')
#14 D:/xampp/htdocs/Laravel-Assessment/laravel-assessment/vendor/laravel/framework/src/Illuminate/Validation/Validator.php(494): Illuminate/Validation/Validator->passes()
#15 D:/xampp/htdocs/Laravel-Assessment/laravel-assessment/vendor/laravel/framework/src/Illuminate/Validation/Validator.php(536): Illuminate/Validation/Validator->fails()
#16 D:/xampp/htdocs/Laravel-Assessment/laravel-assessment/vendor/laravel/framework/src/Illuminate/Foundation/Providers/FoundationServiceProvider.php(124): Illuminate/Validation/Validator->validate()
#17 D:/xampp/htdocs/Laravel-Assessment/laravel-assessment/vendor/laravel/framework/src/Illuminate/Macroable/Traits/Macroable.php(123): Illuminate/Http/Request->Illuminate/Foundation/Providers/{closure}(Array)
#18 D:/xampp/htdocs/Laravel-Assessment/laravel-assessment/app/Http/Controllers/leaveController.php(10): Illuminate/Http/Request->__call('validate', Array)
#19 D:/xampp/htdocs/Laravel-Assessment/laravel-assessment/vendor/laravel/framework/src/Illuminate/Routing/Controller.php(54): App/Http/Controllers/leaveController->Addleave(Object(Illuminate/Http/Request))
#20 D:/xampp/htdocs/Laravel-Assessment/laravel-assessment/vendor/laravel/framework/src/Illuminate/Routing/ControllerDispatcher.php(43): Illuminate/Routing/Controller->callAction('Addleave', Array)
#21 D:/xampp/htdocs/Laravel-Assessment/laravel-assessment/vendor/laravel/framework/src/Illuminate/Routing/Route.php(260): Illuminate/Routing/ControllerDispatcher->dispatch(Object(Illuminate/Routing/Route), Object(App/Http/Controllers/leaveController), 'Addleave')
#22 D:/xampp/htdocs/Laravel-Assessment/laravel-assessment/vendor/laravel/framework/src/Illuminate/Routing/Route.php(205): Illuminate/Routing/Route->runController()
#23 D:/xampp/htdocs/Laravel-Assessment/laravel-assessment/vendor/laravel/framework/src/Illuminate/Routing/Router.php(806): Illuminate/Routing/Route->run()
#24 D:/xampp/htdocs/Laravel-Assessment/laravel-assessment/vendor/laravel/framework/src/Illuminate/Pipeline/Pipeline.php(144): Illuminate/Routing/Router->Illuminate/Routing/{closure}(Object(Illuminate/Http/Request))
#25 D:/xampp/htdocs/Laravel-Assessment/laravel-assessment/vendor/laravel/framework/src/Illuminate/Routing/Middleware/SubstituteBindings.php(50): Illuminate/Pipeline/Pipeline->Illuminate/Pipeline/{closure}(Object(Illuminate/Http/Request))
#26 D:/xampp/htdocs/Laravel-Assessment/laravel-assessment/vendor/laravel/framework/src/Illuminate/Pipeline/Pipeline.php(183): Illuminate/Routing/Middleware/SubstituteBindings->handle(Object(Illuminate/Http/Request), Object(Closure))
#27 D:/xampp/htdocs/Laravel-Assessment/laravel-assessment/vendor/laravel/framework/src/Illuminate/Routing/Middleware/ThrottleRequests.php(159): Illuminate/Pipeline/Pipeline->Illuminate/Pipeline/{closure}(Object(Illuminate/Http/Request))
#28 D:/xampp/htdocs/Laravel-Assessment/laravel-assessment/vendor/laravel/framework/src/Illuminate/Routing/Middleware/ThrottleRequests.php(135): Illuminate/Routing/Middleware/ThrottleRequests->handleRequest(Object(Illuminate/Http/Request), Object(Closure), Array)
#29 D:/xampp/htdocs/Laravel-Assessment/laravel-assessment/vendor/laravel/framework/src/Illuminate/Routing/Middleware/ThrottleRequests.php(87): Illuminate/Routing/Middleware/ThrottleRequests->handleRequestUsingNamedLimiter(Object(Illuminate/Http/Request), Object(Closure), 'api', Object(Closure))
#30 D:/xampp/htdocs/Laravel-Assessment/laravel-assessment/vendor/laravel/framework/src/Illuminate/Pipeline/Pipeline.php(183): Illuminate/Routing/Middleware/ThrottleRequests->handle(Object(Illuminate/Http/Request), Object(Closure), 'api')
#31 D:/xampp/htdocs/Laravel-Assessment/laravel-assessment/vendor/laravel/framework/src/Illuminate/Auth/Middleware/Authenticate.php(57): Illuminate/Pipeline/Pipeline->Illuminate/Pipeline/{closure}(Object(Illuminate/Http/Request))
#32 D:/xampp/htdocs/Laravel-Assessment/laravel-assessment/vendor/laravel/framework/src/Illuminate/Pipeline/Pipeline.php(183): Illuminate/Auth/Middleware/Authenticate->handle(Object(Illuminate/Http/Request), Object(Closure), 'api')
#33 D:/xampp/htdocs/Laravel-Assessment/laravel-assessment/vendor/laravel/framework/src/Illuminate/Pipeline/Pipeline.php(119): Illuminate/Pipeline/Pipeline->Illuminate/Pipeline/{closure}(Object(Illuminate/Http/Request))
#34 D:/xampp/htdocs/Laravel-Assessment/laravel-assessment/vendor/laravel/framework/src/Illuminate/Routing/Router.php(807): Illuminate/Pipeline/Pipeline->then(Object(Closure))
#35 D:/xampp/htdocs/Laravel-Assessment/laravel-assessment/vendor/laravel/framework/src/Illuminate/Routing/Router.php(784): Illuminate/Routing/Router->runRouteWithinStack(Object(Illuminate/Routing/Route), Object(Illuminate/Http/Request))
#36 D:/xampp/htdocs/Laravel-Assessment/laravel-assessment/vendor/laravel/framework/src/Illuminate/Routing/Router.php(748): Illuminate/Routing/Router->runRoute(Object(Illuminate/Http/Request), Object(Illuminate/Routing/Route))
#37 D:/xampp/htdocs/Laravel-Assessment/laravel-assessment/vendor/laravel/framework/src/Illuminate/Routing/Router.php(737): Illuminate/Routing/Router->dispatchToRoute(Object(Illuminate/Http/Request))
#38 D:/xampp/htdocs/Laravel-Assessment/laravel-assessment/vendor/laravel/framework/src/Illuminate/Foundation/Http/Kernel.php(200): Illuminate/Routing/Router->dispatch(Object(Illuminate/Http/Request))
#39 D:/xampp/htdocs/Laravel-Assessment/laravel-assessment/vendor/laravel/framework/src/Illuminate/Pipeline/Pipeline.php(144): Illuminate/Foundation/Http/Kernel->Illuminate/Foundation/Http/{closure}(Object(Illuminate/Http/Request))
#40 D:/xampp/htdocs/Laravel-Assessment/laravel-assessment/vendor/laravel/framework/src/Illuminate/Foundation/Http/Middleware/TransformsRequest.php(21): Illuminate/Pipeline/Pipeline->Illuminate/Pipeline/{closure}(Object(Illuminate/Http/Request))
#41 D:/xampp/htdocs/Laravel-Assessment/laravel-assessment/vendor/laravel/framework/src/Illuminate/Foundation/Http/Middleware/ConvertEmptyStringsToNull.php(31): Illuminate/Foundation/Http/Middleware/TransformsRequest->handle(Object(Illuminate/Http/Request), Object(Closure))
#42 D:/xampp/htdocs/Laravel-Assessment/laravel-assessment/vendor/laravel/framework/src/Illuminate/Pipeline/Pipeline.php(183): Illuminate/Foundation/Http/Middleware/ConvertEmptyStringsToNull->handle(Object(Illuminate/Http/Request), Object(Closure))
#43 D:/xampp/htdocs/Laravel-Assessment/laravel-assessment/vendor/laravel/framework/src/Illuminate/Foundation/Http/Middleware/TransformsRequest.php(21): Illuminate/Pipeline/Pipeline->Illuminate/Pipeline/{closure}(Object(Illuminate/Http/Request))
#44 D:/xampp/htdocs/Laravel-Assessment/laravel-assessment/vendor/laravel/framework/src/Illuminate/Foundation/Http/Middleware/TrimStrings.php(40): Illuminate/Foundation/Http/Middleware/TransformsRequest->handle(Object(Illuminate/Http/Request), Object(Closure))
#45 D:/xampp/htdocs/Laravel-Assessment/laravel-assessment/vendor/laravel/framework/src/Illuminate/Pipeline/Pipeline.php(183): Illuminate/Foundation/Http/Middleware/TrimStrings->handle(Object(Illuminate/Http/Request), Object(Closure))
#46 D:/xampp/htdocs/Laravel-Assessment/laravel-assessment/vendor/laravel/framework/src/Illuminate/Foundation/Http/Middleware/ValidatePostSize.php(27): Illuminate/Pipeline/Pipeline->Illuminate/Pipeline/{closure}(Object(Illuminate/Http/Request))
#47 D:/xampp/htdocs/Laravel-Assessment/laravel-assessment/vendor/laravel/framework/src/Illuminate/Pipeline/Pipeline.php(183): Illuminate/Foundation/Http/Middleware/ValidatePostSize->handle(Object(Illuminate/Http/Request), Object(Closure))
#48 D:/xampp/htdocs/Laravel-Assessment/laravel-assessment/vendor/laravel/framework/src/Illuminate/Foundation/Http/Middleware/PreventRequestsDuringMaintenance.php(99): Illuminate/Pipeline/Pipeline->Illuminate/Pipeline/{closure}(Object(Illuminate/Http/Request))
#49 D:/xampp/htdocs/Laravel-Assessment/laravel-assessment/vendor/laravel/framework/src/Illuminate/Pipeline/Pipeline.php(183): Illuminate/Foundation/Http/Middleware/PreventRequestsDuringMaintenance->handle(Object(Illuminate/Http/Request), Object(Closure))
#50 D:/xampp/htdocs/Laravel-Assessment/laravel-assessment/vendor/laravel/framework/src/Illuminate/Http/Middleware/HandleCors.php(62): Illuminate/Pipeline/Pipeline->Illuminate/Pipeline/{closure}(Object(Illuminate/Http/Request))
#51 D:/xampp/htdocs/Laravel-Assessment/laravel-assessment/vendor/laravel/framework/src/Illuminate/Pipeline/Pipeline.php(183): Illuminate/Http/Middleware/HandleCors->handle(Object(Illuminate/Http/Request), Object(Closure))
#52 D:/xampp/htdocs/Laravel-Assessment/laravel-assessment/vendor/laravel/framework/src/Illuminate/Http/Middleware/TrustProxies.php(39): Illuminate/Pipeline/Pipeline->Illuminate/Pipeline/{closure}(Object(Illuminate/Http/Request))
#53 D:/xampp/htdocs/Laravel-Assessment/laravel-assessment/vendor/laravel/framework/src/Illuminate/Pipeline/Pipeline.php(183): Illuminate/Http/Middleware/TrustProxies->handle(Object(Illuminate/Http/Request), Object(Closure))
#54 D:/xampp/htdocs/Laravel-Assessment/laravel-assessment/vendor/laravel/framework/src/Illuminate/Pipeline/Pipeline.php(119): Illuminate/Pipeline/Pipeline->Illuminate/Pipeline/{closure}(Object(Illuminate/Http/Request))
#55 D:/xampp/htdocs/Laravel-Assessment/laravel-assessment/vendor/laravel/framework/src/Illuminate/Foundation/Http/Kernel.php(175): Illuminate/Pipeline/Pipeline->then(Object(Closure))
#56 D:/xampp/htdocs/Laravel-Assessment/laravel-assessment/vendor/laravel/framework/src/Illuminate/Foundation/Http/Kernel.php(144): Illuminate/Foundation/Http/Kernel->sendRequestThroughRouter(Object(Illuminate/Http/Request))
#57 D:/xampp/htdocs/Laravel-Assessment/laravel-assessment/public/index.php(52): Illuminate/Foundation/Http/Kernel->handle(Object(Illuminate/Http/Request))
#58 D:/xampp/htdocs/Laravel-Assessment/laravel-assessment/vendor/laravel/framework/src/Illuminate/Foundation/resources/server.php(16): require_once('D://xampp//htdocs...')
#59 {main}
"} 
[2026-07-14 05:20:10] local.ERROR: SQLSTATE[42S02]: Base table or view not found: 1146 Table 'laravel-assignment.leaves' doesn't exist (Connection: mysql, SQL: select count(*) as aggregate from `leaves` where `leave_name` = Casual leae) {"userId":1,"exception":"[object] (Illuminate\\Database\\QueryException(code: 42S02): SQLSTATE[42S02]: Base table or view not found: 1146 Table 'laravel-assignment.leaves' doesn't exist (Connection: mysql, SQL: select count(*) as aggregate from `leaves` where `leave_name` = Casual leae) at D:/xampp/htdocs/Laravel-Assessment/laravel-assessment/vendor/laravel/framework/src/Illuminate/Database/Connection.php:829)
[stacktrace]
#0 D:/xampp/htdocs/Laravel-Assessment/laravel-assessment/vendor/laravel/framework/src/Illuminate/Database/Connection.php(783): Illuminate/Database/Connection->runQueryCallback('select count(*)...', Array, Object(Closure))
#1 D:/xampp/htdocs/Laravel-Assessment/laravel-assessment/vendor/laravel/framework/src/Illuminate/Database/Connection.php(431): Illuminate/Database/Connection->run('select count(*)...', Array, Object(Closure))
#2 D:/xampp/htdocs/Laravel-Assessment/laravel-assessment/vendor/laravel/framework/src/Illuminate/Database/Query/Builder.php(2914): Illuminate/Database/Connection->select('select count(*)...', Array, false)
#3 D:/xampp/htdocs/Laravel-Assessment/laravel-assessment/vendor/laravel/framework/src/Illuminate/Database/Query/Builder.php(2902): Illuminate/Database/Query/Builder->runSelect()
#4 D:/xampp/htdocs/Laravel-Assessment/laravel-assessment/vendor/laravel/framework/src/Illuminate/Database/Query/Builder.php(3456): Illuminate/Database/Query/Builder->Illuminate/Database/Query/{closure}()
#5 D:/xampp/htdocs/Laravel-Assessment/laravel-assessment/vendor/laravel/framework/src/Illuminate/Database/Query/Builder.php(2903): Illuminate/Database/Query/Builder->onceWithColumns(Array, Object(Closure))
#6 D:/xampp/htdocs/Laravel-Assessment/laravel-assessment/vendor/laravel/framework/src/Illuminate/Database/Query/Builder.php(3383): Illuminate/Database/Query/Builder->get(Array)
#7 D:/xampp/htdocs/Laravel-Assessment/laravel-assessment/vendor/laravel/framework/src/Illuminate/Database/Query/Builder.php(3311): Illuminate/Database/Query/Builder->aggregate('count', Array)
#8 D:/xampp/htdocs/Laravel-Assessment/laravel-assessment/vendor/laravel/framework/src/Illuminate/Validation/DatabasePresenceVerifier.php(54): Illuminate/Database/Query/Builder->count()
#9 D:/xampp/htdocs/Laravel-Assessment/laravel-assessment/vendor/laravel/framework/src/Illuminate/Validation/Concerns/ValidatesAttributes.php(949): Illuminate/Validation/DatabasePresenceVerifier->getCount('leaves', 'leave_name', 'Casual leae', NULL, NULL, Array)
#10 D:/xampp/htdocs/Laravel-Assessment/laravel-assessment/vendor/laravel/framework/src/Illuminate/Validation/Validator.php(660): Illuminate/Validation/Validator->validateUnique('leave_name', 'Casual leae', Array, Object(Illuminate/Validation/Validator))
#11 D:/xampp/htdocs/Laravel-Assessment/laravel-assessment/vendor/laravel/framework/src/Illuminate/Validation/Validator.php(459): Illuminate/Validation/Validator->validateAttribute('leave_name', 'Unique')
#12 D:/xampp/htdocs/Laravel-Assessment/laravel-assessment/vendor/laravel/framework/src/Illuminate/Validation/Validator.php(494): Illuminate/Validation/Validator->passes()
#13 D:/xampp/htdocs/Laravel-Assessment/laravel-assessment/vendor/laravel/framework/src/Illuminate/Validation/Validator.php(536): Illuminate/Validation/Validator->fails()
#14 D:/xampp/htdocs/Laravel-Assessment/laravel-assessment/vendor/laravel/framework/src/Illuminate/Foundation/Providers/FoundationServiceProvider.php(124): Illuminate/Validation/Validator->validate()
#15 D:/xampp/htdocs/Laravel-Assessment/laravel-assessment/vendor/laravel/framework/src/Illuminate/Macroable/Traits/Macroable.php(123): Illuminate/Http/Request->Illuminate/Foundation/Providers/{closure}(Array)
#16 D:/xampp/htdocs/Laravel-Assessment/laravel-assessment/app/Http/Controllers/leaveController.php(10): Illuminate/Http/Request->__call('validate', Array)
#17 D:/xampp/htdocs/Laravel-Assessment/laravel-assessment/vendor/laravel/framework/src/Illuminate/Routing/Controller.php(54): App/Http/Controllers/leaveController->Addleave(Object(Illuminate/Http/Request))
#18 D:/xampp/htdocs/Laravel-Assessment/laravel-assessment/vendor/laravel/framework/src/Illuminate/Routing/ControllerDispatcher.php(43): Illuminate/Routing/Controller->callAction('Addleave', Array)
#19 D:/xampp/htdocs/Laravel-Assessment/laravel-assessment/vendor/laravel/framework/src/Illuminate/Routing/Route.php(260): Illuminate/Routing/ControllerDispatcher->dispatch(Object(Illuminate/Routing/Route), Object(App/Http/Controllers/leaveController), 'Addleave')
#20 D:/xampp/htdocs/Laravel-Assessment/laravel-assessment/vendor/laravel/framework/src/Illuminate/Routing/Route.php(205): Illuminate/Routing/Route->runController()
#21 D:/xampp/htdocs/Laravel-Assessment/laravel-assessment/vendor/laravel/framework/src/Illuminate/Routing/Router.php(806): Illuminate/Routing/Route->run()
#22 D:/xampp/htdocs/Laravel-Assessment/laravel-assessment/vendor/laravel/framework/src/Illuminate/Pipeline/Pipeline.php(144): Illuminate/Routing/Router->Illuminate/Routing/{closure}(Object(Illuminate/Http/Request))
#23 D:/xampp/htdocs/Laravel-Assessment/laravel-assessment/vendor/laravel/framework/src/Illuminate/Routing/Middleware/SubstituteBindings.php(50): Illuminate/Pipeline/Pipeline->Illuminate/Pipeline/{closure}(Object(Illuminate/Http/Request))
#24 D:/xampp/htdocs/Laravel-Assessment/laravel-assessment/vendor/laravel/framework/src/Illuminate/Pipeline/Pipeline.php(183): Illuminate/Routing/Middleware/SubstituteBindings->handle(Object(Illuminate/Http/Request), Object(Closure))
#25 D:/xampp/htdocs/Laravel-Assessment/laravel-assessment/vendor/laravel/framework/src/Illuminate/Routing/Middleware/ThrottleRequests.php(159): Illuminate/Pipeline/Pipeline->Illuminate/Pipeline/{closure}(Object(Illuminate/Http/Request))
#26 D:/xampp/htdocs/Laravel-Assessment/laravel-assessment/vendor/laravel/framework/src/Illuminate/Routing/Middleware/ThrottleRequests.php(135): Illuminate/Routing/Middleware/ThrottleRequests->handleRequest(Object(Illuminate/Http/Request), Object(Closure), Array)
#27 D:/xampp/htdocs/Laravel-Assessment/laravel-assessment/vendor/laravel/framework/src/Illuminate/Routing/Middleware/ThrottleRequests.php(87): Illuminate/Routing/Middleware/ThrottleRequests->handleRequestUsingNamedLimiter(Object(Illuminate/Http/Request), Object(Closure), 'api', Object(Closure))
#28 D:/xampp/htdocs/Laravel-Assessment/laravel-assessment/vendor/laravel/framework/src/Illuminate/Pipeline/Pipeline.php(183): Illuminate/Routing/Middleware/ThrottleRequests->handle(Object(Illuminate/Http/Request), Object(Closure), 'api')
#29 D:/xampp/htdocs/Laravel-Assessment/laravel-assessment/vendor/laravel/framework/src/Illuminate/Auth/Middleware/Authenticate.php(57): Illuminate/Pipeline/Pipeline->Illuminate/Pipeline/{closure}(Object(Illuminate/Http/Request))
#30 D:/xampp/htdocs/Laravel-Assessment/laravel-assessment/vendor/laravel/framework/src/Illuminate/Pipeline/Pipeline.php(183): Illuminate/Auth/Middleware/Authenticate->handle(Object(Illuminate/Http/Request), Object(Closure), 'api')
#31 D:/xampp/htdocs/Laravel-Assessment/laravel-assessment/vendor/laravel/framework/src/Illuminate/Pipeline/Pipeline.php(119): Illuminate/Pipeline/Pipeline->Illuminate/Pipeline/{closure}(Object(Illuminate/Http/Request))
#32 D:/xampp/htdocs/Laravel-Assessment/laravel-assessment/vendor/laravel/framework/src/Illuminate/Routing/Router.php(807): Illuminate/Pipeline/Pipeline->then(Object(Closure))
#33 D:/xampp/htdocs/Laravel-Assessment/laravel-assessment/vendor/laravel/framework/src/Illuminate/Routing/Router.php(784): Illuminate/Routing/Router->runRouteWithinStack(Object(Illuminate/Routing/Route), Object(Illuminate/Http/Request))
#34 D:/xampp/htdocs/Laravel-Assessment/laravel-assessment/vendor/laravel/framework/src/Illuminate/Routing/Router.php(748): Illuminate/Routing/Router->runRoute(Object(Illuminate/Http/Request), Object(Illuminate/Routing/Route))
#35 D:/xampp/htdocs/Laravel-Assessment/laravel-assessment/vendor/laravel/framework/src/Illuminate/Routing/Router.php(737): Illuminate/Routing/Router->dispatchToRoute(Object(Illuminate/Http/Request))
#36 D:/xampp/htdocs/Laravel-Assessment/laravel-assessment/vendor/laravel/framework/src/Illuminate/Foundation/Http/Kernel.php(200): Illuminate/Routing/Router->dispatch(Object(Illuminate/Http/Request))
#37 D:/xampp/htdocs/Laravel-Assessment/laravel-assessment/vendor/laravel/framework/src/Illuminate/Pipeline/Pipeline.php(144): Illuminate/Foundation/Http/Kernel->Illuminate/Foundation/Http/{closure}(Object(Illuminate/Http/Request))
#38 D:/xampp/htdocs/Laravel-Assessment/laravel-assessment/vendor/laravel/framework/src/Illuminate/Foundation/Http/Middleware/TransformsRequest.php(21): Illuminate/Pipeline/Pipeline->Illuminate/Pipeline/{closure}(Object(Illuminate/Http/Request))
#39 D:/xampp/htdocs/Laravel-Assessment/laravel-assessment/vendor/laravel/framework/src/Illuminate/Foundation/Http/Middleware/ConvertEmptyStringsToNull.php(31): Illuminate/Foundation/Http/Middleware/TransformsRequest->handle(Object(Illuminate/Http/Request), Object(Closure))
#40 D:/xampp/htdocs/Laravel-Assessment/laravel-assessment/vendor/laravel/framework/src/Illuminate/Pipeline/Pipeline.php(183): Illuminate/Foundation/Http/Middleware/ConvertEmptyStringsToNull->handle(Object(Illuminate/Http/Request), Object(Closure))
#41 D:/xampp/htdocs/Laravel-Assessment/laravel-assessment/vendor/laravel/framework/src/Illuminate/Foundation/Http/Middleware/TransformsRequest.php(21): Illuminate/Pipeline/Pipeline->Illuminate/Pipeline/{closure}(Object(Illuminate/Http/Request))
#42 D:/xampp/htdocs/Laravel-Assessment/laravel-assessment/vendor/laravel/framework/src/Illuminate/Foundation/Http/Middleware/TrimStrings.php(40): Illuminate/Foundation/Http/Middleware/TransformsRequest->handle(Object(Illuminate/Http/Request), Object(Closure))
#43 D:/xampp/htdocs/Laravel-Assessment/laravel-assessment/vendor/laravel/framework/src/Illuminate/Pipeline/Pipeline.php(183): Illuminate/Foundation/Http/Middleware/TrimStrings->handle(Object(Illuminate/Http/Request), Object(Closure))
#44 D:/xampp/htdocs/Laravel-Assessment/laravel-assessment/vendor/laravel/framework/src/Illuminate/Foundation/Http/Middleware/ValidatePostSize.php(27): Illuminate/Pipeline/Pipeline->Illuminate/Pipeline/{closure}(Object(Illuminate/Http/Request))
#45 D:/xampp/htdocs/Laravel-Assessment/laravel-assessment/vendor/laravel/framework/src/Illuminate/Pipeline/Pipeline.php(183): Illuminate/Foundation/Http/Middleware/ValidatePostSize->handle(Object(Illuminate/Http/Request), Object(Closure))
#46 D:/xampp/htdocs/Laravel-Assessment/laravel-assessment/vendor/laravel/framework/src/Illuminate/Foundation/Http/Middleware/PreventRequestsDuringMaintenance.php(99): Illuminate/Pipeline/Pipeline->Illuminate/Pipeline/{closure}(Object(Illuminate/Http/Request))
#47 D:/xampp/htdocs/Laravel-Assessment/laravel-assessment/vendor/laravel/framework/src/Illuminate/Pipeline/Pipeline.php(183): Illuminate/Foundation/Http/Middleware/PreventRequestsDuringMaintenance->handle(Object(Illuminate/Http/Request), Object(Closure))
#48 D:/xampp/htdocs/Laravel-Assessment/laravel-assessment/vendor/laravel/framework/src/Illuminate/Http/Middleware/HandleCors.php(62): Illuminate/Pipeline/Pipeline->Illuminate/Pipeline/{closure}(Object(Illuminate/Http/Request))
#49 D:/xampp/htdocs/Laravel-Assessment/laravel-assessment/vendor/laravel/framework/src/Illuminate/Pipeline/Pipeline.php(183): Illuminate/Http/Middleware/HandleCors->handle(Object(Illuminate/Http/Request), Object(Closure))
#50 D:/xampp/htdocs/Laravel-Assessment/laravel-assessment/vendor/laravel/framework/src/Illuminate/Http/Middleware/TrustProxies.php(39): Illuminate/Pipeline/Pipeline->Illuminate/Pipeline/{closure}(Object(Illuminate/Http/Request))
#51 D:/xampp/htdocs/Laravel-Assessment/laravel-assessment/vendor/laravel/framework/src/Illuminate/Pipeline/Pipeline.php(183): Illuminate/Http/Middleware/TrustProxies->handle(Object(Illuminate/Http/Request), Object(Closure))
#52 D:/xampp/htdocs/Laravel-Assessment/laravel-assessment/vendor/laravel/framework/src/Illuminate/Pipeline/Pipeline.php(119): Illuminate/Pipeline/Pipeline->Illuminate/Pipeline/{closure}(Object(Illuminate/Http/Request))
#53 D:/xampp/htdocs/Laravel-Assessment/laravel-assessment/vendor/laravel/framework/src/Illuminate/Foundation/Http/Kernel.php(175): Illuminate/Pipeline/Pipeline->then(Object(Closure))
#54 D:/xampp/htdocs/Laravel-Assessment/laravel-assessment/vendor/laravel/framework/src/Illuminate/Foundation/Http/Kernel.php(144): Illuminate/Foundation/Http/Kernel->sendRequestThroughRouter(Object(Illuminate/Http/Request))
#55 D:/xampp/htdocs/Laravel-Assessment/laravel-assessment/public/index.php(52): Illuminate/Foundation/Http/Kernel->handle(Object(Illuminate/Http/Request))
#56 D:/xampp/htdocs/Laravel-Assessment/laravel-assessment/vendor/laravel/framework/src/Illuminate/Foundation/resources/server.php(16): require_once('D://xampp//htdocs...')
#57 {main}

[previous exception] [object] (PDOException(code: 42S02): SQLSTATE[42S02]: Base table or view not found: 1146 Table 'laravel-assignment.leaves' doesn't exist at D:/xampp/htdocs/Laravel-Assessment/laravel-assessment/vendor/laravel/framework/src/Illuminate/Database/Connection.php:423)
[stacktrace]
#0 D:/xampp/htdocs/Laravel-Assessment/laravel-assessment/vendor/laravel/framework/src/Illuminate/Database/Connection.php(423): PDO->prepare('select count(*)...')
#1 D:/xampp/htdocs/Laravel-Assessment/laravel-assessment/vendor/laravel/framework/src/Illuminate/Database/Connection.php(816): Illuminate/Database/Connection->Illuminate/Database/{closure}('select count(*)...', Array)
#2 D:/xampp/htdocs/Laravel-Assessment/laravel-assessment/vendor/laravel/framework/src/Illuminate/Database/Connection.php(783): Illuminate/Database/Connection->runQueryCallback('select count(*)...', Array, Object(Closure))
#3 D:/xampp/htdocs/Laravel-Assessment/laravel-assessment/vendor/laravel/framework/src/Illuminate/Database/Connection.php(431): Illuminate/Database/Connection->run('select count(*)...', Array, Object(Closure))
#4 D:/xampp/htdocs/Laravel-Assessment/laravel-assessment/vendor/laravel/framework/src/Illuminate/Database/Query/Builder.php(2914): Illuminate/Database/Connection->select('select count(*)...', Array, false)
#5 D:/xampp/htdocs/Laravel-Assessment/laravel-assessment/vendor/laravel/framework/src/Illuminate/Database/Query/Builder.php(2902): Illuminate/Database/Query/Builder->runSelect()
#6 D:/xampp/htdocs/Laravel-Assessment/laravel-assessment/vendor/laravel/framework/src/Illuminate/Database/Query/Builder.php(3456): Illuminate/Database/Query/Builder->Illuminate/Database/Query/{closure}()
#7 D:/xampp/htdocs/Laravel-Assessment/laravel-assessment/vendor/laravel/framework/src/Illuminate/Database/Query/Builder.php(2903): Illuminate/Database/Query/Builder->onceWithColumns(Array, Object(Closure))
#8 D:/xampp/htdocs/Laravel-Assessment/laravel-assessment/vendor/laravel/framework/src/Illuminate/Database/Query/Builder.php(3383): Illuminate/Database/Query/Builder->get(Array)
#9 D:/xampp/htdocs/Laravel-Assessment/laravel-assessment/vendor/laravel/framework/src/Illuminate/Database/Query/Builder.php(3311): Illuminate/Database/Query/Builder->aggregate('count', Array)
#10 D:/xampp/htdocs/Laravel-Assessment/laravel-assessment/vendor/laravel/framework/src/Illuminate/Validation/DatabasePresenceVerifier.php(54): Illuminate/Database/Query/Builder->count()
#11 D:/xampp/htdocs/Laravel-Assessment/laravel-assessment/vendor/laravel/framework/src/Illuminate/Validation/Concerns/ValidatesAttributes.php(949): Illuminate/Validation/DatabasePresenceVerifier->getCount('leaves', 'leave_name', 'Casual leae', NULL, NULL, Array)
#12 D:/xampp/htdocs/Laravel-Assessment/laravel-assessment/vendor/laravel/framework/src/Illuminate/Validation/Validator.php(660): Illuminate/Validation/Validator->validateUnique('leave_name', 'Casual leae', Array, Object(Illuminate/Validation/Validator))
#13 D:/xampp/htdocs/Laravel-Assessment/laravel-assessment/vendor/laravel/framework/src/Illuminate/Validation/Validator.php(459): Illuminate/Validation/Validator->validateAttribute('leave_name', 'Unique')
#14 D:/xampp/htdocs/Laravel-Assessment/laravel-assessment/vendor/laravel/framework/src/Illuminate/Validation/Validator.php(494): Illuminate/Validation/Validator->passes()
#15 D:/xampp/htdocs/Laravel-Assessment/laravel-assessment/vendor/laravel/framework/src/Illuminate/Validation/Validator.php(536): Illuminate/Validation/Validator->fails()
#16 D:/xampp/htdocs/Laravel-Assessment/laravel-assessment/vendor/laravel/framework/src/Illuminate/Foundation/Providers/FoundationServiceProvider.php(124): Illuminate/Validation/Validator->validate()
#17 D:/xampp/htdocs/Laravel-Assessment/laravel-assessment/vendor/laravel/framework/src/Illuminate/Macroable/Traits/Macroable.php(123): Illuminate/Http/Request->Illuminate/Foundation/Providers/{closure}(Array)
#18 D:/xampp/htdocs/Laravel-Assessment/laravel-assessment/app/Http/Controllers/leaveController.php(10): Illuminate/Http/Request->__call('validate', Array)
#19 D:/xampp/htdocs/Laravel-Assessment/laravel-assessment/vendor/laravel/framework/src/Illuminate/Routing/Controller.php(54): App/Http/Controllers/leaveController->Addleave(Object(Illuminate/Http/Request))
#20 D:/xampp/htdocs/Laravel-Assessment/laravel-assessment/vendor/laravel/framework/src/Illuminate/Routing/ControllerDispatcher.php(43): Illuminate/Routing/Controller->callAction('Addleave', Array)
#21 D:/xampp/htdocs/Laravel-Assessment/laravel-assessment/vendor/laravel/framework/src/Illuminate/Routing/Route.php(260): Illuminate/Routing/ControllerDispatcher->dispatch(Object(Illuminate/Routing/Route), Object(App/Http/Controllers/leaveController), 'Addleave')
#22 D:/xampp/htdocs/Laravel-Assessment/laravel-assessment/vendor/laravel/framework/src/Illuminate/Routing/Route.php(205): Illuminate/Routing/Route->runController()
#23 D:/xampp/htdocs/Laravel-Assessment/laravel-assessment/vendor/laravel/framework/src/Illuminate/Routing/Router.php(806): Illuminate/Routing/Route->run()
#24 D:/xampp/htdocs/Laravel-Assessment/laravel-assessment/vendor/laravel/framework/src/Illuminate/Pipeline/Pipeline.php(144): Illuminate/Routing/Router->Illuminate/Routing/{closure}(Object(Illuminate/Http/Request))
#25 D:/xampp/htdocs/Laravel-Assessment/laravel-assessment/vendor/laravel/framework/src/Illuminate/Routing/Middleware/SubstituteBindings.php(50): Illuminate/Pipeline/Pipeline->Illuminate/Pipeline/{closure}(Object(Illuminate/Http/Request))
#26 D:/xampp/htdocs/Laravel-Assessment/laravel-assessment/vendor/laravel/framework/src/Illuminate/Pipeline/Pipeline.php(183): Illuminate/Routing/Middleware/SubstituteBindings->handle(Object(Illuminate/Http/Request), Object(Closure))
#27 D:/xampp/htdocs/Laravel-Assessment/laravel-assessment/vendor/laravel/framework/src/Illuminate/Routing/Middleware/ThrottleRequests.php(159): Illuminate/Pipeline/Pipeline->Illuminate/Pipeline/{closure}(Object(Illuminate/Http/Request))
#28 D:/xampp/htdocs/Laravel-Assessment/laravel-assessment/vendor/laravel/framework/src/Illuminate/Routing/Middleware/ThrottleRequests.php(135): Illuminate/Routing/Middleware/ThrottleRequests->handleRequest(Object(Illuminate/Http/Request), Object(Closure), Array)
#29 D:/xampp/htdocs/Laravel-Assessment/laravel-assessment/vendor/laravel/framework/src/Illuminate/Routing/Middleware/ThrottleRequests.php(87): Illuminate/Routing/Middleware/ThrottleRequests->handleRequestUsingNamedLimiter(Object(Illuminate/Http/Request), Object(Closure), 'api', Object(Closure))
#30 D:/xampp/htdocs/Laravel-Assessment/laravel-assessment/vendor/laravel/framework/src/Illuminate/Pipeline/Pipeline.php(183): Illuminate/Routing/Middleware/ThrottleRequests->handle(Object(Illuminate/Http/Request), Object(Closure), 'api')
#31 D:/xampp/htdocs/Laravel-Assessment/laravel-assessment/vendor/laravel/framework/src/Illuminate/Auth/Middleware/Authenticate.php(57): Illuminate/Pipeline/Pipeline->Illuminate/Pipeline/{closure}(Object(Illuminate/Http/Request))
#32 D:/xampp/htdocs/Laravel-Assessment/laravel-assessment/vendor/laravel/framework/src/Illuminate/Pipeline/Pipeline.php(183): Illuminate/Auth/Middleware/Authenticate->handle(Object(Illuminate/Http/Request), Object(Closure), 'api')
#33 D:/xampp/htdocs/Laravel-Assessment/laravel-assessment/vendor/laravel/framework/src/Illuminate/Pipeline/Pipeline.php(119): Illuminate/Pipeline/Pipeline->Illuminate/Pipeline/{closure}(Object(Illuminate/Http/Request))
#34 D:/xampp/htdocs/Laravel-Assessment/laravel-assessment/vendor/laravel/framework/src/Illuminate/Routing/Router.php(807): Illuminate/Pipeline/Pipeline->then(Object(Closure))
#35 D:/xampp/htdocs/Laravel-Assessment/laravel-assessment/vendor/laravel/framework/src/Illuminate/Routing/Router.php(784): Illuminate/Routing/Router->runRouteWithinStack(Object(Illuminate/Routing/Route), Object(Illuminate/Http/Request))
#36 D:/xampp/htdocs/Laravel-Assessment/laravel-assessment/vendor/laravel/framework/src/Illuminate/Routing/Router.php(748): Illuminate/Routing/Router->runRoute(Object(Illuminate/Http/Request), Object(Illuminate/Routing/Route))
#37 D:/xampp/htdocs/Laravel-Assessment/laravel-assessment/vendor/laravel/framework/src/Illuminate/Routing/Router.php(737): Illuminate/Routing/Router->dispatchToRoute(Object(Illuminate/Http/Request))
#38 D:/xampp/htdocs/Laravel-Assessment/laravel-assessment/vendor/laravel/framework/src/Illuminate/Foundation/Http/Kernel.php(200): Illuminate/Routing/Router->dispatch(Object(Illuminate/Http/Request))
#39 D:/xampp/htdocs/Laravel-Assessment/laravel-assessment/vendor/laravel/framework/src/Illuminate/Pipeline/Pipeline.php(144): Illuminate/Foundation/Http/Kernel->Illuminate/Foundation/Http/{closure}(Object(Illuminate/Http/Request))
#40 D:/xampp/htdocs/Laravel-Assessment/laravel-assessment/vendor/laravel/framework/src/Illuminate/Foundation/Http/Middleware/TransformsRequest.php(21): Illuminate/Pipeline/Pipeline->Illuminate/Pipeline/{closure}(Object(Illuminate/Http/Request))
#41 D:/xampp/htdocs/Laravel-Assessment/laravel-assessment/vendor/laravel/framework/src/Illuminate/Foundation/Http/Middleware/ConvertEmptyStringsToNull.php(31): Illuminate/Foundation/Http/Middleware/TransformsRequest->handle(Object(Illuminate/Http/Request), Object(Closure))
#42 D:/xampp/htdocs/Laravel-Assessment/laravel-assessment/vendor/laravel/framework/src/Illuminate/Pipeline/Pipeline.php(183): Illuminate/Foundation/Http/Middleware/ConvertEmptyStringsToNull->handle(Object(Illuminate/Http/Request), Object(Closure))
#43 D:/xampp/htdocs/Laravel-Assessment/laravel-assessment/vendor/laravel/framework/src/Illuminate/Foundation/Http/Middleware/TransformsRequest.php(21): Illuminate/Pipeline/Pipeline->Illuminate/Pipeline/{closure}(Object(Illuminate/Http/Request))
#44 D:/xampp/htdocs/Laravel-Assessment/laravel-assessment/vendor/laravel/framework/src/Illuminate/Foundation/Http/Middleware/TrimStrings.php(40): Illuminate/Foundation/Http/Middleware/TransformsRequest->handle(Object(Illuminate/Http/Request), Object(Closure))
#45 D:/xampp/htdocs/Laravel-Assessment/laravel-assessment/vendor/laravel/framework/src/Illuminate/Pipeline/Pipeline.php(183): Illuminate/Foundation/Http/Middleware/TrimStrings->handle(Object(Illuminate/Http/Request), Object(Closure))
#46 D:/xampp/htdocs/Laravel-Assessment/laravel-assessment/vendor/laravel/framework/src/Illuminate/Foundation/Http/Middleware/ValidatePostSize.php(27): Illuminate/Pipeline/Pipeline->Illuminate/Pipeline/{closure}(Object(Illuminate/Http/Request))
#47 D:/xampp/htdocs/Laravel-Assessment/laravel-assessment/vendor/laravel/framework/src/Illuminate/Pipeline/Pipeline.php(183): Illuminate/Foundation/Http/Middleware/ValidatePostSize->handle(Object(Illuminate/Http/Request), Object(Closure))
#48 D:/xampp/htdocs/Laravel-Assessment/laravel-assessment/vendor/laravel/framework/src/Illuminate/Foundation/Http/Middleware/PreventRequestsDuringMaintenance.php(99): Illuminate/Pipeline/Pipeline->Illuminate/Pipeline/{closure}(Object(Illuminate/Http/Request))
#49 D:/xampp/htdocs/Laravel-Assessment/laravel-assessment/vendor/laravel/framework/src/Illuminate/Pipeline/Pipeline.php(183): Illuminate/Foundation/Http/Middleware/PreventRequestsDuringMaintenance->handle(Object(Illuminate/Http/Request), Object(Closure))
#50 D:/xampp/htdocs/Laravel-Assessment/laravel-assessment/vendor/laravel/framework/src/Illuminate/Http/Middleware/HandleCors.php(62): Illuminate/Pipeline/Pipeline->Illuminate/Pipeline/{closure}(Object(Illuminate/Http/Request))
#51 D:/xampp/htdocs/Laravel-Assessment/laravel-assessment/vendor/laravel/framework/src/Illuminate/Pipeline/Pipeline.php(183): Illuminate/Http/Middleware/HandleCors->handle(Object(Illuminate/Http/Request), Object(Closure))
#52 D:/xampp/htdocs/Laravel-Assessment/laravel-assessment/vendor/laravel/framework/src/Illuminate/Http/Middleware/TrustProxies.php(39): Illuminate/Pipeline/Pipeline->Illuminate/Pipeline/{closure}(Object(Illuminate/Http/Request))
#53 D:/xampp/htdocs/Laravel-Assessment/laravel-assessment/vendor/laravel/framework/src/Illuminate/Pipeline/Pipeline.php(183): Illuminate/Http/Middleware/TrustProxies->handle(Object(Illuminate/Http/Request), Object(Closure))
#54 D:/xampp/htdocs/Laravel-Assessment/laravel-assessment/vendor/laravel/framework/src/Illuminate/Pipeline/Pipeline.php(119): Illuminate/Pipeline/Pipeline->Illuminate/Pipeline/{closure}(Object(Illuminate/Http/Request))
#55 D:/xampp/htdocs/Laravel-Assessment/laravel-assessment/vendor/laravel/framework/src/Illuminate/Foundation/Http/Kernel.php(175): Illuminate/Pipeline/Pipeline->then(Object(Closure))
#56 D:/xampp/htdocs/Laravel-Assessment/laravel-assessment/vendor/laravel/framework/src/Illuminate/Foundation/Http/Kernel.php(144): Illuminate/Foundation/Http/Kernel->sendRequestThroughRouter(Object(Illuminate/Http/Request))
#57 D:/xampp/htdocs/Laravel-Assessment/laravel-assessment/public/index.php(52): Illuminate/Foundation/Http/Kernel->handle(Object(Illuminate/Http/Request))
#58 D:/xampp/htdocs/Laravel-Assessment/laravel-assessment/vendor/laravel/framework/src/Illuminate/Foundation/resources/server.php(16): require_once('D://xampp//htdocs...')
#59 {main}
"} 
[2026-07-14 05:22:19] local.ERROR: Class "illuminate\Support\Facades\DB" not found {"userId":1,"exception":"[object] (Error(code: 0): Class \"illuminate\\Support\\Facades\\DB\" not found at D:/xampp/htdocs/Laravel-Assessment/laravel-assessment/app/Http/Controllers/leaveController.php:16)
[stacktrace]
#0 D:/xampp/htdocs/Laravel-Assessment/laravel-assessment/vendor/laravel/framework/src/Illuminate/Routing/Controller.php(54): App/Http/Controllers/leaveController->Addleave(Object(Illuminate/Http/Request))
#1 D:/xampp/htdocs/Laravel-Assessment/laravel-assessment/vendor/laravel/framework/src/Illuminate/Routing/ControllerDispatcher.php(43): Illuminate/Routing/Controller->callAction('Addleave', Array)
#2 D:/xampp/htdocs/Laravel-Assessment/laravel-assessment/vendor/laravel/framework/src/Illuminate/Routing/Route.php(260): Illuminate/Routing/ControllerDispatcher->dispatch(Object(Illuminate/Routing/Route), Object(App/Http/Controllers/leaveController), 'Addleave')
#3 D:/xampp/htdocs/Laravel-Assessment/laravel-assessment/vendor/laravel/framework/src/Illuminate/Routing/Route.php(205): Illuminate/Routing/Route->runController()
#4 D:/xampp/htdocs/Laravel-Assessment/laravel-assessment/vendor/laravel/framework/src/Illuminate/Routing/Router.php(806): Illuminate/Routing/Route->run()
#5 D:/xampp/htdocs/Laravel-Assessment/laravel-assessment/vendor/laravel/framework/src/Illuminate/Pipeline/Pipeline.php(144): Illuminate/Routing/Router->Illuminate/Routing/{closure}(Object(Illuminate/Http/Request))
#6 D:/xampp/htdocs/Laravel-Assessment/laravel-assessment/vendor/laravel/framework/src/Illuminate/Routing/Middleware/SubstituteBindings.php(50): Illuminate/Pipeline/Pipeline->Illuminate/Pipeline/{closure}(Object(Illuminate/Http/Request))
#7 D:/xampp/htdocs/Laravel-Assessment/laravel-assessment/vendor/laravel/framework/src/Illuminate/Pipeline/Pipeline.php(183): Illuminate/Routing/Middleware/SubstituteBindings->handle(Object(Illuminate/Http/Request), Object(Closure))
#8 D:/xampp/htdocs/Laravel-Assessment/laravel-assessment/vendor/laravel/framework/src/Illuminate/Routing/Middleware/ThrottleRequests.php(159): Illuminate/Pipeline/Pipeline->Illuminate/Pipeline/{closure}(Object(Illuminate/Http/Request))
#9 D:/xampp/htdocs/Laravel-Assessment/laravel-assessment/vendor/laravel/framework/src/Illuminate/Routing/Middleware/ThrottleRequests.php(135): Illuminate/Routing/Middleware/ThrottleRequests->handleRequest(Object(Illuminate/Http/Request), Object(Closure), Array)
#10 D:/xampp/htdocs/Laravel-Assessment/laravel-assessment/vendor/laravel/framework/src/Illuminate/Routing/Middleware/ThrottleRequests.php(87): Illuminate/Routing/Middleware/ThrottleRequests->handleRequestUsingNamedLimiter(Object(Illuminate/Http/Request), Object(Closure), 'api', Object(Closure))
#11 D:/xampp/htdocs/Laravel-Assessment/laravel-assessment/vendor/laravel/framework/src/Illuminate/Pipeline/Pipeline.php(183): Illuminate/Routing/Middleware/ThrottleRequests->handle(Object(Illuminate/Http/Request), Object(Closure), 'api')
#12 D:/xampp/htdocs/Laravel-Assessment/laravel-assessment/vendor/laravel/framework/src/Illuminate/Auth/Middleware/Authenticate.php(57): Illuminate/Pipeline/Pipeline->Illuminate/Pipeline/{closure}(Object(Illuminate/Http/Request))
#13 D:/xampp/htdocs/Laravel-Assessment/laravel-assessment/vendor/laravel/framework/src/Illuminate/Pipeline/Pipeline.php(183): Illuminate/Auth/Middleware/Authenticate->handle(Object(Illuminate/Http/Request), Object(Closure), 'api')
#14 D:/xampp/htdocs/Laravel-Assessment/laravel-assessment/vendor/laravel/framework/src/Illuminate/Pipeline/Pipeline.php(119): Illuminate/Pipeline/Pipeline->Illuminate/Pipeline/{closure}(Object(Illuminate/Http/Request))
#15 D:/xampp/htdocs/Laravel-Assessment/laravel-assessment/vendor/laravel/framework/src/Illuminate/Routing/Router.php(807): Illuminate/Pipeline/Pipeline->then(Object(Closure))
#16 D:/xampp/htdocs/Laravel-Assessment/laravel-assessment/vendor/laravel/framework/src/Illuminate/Routing/Router.php(784): Illuminate/Routing/Router->runRouteWithinStack(Object(Illuminate/Routing/Route), Object(Illuminate/Http/Request))
#17 D:/xampp/htdocs/Laravel-Assessment/laravel-assessment/vendor/laravel/framework/src/Illuminate/Routing/Router.php(748): Illuminate/Routing/Router->runRoute(Object(Illuminate/Http/Request), Object(Illuminate/Routing/Route))
#18 D:/xampp/htdocs/Laravel-Assessment/laravel-assessment/vendor/laravel/framework/src/Illuminate/Routing/Router.php(737): Illuminate/Routing/Router->dispatchToRoute(Object(Illuminate/Http/Request))
#19 D:/xampp/htdocs/Laravel-Assessment/laravel-assessment/vendor/laravel/framework/src/Illuminate/Foundation/Http/Kernel.php(200): Illuminate/Routing/Router->dispatch(Object(Illuminate/Http/Request))
#20 D:/xampp/htdocs/Laravel-Assessment/laravel-assessment/vendor/laravel/framework/src/Illuminate/Pipeline/Pipeline.php(144): Illuminate/Foundation/Http/Kernel->Illuminate/Foundation/Http/{closure}(Object(Illuminate/Http/Request))
#21 D:/xampp/htdocs/Laravel-Assessment/laravel-assessment/vendor/laravel/framework/src/Illuminate/Foundation/Http/Middleware/TransformsRequest.php(21): Illuminate/Pipeline/Pipeline->Illuminate/Pipeline/{closure}(Object(Illuminate/Http/Request))
#22 D:/xampp/htdocs/Laravel-Assessment/laravel-assessment/vendor/laravel/framework/src/Illuminate/Foundation/Http/Middleware/ConvertEmptyStringsToNull.php(31): Illuminate/Foundation/Http/Middleware/TransformsRequest->handle(Object(Illuminate/Http/Request), Object(Closure))
#23 D:/xampp/htdocs/Laravel-Assessment/laravel-assessment/vendor/laravel/framework/src/Illuminate/Pipeline/Pipeline.php(183): Illuminate/Foundation/Http/Middleware/ConvertEmptyStringsToNull->handle(Object(Illuminate/Http/Request), Object(Closure))
#24 D:/xampp/htdocs/Laravel-Assessment/laravel-assessment/vendor/laravel/framework/src/Illuminate/Foundation/Http/Middleware/TransformsRequest.php(21): Illuminate/Pipeline/Pipeline->Illuminate/Pipeline/{closure}(Object(Illuminate/Http/Request))
#25 D:/xampp/htdocs/Laravel-Assessment/laravel-assessment/vendor/laravel/framework/src/Illuminate/Foundation/Http/Middleware/TrimStrings.php(40): Illuminate/Foundation/Http/Middleware/TransformsRequest->handle(Object(Illuminate/Http/Request), Object(Closure))
#26 D:/xampp/htdocs/Laravel-Assessment/laravel-assessment/vendor/laravel/framework/src/Illuminate/Pipeline/Pipeline.php(183): Illuminate/Foundation/Http/Middleware/TrimStrings->handle(Object(Illuminate/Http/Request), Object(Closure))
#27 D:/xampp/htdocs/Laravel-Assessment/laravel-assessment/vendor/laravel/framework/src/Illuminate/Foundation/Http/Middleware/ValidatePostSize.php(27): Illuminate/Pipeline/Pipeline->Illuminate/Pipeline/{closure}(Object(Illuminate/Http/Request))
#28 D:/xampp/htdocs/Laravel-Assessment/laravel-assessment/vendor/laravel/framework/src/Illuminate/Pipeline/Pipeline.php(183): Illuminate/Foundation/Http/Middleware/ValidatePostSize->handle(Object(Illuminate/Http/Request), Object(Closure))
#29 D:/xampp/htdocs/Laravel-Assessment/laravel-assessment/vendor/laravel/framework/src/Illuminate/Foundation/Http/Middleware/PreventRequestsDuringMaintenance.php(99): Illuminate/Pipeline/Pipeline->Illuminate/Pipeline/{closure}(Object(Illuminate/Http/Request))
#30 D:/xampp/htdocs/Laravel-Assessment/laravel-assessment/vendor/laravel/framework/src/Illuminate/Pipeline/Pipeline.php(183): Illuminate/Foundation/Http/Middleware/PreventRequestsDuringMaintenance->handle(Object(Illuminate/Http/Request), Object(Closure))
#31 D:/xampp/htdocs/Laravel-Assessment/laravel-assessment/vendor/laravel/framework/src/Illuminate/Http/Middleware/HandleCors.php(62): Illuminate/Pipeline/Pipeline->Illuminate/Pipeline/{closure}(Object(Illuminate/Http/Request))
#32 D:/xampp/htdocs/Laravel-Assessment/laravel-assessment/vendor/laravel/framework/src/Illuminate/Pipeline/Pipeline.php(183): Illuminate/Http/Middleware/HandleCors->handle(Object(Illuminate/Http/Request), Object(Closure))
#33 D:/xampp/htdocs/Laravel-Assessment/laravel-assessment/vendor/laravel/framework/src/Illuminate/Http/Middleware/TrustProxies.php(39): Illuminate/Pipeline/Pipeline->Illuminate/Pipeline/{closure}(Object(Illuminate/Http/Request))
#34 D:/xampp/htdocs/Laravel-Assessment/laravel-assessment/vendor/laravel/framework/src/Illuminate/Pipeline/Pipeline.php(183): Illuminate/Http/Middleware/TrustProxies->handle(Object(Illuminate/Http/Request), Object(Closure))
#35 D:/xampp/htdocs/Laravel-Assessment/laravel-assessment/vendor/laravel/framework/src/Illuminate/Pipeline/Pipeline.php(119): Illuminate/Pipeline/Pipeline->Illuminate/Pipeline/{closure}(Object(Illuminate/Http/Request))
#36 D:/xampp/htdocs/Laravel-Assessment/laravel-assessment/vendor/laravel/framework/src/Illuminate/Foundation/Http/Kernel.php(175): Illuminate/Pipeline/Pipeline->then(Object(Closure))
#37 D:/xampp/htdocs/Laravel-Assessment/laravel-assessment/vendor/laravel/framework/src/Illuminate/Foundation/Http/Kernel.php(144): Illuminate/Foundation/Http/Kernel->sendRequestThroughRouter(Object(Illuminate/Http/Request))
#38 D:/xampp/htdocs/Laravel-Assessment/laravel-assessment/public/index.php(52): Illuminate/Foundation/Http/Kernel->handle(Object(Illuminate/Http/Request))
#39 D:/xampp/htdocs/Laravel-Assessment/laravel-assessment/vendor/laravel/framework/src/Illuminate/Foundation/resources/server.php(16): require_once('D://xampp//htdocs...')
#40 {main}
"} 
[2026-07-14 05:27:34] local.ERROR: Route [login] not defined. {"exception":"[object] (Symfony\\Component\\Routing\\Exception\\RouteNotFoundException(code: 0): Route [login] not defined. at D:/xampp/htdocs/Laravel-Assessment/laravel-assessment/vendor/laravel/framework/src/Illuminate/Routing/UrlGenerator.php:477)
[stacktrace]
#0 D:/xampp/htdocs/Laravel-Assessment/laravel-assessment/vendor/laravel/framework/src/Illuminate/Foundation/helpers.php(811): Illuminate/Routing/UrlGenerator->route('login', Array, true)
#1 D:/xampp/htdocs/Laravel-Assessment/laravel-assessment/app/Http/Middleware/Authenticate.php(15): route('login')
#2 D:/xampp/htdocs/Laravel-Assessment/laravel-assessment/vendor/laravel/framework/src/Illuminate/Auth/Middleware/Authenticate.php(96): App/Http/Middleware/Authenticate->redirectTo(Object(Illuminate/Http/Request))
#3 D:/xampp/htdocs/Laravel-Assessment/laravel-assessment/vendor/laravel/framework/src/Illuminate/Auth/Middleware/Authenticate.php(81): Illuminate/Auth/Middleware/Authenticate->unauthenticated(Object(Illuminate/Http/Request), Array)
#4 D:/xampp/htdocs/Laravel-Assessment/laravel-assessment/vendor/laravel/framework/src/Illuminate/Auth/Middleware/Authenticate.php(55): Illuminate/Auth/Middleware/Authenticate->authenticate(Object(Illuminate/Http/Request), Array)
#5 D:/xampp/htdocs/Laravel-Assessment/laravel-assessment/vendor/laravel/framework/src/Illuminate/Pipeline/Pipeline.php(183): Illuminate/Auth/Middleware/Authenticate->handle(Object(Illuminate/Http/Request), Object(Closure), 'api')
#6 D:/xampp/htdocs/Laravel-Assessment/laravel-assessment/vendor/laravel/framework/src/Illuminate/Pipeline/Pipeline.php(119): Illuminate/Pipeline/Pipeline->Illuminate/Pipeline/{closure}(Object(Illuminate/Http/Request))
#7 D:/xampp/htdocs/Laravel-Assessment/laravel-assessment/vendor/laravel/framework/src/Illuminate/Routing/Router.php(807): Illuminate/Pipeline/Pipeline->then(Object(Closure))
#8 D:/xampp/htdocs/Laravel-Assessment/laravel-assessment/vendor/laravel/framework/src/Illuminate/Routing/Router.php(784): Illuminate/Routing/Router->runRouteWithinStack(Object(Illuminate/Routing/Route), Object(Illuminate/Http/Request))
#9 D:/xampp/htdocs/Laravel-Assessment/laravel-assessment/vendor/laravel/framework/src/Illuminate/Routing/Router.php(748): Illuminate/Routing/Router->runRoute(Object(Illuminate/Http/Request), Object(Illuminate/Routing/Route))
#10 D:/xampp/htdocs/Laravel-Assessment/laravel-assessment/vendor/laravel/framework/src/Illuminate/Routing/Router.php(737): Illuminate/Routing/Router->dispatchToRoute(Object(Illuminate/Http/Request))
#11 D:/xampp/htdocs/Laravel-Assessment/laravel-assessment/vendor/laravel/framework/src/Illuminate/Foundation/Http/Kernel.php(200): Illuminate/Routing/Router->dispatch(Object(Illuminate/Http/Request))
#12 D:/xampp/htdocs/Laravel-Assessment/laravel-assessment/vendor/laravel/framework/src/Illuminate/Pipeline/Pipeline.php(144): Illuminate/Foundation/Http/Kernel->Illuminate/Foundation/Http/{closure}(Object(Illuminate/Http/Request))
#13 D:/xampp/htdocs/Laravel-Assessment/laravel-assessment/vendor/laravel/framework/src/Illuminate/Foundation/Http/Middleware/TransformsRequest.php(21): Illuminate/Pipeline/Pipeline->Illuminate/Pipeline/{closure}(Object(Illuminate/Http/Request))
#14 D:/xampp/htdocs/Laravel-Assessment/laravel-assessment/vendor/laravel/framework/src/Illuminate/Foundation/Http/Middleware/ConvertEmptyStringsToNull.php(31): Illuminate/Foundation/Http/Middleware/TransformsRequest->handle(Object(Illuminate/Http/Request), Object(Closure))
#15 D:/xampp/htdocs/Laravel-Assessment/laravel-assessment/vendor/laravel/framework/src/Illuminate/Pipeline/Pipeline.php(183): Illuminate/Foundation/Http/Middleware/ConvertEmptyStringsToNull->handle(Object(Illuminate/Http/Request), Object(Closure))
#16 D:/xampp/htdocs/Laravel-Assessment/laravel-assessment/vendor/laravel/framework/src/Illuminate/Foundation/Http/Middleware/TransformsRequest.php(21): Illuminate/Pipeline/Pipeline->Illuminate/Pipeline/{closure}(Object(Illuminate/Http/Request))
#17 D:/xampp/htdocs/Laravel-Assessment/laravel-assessment/vendor/laravel/framework/src/Illuminate/Foundation/Http/Middleware/TrimStrings.php(40): Illuminate/Foundation/Http/Middleware/TransformsRequest->handle(Object(Illuminate/Http/Request), Object(Closure))
#18 D:/xampp/htdocs/Laravel-Assessment/laravel-assessment/vendor/laravel/framework/src/Illuminate/Pipeline/Pipeline.php(183): Illuminate/Foundation/Http/Middleware/TrimStrings->handle(Object(Illuminate/Http/Request), Object(Closure))
#19 D:/xampp/htdocs/Laravel-Assessment/laravel-assessment/vendor/laravel/framework/src/Illuminate/Foundation/Http/Middleware/ValidatePostSize.php(27): Illuminate/Pipeline/Pipeline->Illuminate/Pipeline/{closure}(Object(Illuminate/Http/Request))
#20 D:/xampp/htdocs/Laravel-Assessment/laravel-assessment/vendor/laravel/framework/src/Illuminate/Pipeline/Pipeline.php(183): Illuminate/Foundation/Http/Middleware/ValidatePostSize->handle(Object(Illuminate/Http/Request), Object(Closure))
#21 D:/xampp/htdocs/Laravel-Assessment/laravel-assessment/vendor/laravel/framework/src/Illuminate/Foundation/Http/Middleware/PreventRequestsDuringMaintenance.php(99): Illuminate/Pipeline/Pipeline->Illuminate/Pipeline/{closure}(Object(Illuminate/Http/Request))
#22 D:/xampp/htdocs/Laravel-Assessment/laravel-assessment/vendor/laravel/framework/src/Illuminate/Pipeline/Pipeline.php(183): Illuminate/Foundation/Http/Middleware/PreventRequestsDuringMaintenance->handle(Object(Illuminate/Http/Request), Object(Closure))
#23 D:/xampp/htdocs/Laravel-Assessment/laravel-assessment/vendor/laravel/framework/src/Illuminate/Http/Middleware/HandleCors.php(62): Illuminate/Pipeline/Pipeline->Illuminate/Pipeline/{closure}(Object(Illuminate/Http/Request))
#24 D:/xampp/htdocs/Laravel-Assessment/laravel-assessment/vendor/laravel/framework/src/Illuminate/Pipeline/Pipeline.php(183): Illuminate/Http/Middleware/HandleCors->handle(Object(Illuminate/Http/Request), Object(Closure))
#25 D:/xampp/htdocs/Laravel-Assessment/laravel-assessment/vendor/laravel/framework/src/Illuminate/Http/Middleware/TrustProxies.php(39): Illuminate/Pipeline/Pipeline->Illuminate/Pipeline/{closure}(Object(Illuminate/Http/Request))
#26 D:/xampp/htdocs/Laravel-Assessment/laravel-assessment/vendor/laravel/framework/src/Illuminate/Pipeline/Pipeline.php(183): Illuminate/Http/Middleware/TrustProxies->handle(Object(Illuminate/Http/Request), Object(Closure))
#27 D:/xampp/htdocs/Laravel-Assessment/laravel-assessment/vendor/laravel/framework/src/Illuminate/Pipeline/Pipeline.php(119): Illuminate/Pipeline/Pipeline->Illuminate/Pipeline/{closure}(Object(Illuminate/Http/Request))
#28 D:/xampp/htdocs/Laravel-Assessment/laravel-assessment/vendor/laravel/framework/src/Illuminate/Foundation/Http/Kernel.php(175): Illuminate/Pipeline/Pipeline->then(Object(Closure))
#29 D:/xampp/htdocs/Laravel-Assessment/laravel-assessment/vendor/laravel/framework/src/Illuminate/Foundation/Http/Kernel.php(144): Illuminate/Foundation/Http/Kernel->sendRequestThroughRouter(Object(Illuminate/Http/Request))
#30 D:/xampp/htdocs/Laravel-Assessment/laravel-assessment/public/index.php(52): Illuminate/Foundation/Http/Kernel->handle(Object(Illuminate/Http/Request))
#31 D:/xampp/htdocs/Laravel-Assessment/laravel-assessment/vendor/laravel/framework/src/Illuminate/Foundation/resources/server.php(16): require_once('D://xampp//htdocs...')
#32 {main}
"} 
[2026-07-14 05:28:11] local.ERROR: Route [login] not defined. {"exception":"[object] (Symfony\\Component\\Routing\\Exception\\RouteNotFoundException(code: 0): Route [login] not defined. at D:/xampp/htdocs/Laravel-Assessment/laravel-assessment/vendor/laravel/framework/src/Illuminate/Routing/UrlGenerator.php:477)
[stacktrace]
#0 D:/xampp/htdocs/Laravel-Assessment/laravel-assessment/vendor/laravel/framework/src/Illuminate/Foundation/helpers.php(811): Illuminate/Routing/UrlGenerator->route('login', Array, true)
#1 D:/xampp/htdocs/Laravel-Assessment/laravel-assessment/app/Http/Middleware/Authenticate.php(15): route('login')
#2 D:/xampp/htdocs/Laravel-Assessment/laravel-assessment/vendor/laravel/framework/src/Illuminate/Auth/Middleware/Authenticate.php(96): App/Http/Middleware/Authenticate->redirectTo(Object(Illuminate/Http/Request))
#3 D:/xampp/htdocs/Laravel-Assessment/laravel-assessment/vendor/laravel/framework/src/Illuminate/Auth/Middleware/Authenticate.php(81): Illuminate/Auth/Middleware/Authenticate->unauthenticated(Object(Illuminate/Http/Request), Array)
#4 D:/xampp/htdocs/Laravel-Assessment/laravel-assessment/vendor/laravel/framework/src/Illuminate/Auth/Middleware/Authenticate.php(55): Illuminate/Auth/Middleware/Authenticate->authenticate(Object(Illuminate/Http/Request), Array)
#5 D:/xampp/htdocs/Laravel-Assessment/laravel-assessment/vendor/laravel/framework/src/Illuminate/Pipeline/Pipeline.php(183): Illuminate/Auth/Middleware/Authenticate->handle(Object(Illuminate/Http/Request), Object(Closure), 'api')
#6 D:/xampp/htdocs/Laravel-Assessment/laravel-assessment/vendor/laravel/framework/src/Illuminate/Pipeline/Pipeline.php(119): Illuminate/Pipeline/Pipeline->Illuminate/Pipeline/{closure}(Object(Illuminate/Http/Request))
#7 D:/xampp/htdocs/Laravel-Assessment/laravel-assessment/vendor/laravel/framework/src/Illuminate/Routing/Router.php(807): Illuminate/Pipeline/Pipeline->then(Object(Closure))
#8 D:/xampp/htdocs/Laravel-Assessment/laravel-assessment/vendor/laravel/framework/src/Illuminate/Routing/Router.php(784): Illuminate/Routing/Router->runRouteWithinStack(Object(Illuminate/Routing/Route), Object(Illuminate/Http/Request))
#9 D:/xampp/htdocs/Laravel-Assessment/laravel-assessment/vendor/laravel/framework/src/Illuminate/Routing/Router.php(748): Illuminate/Routing/Router->runRoute(Object(Illuminate/Http/Request), Object(Illuminate/Routing/Route))
#10 D:/xampp/htdocs/Laravel-Assessment/laravel-assessment/vendor/laravel/framework/src/Illuminate/Routing/Router.php(737): Illuminate/Routing/Router->dispatchToRoute(Object(Illuminate/Http/Request))
#11 D:/xampp/htdocs/Laravel-Assessment/laravel-assessment/vendor/laravel/framework/src/Illuminate/Foundation/Http/Kernel.php(200): Illuminate/Routing/Router->dispatch(Object(Illuminate/Http/Request))
#12 D:/xampp/htdocs/Laravel-Assessment/laravel-assessment/vendor/laravel/framework/src/Illuminate/Pipeline/Pipeline.php(144): Illuminate/Foundation/Http/Kernel->Illuminate/Foundation/Http/{closure}(Object(Illuminate/Http/Request))
#13 D:/xampp/htdocs/Laravel-Assessment/laravel-assessment/vendor/laravel/framework/src/Illuminate/Foundation/Http/Middleware/TransformsRequest.php(21): Illuminate/Pipeline/Pipeline->Illuminate/Pipeline/{closure}(Object(Illuminate/Http/Request))
#14 D:/xampp/htdocs/Laravel-Assessment/laravel-assessment/vendor/laravel/framework/src/Illuminate/Foundation/Http/Middleware/ConvertEmptyStringsToNull.php(31): Illuminate/Foundation/Http/Middleware/TransformsRequest->handle(Object(Illuminate/Http/Request), Object(Closure))
#15 D:/xampp/htdocs/Laravel-Assessment/laravel-assessment/vendor/laravel/framework/src/Illuminate/Pipeline/Pipeline.php(183): Illuminate/Foundation/Http/Middleware/ConvertEmptyStringsToNull->handle(Object(Illuminate/Http/Request), Object(Closure))
#16 D:/xampp/htdocs/Laravel-Assessment/laravel-assessment/vendor/laravel/framework/src/Illuminate/Foundation/Http/Middleware/TransformsRequest.php(21): Illuminate/Pipeline/Pipeline->Illuminate/Pipeline/{closure}(Object(Illuminate/Http/Request))
#17 D:/xampp/htdocs/Laravel-Assessment/laravel-assessment/vendor/laravel/framework/src/Illuminate/Foundation/Http/Middleware/TrimStrings.php(40): Illuminate/Foundation/Http/Middleware/TransformsRequest->handle(Object(Illuminate/Http/Request), Object(Closure))
#18 D:/xampp/htdocs/Laravel-Assessment/laravel-assessment/vendor/laravel/framework/src/Illuminate/Pipeline/Pipeline.php(183): Illuminate/Foundation/Http/Middleware/TrimStrings->handle(Object(Illuminate/Http/Request), Object(Closure))
#19 D:/xampp/htdocs/Laravel-Assessment/laravel-assessment/vendor/laravel/framework/src/Illuminate/Foundation/Http/Middleware/ValidatePostSize.php(27): Illuminate/Pipeline/Pipeline->Illuminate/Pipeline/{closure}(Object(Illuminate/Http/Request))
#20 D:/xampp/htdocs/Laravel-Assessment/laravel-assessment/vendor/laravel/framework/src/Illuminate/Pipeline/Pipeline.php(183): Illuminate/Foundation/Http/Middleware/ValidatePostSize->handle(Object(Illuminate/Http/Request), Object(Closure))
#21 D:/xampp/htdocs/Laravel-Assessment/laravel-assessment/vendor/laravel/framework/src/Illuminate/Foundation/Http/Middleware/PreventRequestsDuringMaintenance.php(99): Illuminate/Pipeline/Pipeline->Illuminate/Pipeline/{closure}(Object(Illuminate/Http/Request))
#22 D:/xampp/htdocs/Laravel-Assessment/laravel-assessment/vendor/laravel/framework/src/Illuminate/Pipeline/Pipeline.php(183): Illuminate/Foundation/Http/Middleware/PreventRequestsDuringMaintenance->handle(Object(Illuminate/Http/Request), Object(Closure))
#23 D:/xampp/htdocs/Laravel-Assessment/laravel-assessment/vendor/laravel/framework/src/Illuminate/Http/Middleware/HandleCors.php(62): Illuminate/Pipeline/Pipeline->Illuminate/Pipeline/{closure}(Object(Illuminate/Http/Request))
#24 D:/xampp/htdocs/Laravel-Assessment/laravel-assessment/vendor/laravel/framework/src/Illuminate/Pipeline/Pipeline.php(183): Illuminate/Http/Middleware/HandleCors->handle(Object(Illuminate/Http/Request), Object(Closure))
#25 D:/xampp/htdocs/Laravel-Assessment/laravel-assessment/vendor/laravel/framework/src/Illuminate/Http/Middleware/TrustProxies.php(39): Illuminate/Pipeline/Pipeline->Illuminate/Pipeline/{closure}(Object(Illuminate/Http/Request))
#26 D:/xampp/htdocs/Laravel-Assessment/laravel-assessment/vendor/laravel/framework/src/Illuminate/Pipeline/Pipeline.php(183): Illuminate/Http/Middleware/TrustProxies->handle(Object(Illuminate/Http/Request), Object(Closure))
#27 D:/xampp/htdocs/Laravel-Assessment/laravel-assessment/vendor/laravel/framework/src/Illuminate/Pipeline/Pipeline.php(119): Illuminate/Pipeline/Pipeline->Illuminate/Pipeline/{closure}(Object(Illuminate/Http/Request))
#28 D:/xampp/htdocs/Laravel-Assessment/laravel-assessment/vendor/laravel/framework/src/Illuminate/Foundation/Http/Kernel.php(175): Illuminate/Pipeline/Pipeline->then(Object(Closure))
#29 D:/xampp/htdocs/Laravel-Assessment/laravel-assessment/vendor/laravel/framework/src/Illuminate/Foundation/Http/Kernel.php(144): Illuminate/Foundation/Http/Kernel->sendRequestThroughRouter(Object(Illuminate/Http/Request))
#30 D:/xampp/htdocs/Laravel-Assessment/laravel-assessment/public/index.php(52): Illuminate/Foundation/Http/Kernel->handle(Object(Illuminate/Http/Request))
#31 D:/xampp/htdocs/Laravel-Assessment/laravel-assessment/vendor/laravel/framework/src/Illuminate/Foundation/resources/server.php(16): require_once('D://xampp//htdocs...')
#32 {main}
"} 
[2026-07-14 05:35:56] local.ERROR: Undefined constant "App\Http\Controllers\leave" {"userId":1,"exception":"[object] (Error(code: 0): Undefined constant \"App\\Http\\Controllers\\leave\" at D:/xampp/htdocs/Laravel-Assessment/laravel-assessment/app/Http/Controllers/leaveController.php:44)
[stacktrace]
#0 D:/xampp/htdocs/Laravel-Assessment/laravel-assessment/vendor/laravel/framework/src/Illuminate/Routing/Controller.php(54): App/Http/Controllers/leaveController->getleaveById('2')
#1 D:/xampp/htdocs/Laravel-Assessment/laravel-assessment/vendor/laravel/framework/src/Illuminate/Routing/ControllerDispatcher.php(43): Illuminate/Routing/Controller->callAction('getleaveById', Array)
#2 D:/xampp/htdocs/Laravel-Assessment/laravel-assessment/vendor/laravel/framework/src/Illuminate/Routing/Route.php(260): Illuminate/Routing/ControllerDispatcher->dispatch(Object(Illuminate/Routing/Route), Object(App/Http/Controllers/leaveController), 'getleaveById')
#3 D:/xampp/htdocs/Laravel-Assessment/laravel-assessment/vendor/laravel/framework/src/Illuminate/Routing/Route.php(205): Illuminate/Routing/Route->runController()
#4 D:/xampp/htdocs/Laravel-Assessment/laravel-assessment/vendor/laravel/framework/src/Illuminate/Routing/Router.php(806): Illuminate/Routing/Route->run()
#5 D:/xampp/htdocs/Laravel-Assessment/laravel-assessment/vendor/laravel/framework/src/Illuminate/Pipeline/Pipeline.php(144): Illuminate/Routing/Router->Illuminate/Routing/{closure}(Object(Illuminate/Http/Request))
#6 D:/xampp/htdocs/Laravel-Assessment/laravel-assessment/vendor/laravel/framework/src/Illuminate/Routing/Middleware/SubstituteBindings.php(50): Illuminate/Pipeline/Pipeline->Illuminate/Pipeline/{closure}(Object(Illuminate/Http/Request))
#7 D:/xampp/htdocs/Laravel-Assessment/laravel-assessment/vendor/laravel/framework/src/Illuminate/Pipeline/Pipeline.php(183): Illuminate/Routing/Middleware/SubstituteBindings->handle(Object(Illuminate/Http/Request), Object(Closure))
#8 D:/xampp/htdocs/Laravel-Assessment/laravel-assessment/vendor/laravel/framework/src/Illuminate/Routing/Middleware/ThrottleRequests.php(159): Illuminate/Pipeline/Pipeline->Illuminate/Pipeline/{closure}(Object(Illuminate/Http/Request))
#9 D:/xampp/htdocs/Laravel-Assessment/laravel-assessment/vendor/laravel/framework/src/Illuminate/Routing/Middleware/ThrottleRequests.php(135): Illuminate/Routing/Middleware/ThrottleRequests->handleRequest(Object(Illuminate/Http/Request), Object(Closure), Array)
#10 D:/xampp/htdocs/Laravel-Assessment/laravel-assessment/vendor/laravel/framework/src/Illuminate/Routing/Middleware/ThrottleRequests.php(87): Illuminate/Routing/Middleware/ThrottleRequests->handleRequestUsingNamedLimiter(Object(Illuminate/Http/Request), Object(Closure), 'api', Object(Closure))
#11 D:/xampp/htdocs/Laravel-Assessment/laravel-assessment/vendor/laravel/framework/src/Illuminate/Pipeline/Pipeline.php(183): Illuminate/Routing/Middleware/ThrottleRequests->handle(Object(Illuminate/Http/Request), Object(Closure), 'api')
#12 D:/xampp/htdocs/Laravel-Assessment/laravel-assessment/vendor/laravel/framework/src/Illuminate/Auth/Middleware/Authenticate.php(57): Illuminate/Pipeline/Pipeline->Illuminate/Pipeline/{closure}(Object(Illuminate/Http/Request))
#13 D:/xampp/htdocs/Laravel-Assessment/laravel-assessment/vendor/laravel/framework/src/Illuminate/Pipeline/Pipeline.php(183): Illuminate/Auth/Middleware/Authenticate->handle(Object(Illuminate/Http/Request), Object(Closure), 'api')
#14 D:/xampp/htdocs/Laravel-Assessment/laravel-assessment/vendor/laravel/framework/src/Illuminate/Pipeline/Pipeline.php(119): Illuminate/Pipeline/Pipeline->Illuminate/Pipeline/{closure}(Object(Illuminate/Http/Request))
#15 D:/xampp/htdocs/Laravel-Assessment/laravel-assessment/vendor/laravel/framework/src/Illuminate/Routing/Router.php(807): Illuminate/Pipeline/Pipeline->then(Object(Closure))
#16 D:/xampp/htdocs/Laravel-Assessment/laravel-assessment/vendor/laravel/framework/src/Illuminate/Routing/Router.php(784): Illuminate/Routing/Router->runRouteWithinStack(Object(Illuminate/Routing/Route), Object(Illuminate/Http/Request))
#17 D:/xampp/htdocs/Laravel-Assessment/laravel-assessment/vendor/laravel/framework/src/Illuminate/Routing/Router.php(748): Illuminate/Routing/Router->runRoute(Object(Illuminate/Http/Request), Object(Illuminate/Routing/Route))
#18 D:/xampp/htdocs/Laravel-Assessment/laravel-assessment/vendor/laravel/framework/src/Illuminate/Routing/Router.php(737): Illuminate/Routing/Router->dispatchToRoute(Object(Illuminate/Http/Request))
#19 D:/xampp/htdocs/Laravel-Assessment/laravel-assessment/vendor/laravel/framework/src/Illuminate/Foundation/Http/Kernel.php(200): Illuminate/Routing/Router->dispatch(Object(Illuminate/Http/Request))
#20 D:/xampp/htdocs/Laravel-Assessment/laravel-assessment/vendor/laravel/framework/src/Illuminate/Pipeline/Pipeline.php(144): Illuminate/Foundation/Http/Kernel->Illuminate/Foundation/Http/{closure}(Object(Illuminate/Http/Request))
#21 D:/xampp/htdocs/Laravel-Assessment/laravel-assessment/vendor/laravel/framework/src/Illuminate/Foundation/Http/Middleware/TransformsRequest.php(21): Illuminate/Pipeline/Pipeline->Illuminate/Pipeline/{closure}(Object(Illuminate/Http/Request))
#22 D:/xampp/htdocs/Laravel-Assessment/laravel-assessment/vendor/laravel/framework/src/Illuminate/Foundation/Http/Middleware/ConvertEmptyStringsToNull.php(31): Illuminate/Foundation/Http/Middleware/TransformsRequest->handle(Object(Illuminate/Http/Request), Object(Closure))
#23 D:/xampp/htdocs/Laravel-Assessment/laravel-assessment/vendor/laravel/framework/src/Illuminate/Pipeline/Pipeline.php(183): Illuminate/Foundation/Http/Middleware/ConvertEmptyStringsToNull->handle(Object(Illuminate/Http/Request), Object(Closure))
#24 D:/xampp/htdocs/Laravel-Assessment/laravel-assessment/vendor/laravel/framework/src/Illuminate/Foundation/Http/Middleware/TransformsRequest.php(21): Illuminate/Pipeline/Pipeline->Illuminate/Pipeline/{closure}(Object(Illuminate/Http/Request))
#25 D:/xampp/htdocs/Laravel-Assessment/laravel-assessment/vendor/laravel/framework/src/Illuminate/Foundation/Http/Middleware/TrimStrings.php(40): Illuminate/Foundation/Http/Middleware/TransformsRequest->handle(Object(Illuminate/Http/Request), Object(Closure))
#26 D:/xampp/htdocs/Laravel-Assessment/laravel-assessment/vendor/laravel/framework/src/Illuminate/Pipeline/Pipeline.php(183): Illuminate/Foundation/Http/Middleware/TrimStrings->handle(Object(Illuminate/Http/Request), Object(Closure))
#27 D:/xampp/htdocs/Laravel-Assessment/laravel-assessment/vendor/laravel/framework/src/Illuminate/Foundation/Http/Middleware/ValidatePostSize.php(27): Illuminate/Pipeline/Pipeline->Illuminate/Pipeline/{closure}(Object(Illuminate/Http/Request))
#28 D:/xampp/htdocs/Laravel-Assessment/laravel-assessment/vendor/laravel/framework/src/Illuminate/Pipeline/Pipeline.php(183): Illuminate/Foundation/Http/Middleware/ValidatePostSize->handle(Object(Illuminate/Http/Request), Object(Closure))
#29 D:/xampp/htdocs/Laravel-Assessment/laravel-assessment/vendor/laravel/framework/src/Illuminate/Foundation/Http/Middleware/PreventRequestsDuringMaintenance.php(99): Illuminate/Pipeline/Pipeline->Illuminate/Pipeline/{closure}(Object(Illuminate/Http/Request))
#30 D:/xampp/htdocs/Laravel-Assessment/laravel-assessment/vendor/laravel/framework/src/Illuminate/Pipeline/Pipeline.php(183): Illuminate/Foundation/Http/Middleware/PreventRequestsDuringMaintenance->handle(Object(Illuminate/Http/Request), Object(Closure))
#31 D:/xampp/htdocs/Laravel-Assessment/laravel-assessment/vendor/laravel/framework/src/Illuminate/Http/Middleware/HandleCors.php(62): Illuminate/Pipeline/Pipeline->Illuminate/Pipeline/{closure}(Object(Illuminate/Http/Request))
#32 D:/xampp/htdocs/Laravel-Assessment/laravel-assessment/vendor/laravel/framework/src/Illuminate/Pipeline/Pipeline.php(183): Illuminate/Http/Middleware/HandleCors->handle(Object(Illuminate/Http/Request), Object(Closure))
#33 D:/xampp/htdocs/Laravel-Assessment/laravel-assessment/vendor/laravel/framework/src/Illuminate/Http/Middleware/TrustProxies.php(39): Illuminate/Pipeline/Pipeline->Illuminate/Pipeline/{closure}(Object(Illuminate/Http/Request))
#34 D:/xampp/htdocs/Laravel-Assessment/laravel-assessment/vendor/laravel/framework/src/Illuminate/Pipeline/Pipeline.php(183): Illuminate/Http/Middleware/TrustProxies->handle(Object(Illuminate/Http/Request), Object(Closure))
#35 D:/xampp/htdocs/Laravel-Assessment/laravel-assessment/vendor/laravel/framework/src/Illuminate/Pipeline/Pipeline.php(119): Illuminate/Pipeline/Pipeline->Illuminate/Pipeline/{closure}(Object(Illuminate/Http/Request))
#36 D:/xampp/htdocs/Laravel-Assessment/laravel-assessment/vendor/laravel/framework/src/Illuminate/Foundation/Http/Kernel.php(175): Illuminate/Pipeline/Pipeline->then(Object(Closure))
#37 D:/xampp/htdocs/Laravel-Assessment/laravel-assessment/vendor/laravel/framework/src/Illuminate/Foundation/Http/Kernel.php(144): Illuminate/Foundation/Http/Kernel->sendRequestThroughRouter(Object(Illuminate/Http/Request))
#38 D:/xampp/htdocs/Laravel-Assessment/laravel-assessment/public/index.php(52): Illuminate/Foundation/Http/Kernel->handle(Object(Illuminate/Http/Request))
#39 D:/xampp/htdocs/Laravel-Assessment/laravel-assessment/vendor/laravel/framework/src/Illuminate/Foundation/resources/server.php(16): require_once('D://xampp//htdocs...')
#40 {main}
"} 
[2026-07-14 06:02:47] local.ERROR: Undefined constant "updateleave" {"exception":"[object] (Error(code: 0): Undefined constant \"updateleave\" at D:/xampp/htdocs/Laravel-Assessment/laravel-assessment/routes/api.php:38)
[stacktrace]
#0 D:/xampp/htdocs/Laravel-Assessment/laravel-assessment/vendor/laravel/framework/src/Illuminate/Routing/Router.php(509): Illuminate/Routing/RouteFileRegistrar->{closure}(Object(Illuminate/Routing/Router))
#1 D:/xampp/htdocs/Laravel-Assessment/laravel-assessment/vendor/laravel/framework/src/Illuminate/Routing/Router.php(465): Illuminate/Routing/Router->loadRoutes(Object(Closure))
#2 D:/xampp/htdocs/Laravel-Assessment/laravel-assessment/vendor/laravel/framework/src/Illuminate/Routing/RouteRegistrar.php(194): Illuminate/Routing/Router->group(Array, Object(Closure))
#3 D:/xampp/htdocs/Laravel-Assessment/laravel-assessment/routes/api.php(46): Illuminate/Routing/RouteRegistrar->group(Object(Closure))
#4 D:/xampp/htdocs/Laravel-Assessment/laravel-assessment/vendor/laravel/framework/src/Illuminate/Routing/RouteFileRegistrar.php(35): require('D://xampp//htdocs...')
#5 D:/xampp/htdocs/Laravel-Assessment/laravel-assessment/vendor/laravel/framework/src/Illuminate/Routing/Router.php(511): Illuminate/Routing/RouteFileRegistrar->register('D://xampp//htdocs...')
#6 D:/xampp/htdocs/Laravel-Assessment/laravel-assessment/vendor/laravel/framework/src/Illuminate/Routing/Router.php(465): Illuminate/Routing/Router->loadRoutes('D://xampp//htdocs...')
#7 D:/xampp/htdocs/Laravel-Assessment/laravel-assessment/vendor/laravel/framework/src/Illuminate/Routing/RouteRegistrar.php(194): Illuminate/Routing/Router->group(Array, 'D://xampp//htdocs...')
#8 D:/xampp/htdocs/Laravel-Assessment/laravel-assessment/app/Providers/RouteServiceProvider.php(34): Illuminate/Routing/RouteRegistrar->group('D://xampp//htdocs...')
#9 D:/xampp/htdocs/Laravel-Assessment/laravel-assessment/vendor/laravel/framework/src/Illuminate/Container/BoundMethod.php(36): App/Providers/RouteServiceProvider->App/Providers/{closure}()
#10 D:/xampp/htdocs/Laravel-Assessment/laravel-assessment/vendor/laravel/framework/src/Illuminate/Container/Util.php(41): Illuminate/Container/BoundMethod::Illuminate/Container/{closure}()
#11 D:/xampp/htdocs/Laravel-Assessment/laravel-assessment/vendor/laravel/framework/src/Illuminate/Container/BoundMethod.php(81): Illuminate/Container/Util::unwrapIfClosure(Object(Closure))
#12 D:/xampp/htdocs/Laravel-Assessment/laravel-assessment/vendor/laravel/framework/src/Illuminate/Container/BoundMethod.php(37): Illuminate/Container/BoundMethod::callBoundMethod(Object(Illuminate/Foundation/Application), Object(Closure), Object(Closure))
#13 D:/xampp/htdocs/Laravel-Assessment/laravel-assessment/vendor/laravel/framework/src/Illuminate/Container/Container.php(662): Illuminate/Container/BoundMethod::call(Object(Illuminate/Foundation/Application), Object(Closure), Array, NULL)
#14 D:/xampp/htdocs/Laravel-Assessment/laravel-assessment/vendor/laravel/framework/src/Illuminate/Foundation/Support/Providers/RouteServiceProvider.php(120): Illuminate/Container/Container->call(Object(Closure))
#15 D:/xampp/htdocs/Laravel-Assessment/laravel-assessment/vendor/laravel/framework/src/Illuminate/Foundation/Support/Providers/RouteServiceProvider.php(45): Illuminate/Foundation/Support/Providers/RouteServiceProvider->loadRoutes()
#16 D:/xampp/htdocs/Laravel-Assessment/laravel-assessment/vendor/laravel/framework/src/Illuminate/Container/BoundMethod.php(36): Illuminate/Foundation/Support/Providers/RouteServiceProvider->Illuminate/Foundation/Support/Providers/{closure}()
#17 D:/xampp/htdocs/Laravel-Assessment/laravel-assessment/vendor/laravel/framework/src/Illuminate/Container/Util.php(41): Illuminate/Container/BoundMethod::Illuminate/Container/{closure}()
#18 D:/xampp/htdocs/Laravel-Assessment/laravel-assessment/vendor/laravel/framework/src/Illuminate/Container/BoundMethod.php(81): Illuminate/Container/Util::unwrapIfClosure(Object(Closure))
#19 D:/xampp/htdocs/Laravel-Assessment/laravel-assessment/vendor/laravel/framework/src/Illuminate/Container/BoundMethod.php(37): Illuminate/Container/BoundMethod::callBoundMethod(Object(Illuminate/Foundation/Application), Object(Closure), Object(Closure))
#20 D:/xampp/htdocs/Laravel-Assessment/laravel-assessment/vendor/laravel/framework/src/Illuminate/Container/Container.php(662): Illuminate/Container/BoundMethod::call(Object(Illuminate/Foundation/Application), Object(Closure), Array, NULL)
#21 D:/xampp/htdocs/Laravel-Assessment/laravel-assessment/vendor/laravel/framework/src/Illuminate/Support/ServiceProvider.php(119): Illuminate/Container/Container->call(Object(Closure))
#22 D:/xampp/htdocs/Laravel-Assessment/laravel-assessment/vendor/laravel/framework/src/Illuminate/Foundation/Application.php(1062): Illuminate/Support/ServiceProvider->callBootedCallbacks()
#23 D:/xampp/htdocs/Laravel-Assessment/laravel-assessment/vendor/laravel/framework/src/Illuminate/Foundation/Application.php(1040): Illuminate/Foundation/Application->bootProvider(Object(App/Providers/RouteServiceProvider))
#24 [internal function]: Illuminate/Foundation/Application->Illuminate/Foundation/{closure}(Object(App/Providers/RouteServiceProvider), 24)
#25 D:/xampp/htdocs/Laravel-Assessment/laravel-assessment/vendor/laravel/framework/src/Illuminate/Foundation/Application.php(1041): array_walk(Array, Object(Closure))
#26 D:/xampp/htdocs/Laravel-Assessment/laravel-assessment/vendor/laravel/framework/src/Illuminate/Foundation/Bootstrap/BootProviders.php(17): Illuminate/Foundation/Application->boot()
#27 D:/xampp/htdocs/Laravel-Assessment/laravel-assessment/vendor/laravel/framework/src/Illuminate/Foundation/Application.php(286): Illuminate/Foundation/Bootstrap/BootProviders->bootstrap(Object(Illuminate/Foundation/Application))
#28 D:/xampp/htdocs/Laravel-Assessment/laravel-assessment/vendor/laravel/framework/src/Illuminate/Foundation/Console/Kernel.php(447): Illuminate/Foundation/Application->bootstrapWith(Array)
#29 D:/xampp/htdocs/Laravel-Assessment/laravel-assessment/vendor/laravel/framework/src/Illuminate/Foundation/Console/Kernel.php(199): Illuminate/Foundation/Console/Kernel->bootstrap()
#30 D:/xampp/htdocs/Laravel-Assessment/laravel-assessment/artisan(37): Illuminate/Foundation/Console/Kernel->handle(Object(Symfony/Component/Console/Input/ArgvInput), Object(Symfony/Component/Console/Output/ConsoleOutput))
#31 {main}
"} 
[2026-07-14 06:02:48] local.ERROR: Undefined constant "updateleave" {"exception":"[object] (Error(code: 0): Undefined constant \"updateleave\" at D:/xampp/htdocs/Laravel-Assessment/laravel-assessment/routes/api.php:38)
[stacktrace]
#0 D:/xampp/htdocs/Laravel-Assessment/laravel-assessment/vendor/laravel/framework/src/Illuminate/Routing/Router.php(509): Illuminate/Routing/RouteFileRegistrar->{closure}(Object(Illuminate/Routing/Router))
#1 D:/xampp/htdocs/Laravel-Assessment/laravel-assessment/vendor/laravel/framework/src/Illuminate/Routing/Router.php(465): Illuminate/Routing/Router->loadRoutes(Object(Closure))
#2 D:/xampp/htdocs/Laravel-Assessment/laravel-assessment/vendor/laravel/framework/src/Illuminate/Routing/RouteRegistrar.php(194): Illuminate/Routing/Router->group(Array, Object(Closure))
#3 D:/xampp/htdocs/Laravel-Assessment/laravel-assessment/routes/api.php(46): Illuminate/Routing/RouteRegistrar->group(Object(Closure))
#4 D:/xampp/htdocs/Laravel-Assessment/laravel-assessment/vendor/laravel/framework/src/Illuminate/Routing/RouteFileRegistrar.php(35): require('D://xampp//htdocs...')
#5 D:/xampp/htdocs/Laravel-Assessment/laravel-assessment/vendor/laravel/framework/src/Illuminate/Routing/Router.php(511): Illuminate/Routing/RouteFileRegistrar->register('D://xampp//htdocs...')
#6 D:/xampp/htdocs/Laravel-Assessment/laravel-assessment/vendor/laravel/framework/src/Illuminate/Routing/Router.php(465): Illuminate/Routing/Router->loadRoutes('D://xampp//htdocs...')
#7 D:/xampp/htdocs/Laravel-Assessment/laravel-assessment/vendor/laravel/framework/src/Illuminate/Routing/RouteRegistrar.php(194): Illuminate/Routing/Router->group(Array, 'D://xampp//htdocs...')
#8 D:/xampp/htdocs/Laravel-Assessment/laravel-assessment/app/Providers/RouteServiceProvider.php(34): Illuminate/Routing/RouteRegistrar->group('D://xampp//htdocs...')
#9 D:/xampp/htdocs/Laravel-Assessment/laravel-assessment/vendor/laravel/framework/src/Illuminate/Container/BoundMethod.php(36): App/Providers/RouteServiceProvider->App/Providers/{closure}()
#10 D:/xampp/htdocs/Laravel-Assessment/laravel-assessment/vendor/laravel/framework/src/Illuminate/Container/Util.php(41): Illuminate/Container/BoundMethod::Illuminate/Container/{closure}()
#11 D:/xampp/htdocs/Laravel-Assessment/laravel-assessment/vendor/laravel/framework/src/Illuminate/Container/BoundMethod.php(81): Illuminate/Container/Util::unwrapIfClosure(Object(Closure))
#12 D:/xampp/htdocs/Laravel-Assessment/laravel-assessment/vendor/laravel/framework/src/Illuminate/Container/BoundMethod.php(37): Illuminate/Container/BoundMethod::callBoundMethod(Object(Illuminate/Foundation/Application), Object(Closure), Object(Closure))
#13 D:/xampp/htdocs/Laravel-Assessment/laravel-assessment/vendor/laravel/framework/src/Illuminate/Container/Container.php(662): Illuminate/Container/BoundMethod::call(Object(Illuminate/Foundation/Application), Object(Closure), Array, NULL)
#14 D:/xampp/htdocs/Laravel-Assessment/laravel-assessment/vendor/laravel/framework/src/Illuminate/Foundation/Support/Providers/RouteServiceProvider.php(120): Illuminate/Container/Container->call(Object(Closure))
#15 D:/xampp/htdocs/Laravel-Assessment/laravel-assessment/vendor/laravel/framework/src/Illuminate/Foundation/Support/Providers/RouteServiceProvider.php(45): Illuminate/Foundation/Support/Providers/RouteServiceProvider->loadRoutes()
#16 D:/xampp/htdocs/Laravel-Assessment/laravel-assessment/vendor/laravel/framework/src/Illuminate/Container/BoundMethod.php(36): Illuminate/Foundation/Support/Providers/RouteServiceProvider->Illuminate/Foundation/Support/Providers/{closure}()
#17 D:/xampp/htdocs/Laravel-Assessment/laravel-assessment/vendor/laravel/framework/src/Illuminate/Container/Util.php(41): Illuminate/Container/BoundMethod::Illuminate/Container/{closure}()
#18 D:/xampp/htdocs/Laravel-Assessment/laravel-assessment/vendor/laravel/framework/src/Illuminate/Container/BoundMethod.php(81): Illuminate/Container/Util::unwrapIfClosure(Object(Closure))
#19 D:/xampp/htdocs/Laravel-Assessment/laravel-assessment/vendor/laravel/framework/src/Illuminate/Container/BoundMethod.php(37): Illuminate/Container/BoundMethod::callBoundMethod(Object(Illuminate/Foundation/Application), Object(Closure), Object(Closure))
#20 D:/xampp/htdocs/Laravel-Assessment/laravel-assessment/vendor/laravel/framework/src/Illuminate/Container/Container.php(662): Illuminate/Container/BoundMethod::call(Object(Illuminate/Foundation/Application), Object(Closure), Array, NULL)
#21 D:/xampp/htdocs/Laravel-Assessment/laravel-assessment/vendor/laravel/framework/src/Illuminate/Support/ServiceProvider.php(119): Illuminate/Container/Container->call(Object(Closure))
#22 D:/xampp/htdocs/Laravel-Assessment/laravel-assessment/vendor/laravel/framework/src/Illuminate/Foundation/Application.php(1062): Illuminate/Support/ServiceProvider->callBootedCallbacks()
#23 D:/xampp/htdocs/Laravel-Assessment/laravel-assessment/vendor/laravel/framework/src/Illuminate/Foundation/Application.php(1040): Illuminate/Foundation/Application->bootProvider(Object(App/Providers/RouteServiceProvider))
#24 [internal function]: Illuminate/Foundation/Application->Illuminate/Foundation/{closure}(Object(App/Providers/RouteServiceProvider), 24)
#25 D:/xampp/htdocs/Laravel-Assessment/laravel-assessment/vendor/laravel/framework/src/Illuminate/Foundation/Application.php(1041): array_walk(Array, Object(Closure))
#26 D:/xampp/htdocs/Laravel-Assessment/laravel-assessment/vendor/laravel/framework/src/Illuminate/Foundation/Bootstrap/BootProviders.php(17): Illuminate/Foundation/Application->boot()
#27 D:/xampp/htdocs/Laravel-Assessment/laravel-assessment/vendor/laravel/framework/src/Illuminate/Foundation/Application.php(286): Illuminate/Foundation/Bootstrap/BootProviders->bootstrap(Object(Illuminate/Foundation/Application))
#28 D:/xampp/htdocs/Laravel-Assessment/laravel-assessment/vendor/laravel/framework/src/Illuminate/Foundation/Console/Kernel.php(447): Illuminate/Foundation/Application->bootstrapWith(Array)
#29 D:/xampp/htdocs/Laravel-Assessment/laravel-assessment/vendor/laravel/framework/src/Illuminate/Foundation/Console/Kernel.php(199): Illuminate/Foundation/Console/Kernel->bootstrap()
#30 D:/xampp/htdocs/Laravel-Assessment/laravel-assessment/artisan(37): Illuminate/Foundation/Console/Kernel->handle(Object(Symfony/Component/Console/Input/ArgvInput), Object(Symfony/Component/Console/Output/ConsoleOutput))
#31 {main}
"} 
[2026-07-14 06:02:49] local.ERROR: Undefined constant "updateleave" {"exception":"[object] (Error(code: 0): Undefined constant \"updateleave\" at D:/xampp/htdocs/Laravel-Assessment/laravel-assessment/routes/api.php:38)
[stacktrace]
#0 D:/xampp/htdocs/Laravel-Assessment/laravel-assessment/vendor/laravel/framework/src/Illuminate/Routing/Router.php(509): Illuminate/Routing/RouteFileRegistrar->{closure}(Object(Illuminate/Routing/Router))
#1 D:/xampp/htdocs/Laravel-Assessment/laravel-assessment/vendor/laravel/framework/src/Illuminate/Routing/Router.php(465): Illuminate/Routing/Router->loadRoutes(Object(Closure))
#2 D:/xampp/htdocs/Laravel-Assessment/laravel-assessment/vendor/laravel/framework/src/Illuminate/Routing/RouteRegistrar.php(194): Illuminate/Routing/Router->group(Array, Object(Closure))
#3 D:/xampp/htdocs/Laravel-Assessment/laravel-assessment/routes/api.php(46): Illuminate/Routing/RouteRegistrar->group(Object(Closure))
#4 D:/xampp/htdocs/Laravel-Assessment/laravel-assessment/vendor/laravel/framework/src/Illuminate/Routing/RouteFileRegistrar.php(35): require('D://xampp//htdocs...')
#5 D:/xampp/htdocs/Laravel-Assessment/laravel-assessment/vendor/laravel/framework/src/Illuminate/Routing/Router.php(511): Illuminate/Routing/RouteFileRegistrar->register('D://xampp//htdocs...')
#6 D:/xampp/htdocs/Laravel-Assessment/laravel-assessment/vendor/laravel/framework/src/Illuminate/Routing/Router.php(465): Illuminate/Routing/Router->loadRoutes('D://xampp//htdocs...')
#7 D:/xampp/htdocs/Laravel-Assessment/laravel-assessment/vendor/laravel/framework/src/Illuminate/Routing/RouteRegistrar.php(194): Illuminate/Routing/Router->group(Array, 'D://xampp//htdocs...')
#8 D:/xampp/htdocs/Laravel-Assessment/laravel-assessment/app/Providers/RouteServiceProvider.php(34): Illuminate/Routing/RouteRegistrar->group('D://xampp//htdocs...')
#9 D:/xampp/htdocs/Laravel-Assessment/laravel-assessment/vendor/laravel/framework/src/Illuminate/Container/BoundMethod.php(36): App/Providers/RouteServiceProvider->App/Providers/{closure}()
#10 D:/xampp/htdocs/Laravel-Assessment/laravel-assessment/vendor/laravel/framework/src/Illuminate/Container/Util.php(41): Illuminate/Container/BoundMethod::Illuminate/Container/{closure}()
#11 D:/xampp/htdocs/Laravel-Assessment/laravel-assessment/vendor/laravel/framework/src/Illuminate/Container/BoundMethod.php(81): Illuminate/Container/Util::unwrapIfClosure(Object(Closure))
#12 D:/xampp/htdocs/Laravel-Assessment/laravel-assessment/vendor/laravel/framework/src/Illuminate/Container/BoundMethod.php(37): Illuminate/Container/BoundMethod::callBoundMethod(Object(Illuminate/Foundation/Application), Object(Closure), Object(Closure))
#13 D:/xampp/htdocs/Laravel-Assessment/laravel-assessment/vendor/laravel/framework/src/Illuminate/Container/Container.php(662): Illuminate/Container/BoundMethod::call(Object(Illuminate/Foundation/Application), Object(Closure), Array, NULL)
#14 D:/xampp/htdocs/Laravel-Assessment/laravel-assessment/vendor/laravel/framework/src/Illuminate/Foundation/Support/Providers/RouteServiceProvider.php(120): Illuminate/Container/Container->call(Object(Closure))
#15 D:/xampp/htdocs/Laravel-Assessment/laravel-assessment/vendor/laravel/framework/src/Illuminate/Foundation/Support/Providers/RouteServiceProvider.php(45): Illuminate/Foundation/Support/Providers/RouteServiceProvider->loadRoutes()
#16 D:/xampp/htdocs/Laravel-Assessment/laravel-assessment/vendor/laravel/framework/src/Illuminate/Container/BoundMethod.php(36): Illuminate/Foundation/Support/Providers/RouteServiceProvider->Illuminate/Foundation/Support/Providers/{closure}()
#17 D:/xampp/htdocs/Laravel-Assessment/laravel-assessment/vendor/laravel/framework/src/Illuminate/Container/Util.php(41): Illuminate/Container/BoundMethod::Illuminate/Container/{closure}()
#18 D:/xampp/htdocs/Laravel-Assessment/laravel-assessment/vendor/laravel/framework/src/Illuminate/Container/BoundMethod.php(81): Illuminate/Container/Util::unwrapIfClosure(Object(Closure))
#19 D:/xampp/htdocs/Laravel-Assessment/laravel-assessment/vendor/laravel/framework/src/Illuminate/Container/BoundMethod.php(37): Illuminate/Container/BoundMethod::callBoundMethod(Object(Illuminate/Foundation/Application), Object(Closure), Object(Closure))
#20 D:/xampp/htdocs/Laravel-Assessment/laravel-assessment/vendor/laravel/framework/src/Illuminate/Container/Container.php(662): Illuminate/Container/BoundMethod::call(Object(Illuminate/Foundation/Application), Object(Closure), Array, NULL)
#21 D:/xampp/htdocs/Laravel-Assessment/laravel-assessment/vendor/laravel/framework/src/Illuminate/Support/ServiceProvider.php(119): Illuminate/Container/Container->call(Object(Closure))
#22 D:/xampp/htdocs/Laravel-Assessment/laravel-assessment/vendor/laravel/framework/src/Illuminate/Foundation/Application.php(1062): Illuminate/Support/ServiceProvider->callBootedCallbacks()
#23 D:/xampp/htdocs/Laravel-Assessment/laravel-assessment/vendor/laravel/framework/src/Illuminate/Foundation/Application.php(1040): Illuminate/Foundation/Application->bootProvider(Object(App/Providers/RouteServiceProvider))
#24 [internal function]: Illuminate/Foundation/Application->Illuminate/Foundation/{closure}(Object(App/Providers/RouteServiceProvider), 24)
#25 D:/xampp/htdocs/Laravel-Assessment/laravel-assessment/vendor/laravel/framework/src/Illuminate/Foundation/Application.php(1041): array_walk(Array, Object(Closure))
#26 D:/xampp/htdocs/Laravel-Assessment/laravel-assessment/vendor/laravel/framework/src/Illuminate/Foundation/Bootstrap/BootProviders.php(17): Illuminate/Foundation/Application->boot()
#27 D:/xampp/htdocs/Laravel-Assessment/laravel-assessment/vendor/laravel/framework/src/Illuminate/Foundation/Application.php(286): Illuminate/Foundation/Bootstrap/BootProviders->bootstrap(Object(Illuminate/Foundation/Application))
#28 D:/xampp/htdocs/Laravel-Assessment/laravel-assessment/vendor/laravel/framework/src/Illuminate/Foundation/Console/Kernel.php(447): Illuminate/Foundation/Application->bootstrapWith(Array)
#29 D:/xampp/htdocs/Laravel-Assessment/laravel-assessment/vendor/laravel/framework/src/Illuminate/Foundation/Console/Kernel.php(199): Illuminate/Foundation/Console/Kernel->bootstrap()
#30 D:/xampp/htdocs/Laravel-Assessment/laravel-assessment/artisan(37): Illuminate/Foundation/Console/Kernel->handle(Object(Symfony/Component/Console/Input/ArgvInput), Object(Symfony/Component/Console/Output/ConsoleOutput))
#31 {main}
"} 
[2026-07-14 06:02:50] local.ERROR: Undefined constant "updateleave" {"exception":"[object] (Error(code: 0): Undefined constant \"updateleave\" at D:/xampp/htdocs/Laravel-Assessment/laravel-assessment/routes/api.php:38)
[stacktrace]
#0 D:/xampp/htdocs/Laravel-Assessment/laravel-assessment/vendor/laravel/framework/src/Illuminate/Routing/Router.php(509): Illuminate/Routing/RouteFileRegistrar->{closure}(Object(Illuminate/Routing/Router))
#1 D:/xampp/htdocs/Laravel-Assessment/laravel-assessment/vendor/laravel/framework/src/Illuminate/Routing/Router.php(465): Illuminate/Routing/Router->loadRoutes(Object(Closure))
#2 D:/xampp/htdocs/Laravel-Assessment/laravel-assessment/vendor/laravel/framework/src/Illuminate/Routing/RouteRegistrar.php(194): Illuminate/Routing/Router->group(Array, Object(Closure))
#3 D:/xampp/htdocs/Laravel-Assessment/laravel-assessment/routes/api.php(46): Illuminate/Routing/RouteRegistrar->group(Object(Closure))
#4 D:/xampp/htdocs/Laravel-Assessment/laravel-assessment/vendor/laravel/framework/src/Illuminate/Routing/RouteFileRegistrar.php(35): require('D://xampp//htdocs...')
#5 D:/xampp/htdocs/Laravel-Assessment/laravel-assessment/vendor/laravel/framework/src/Illuminate/Routing/Router.php(511): Illuminate/Routing/RouteFileRegistrar->register('D://xampp//htdocs...')
#6 D:/xampp/htdocs/Laravel-Assessment/laravel-assessment/vendor/laravel/framework/src/Illuminate/Routing/Router.php(465): Illuminate/Routing/Router->loadRoutes('D://xampp//htdocs...')
#7 D:/xampp/htdocs/Laravel-Assessment/laravel-assessment/vendor/laravel/framework/src/Illuminate/Routing/RouteRegistrar.php(194): Illuminate/Routing/Router->group(Array, 'D://xampp//htdocs...')
#8 D:/xampp/htdocs/Laravel-Assessment/laravel-assessment/app/Providers/RouteServiceProvider.php(34): Illuminate/Routing/RouteRegistrar->group('D://xampp//htdocs...')
#9 D:/xampp/htdocs/Laravel-Assessment/laravel-assessment/vendor/laravel/framework/src/Illuminate/Container/BoundMethod.php(36): App/Providers/RouteServiceProvider->App/Providers/{closure}()
#10 D:/xampp/htdocs/Laravel-Assessment/laravel-assessment/vendor/laravel/framework/src/Illuminate/Container/Util.php(41): Illuminate/Container/BoundMethod::Illuminate/Container/{closure}()
#11 D:/xampp/htdocs/Laravel-Assessment/laravel-assessment/vendor/laravel/framework/src/Illuminate/Container/BoundMethod.php(81): Illuminate/Container/Util::unwrapIfClosure(Object(Closure))
#12 D:/xampp/htdocs/Laravel-Assessment/laravel-assessment/vendor/laravel/framework/src/Illuminate/Container/BoundMethod.php(37): Illuminate/Container/BoundMethod::callBoundMethod(Object(Illuminate/Foundation/Application), Object(Closure), Object(Closure))
#13 D:/xampp/htdocs/Laravel-Assessment/laravel-assessment/vendor/laravel/framework/src/Illuminate/Container/Container.php(662): Illuminate/Container/BoundMethod::call(Object(Illuminate/Foundation/Application), Object(Closure), Array, NULL)
#14 D:/xampp/htdocs/Laravel-Assessment/laravel-assessment/vendor/laravel/framework/src/Illuminate/Foundation/Support/Providers/RouteServiceProvider.php(120): Illuminate/Container/Container->call(Object(Closure))
#15 D:/xampp/htdocs/Laravel-Assessment/laravel-assessment/vendor/laravel/framework/src/Illuminate/Foundation/Support/Providers/RouteServiceProvider.php(45): Illuminate/Foundation/Support/Providers/RouteServiceProvider->loadRoutes()
#16 D:/xampp/htdocs/Laravel-Assessment/laravel-assessment/vendor/laravel/framework/src/Illuminate/Container/BoundMethod.php(36): Illuminate/Foundation/Support/Providers/RouteServiceProvider->Illuminate/Foundation/Support/Providers/{closure}()
#17 D:/xampp/htdocs/Laravel-Assessment/laravel-assessment/vendor/laravel/framework/src/Illuminate/Container/Util.php(41): Illuminate/Container/BoundMethod::Illuminate/Container/{closure}()
#18 D:/xampp/htdocs/Laravel-Assessment/laravel-assessment/vendor/laravel/framework/src/Illuminate/Container/BoundMethod.php(81): Illuminate/Container/Util::unwrapIfClosure(Object(Closure))
#19 D:/xampp/htdocs/Laravel-Assessment/laravel-assessment/vendor/laravel/framework/src/Illuminate/Container/BoundMethod.php(37): Illuminate/Container/BoundMethod::callBoundMethod(Object(Illuminate/Foundation/Application), Object(Closure), Object(Closure))
#20 D:/xampp/htdocs/Laravel-Assessment/laravel-assessment/vendor/laravel/framework/src/Illuminate/Container/Container.php(662): Illuminate/Container/BoundMethod::call(Object(Illuminate/Foundation/Application), Object(Closure), Array, NULL)
#21 D:/xampp/htdocs/Laravel-Assessment/laravel-assessment/vendor/laravel/framework/src/Illuminate/Support/ServiceProvider.php(119): Illuminate/Container/Container->call(Object(Closure))
#22 D:/xampp/htdocs/Laravel-Assessment/laravel-assessment/vendor/laravel/framework/src/Illuminate/Foundation/Application.php(1062): Illuminate/Support/ServiceProvider->callBootedCallbacks()
#23 D:/xampp/htdocs/Laravel-Assessment/laravel-assessment/vendor/laravel/framework/src/Illuminate/Foundation/Application.php(1040): Illuminate/Foundation/Application->bootProvider(Object(App/Providers/RouteServiceProvider))
#24 [internal function]: Illuminate/Foundation/Application->Illuminate/Foundation/{closure}(Object(App/Providers/RouteServiceProvider), 24)
#25 D:/xampp/htdocs/Laravel-Assessment/laravel-assessment/vendor/laravel/framework/src/Illuminate/Foundation/Application.php(1041): array_walk(Array, Object(Closure))
#26 D:/xampp/htdocs/Laravel-Assessment/laravel-assessment/vendor/laravel/framework/src/Illuminate/Foundation/Bootstrap/BootProviders.php(17): Illuminate/Foundation/Application->boot()
#27 D:/xampp/htdocs/Laravel-Assessment/laravel-assessment/vendor/laravel/framework/src/Illuminate/Foundation/Application.php(286): Illuminate/Foundation/Bootstrap/BootProviders->bootstrap(Object(Illuminate/Foundation/Application))
#28 D:/xampp/htdocs/Laravel-Assessment/laravel-assessment/vendor/laravel/framework/src/Illuminate/Foundation/Console/Kernel.php(447): Illuminate/Foundation/Application->bootstrapWith(Array)
#29 D:/xampp/htdocs/Laravel-Assessment/laravel-assessment/vendor/laravel/framework/src/Illuminate/Foundation/Console/Kernel.php(199): Illuminate/Foundation/Console/Kernel->bootstrap()
#30 D:/xampp/htdocs/Laravel-Assessment/laravel-assessment/artisan(37): Illuminate/Foundation/Console/Kernel->handle(Object(Symfony/Component/Console/Input/ArgvInput), Object(Symfony/Component/Console/Output/ConsoleOutput))
#31 {main}
"} 
[2026-07-14 06:02:51] local.ERROR: Undefined constant "updateleave" {"exception":"[object] (Error(code: 0): Undefined constant \"updateleave\" at D:/xampp/htdocs/Laravel-Assessment/laravel-assessment/routes/api.php:38)
[stacktrace]
#0 D:/xampp/htdocs/Laravel-Assessment/laravel-assessment/vendor/laravel/framework/src/Illuminate/Routing/Router.php(509): Illuminate/Routing/RouteFileRegistrar->{closure}(Object(Illuminate/Routing/Router))
#1 D:/xampp/htdocs/Laravel-Assessment/laravel-assessment/vendor/laravel/framework/src/Illuminate/Routing/Router.php(465): Illuminate/Routing/Router->loadRoutes(Object(Closure))
#2 D:/xampp/htdocs/Laravel-Assessment/laravel-assessment/vendor/laravel/framework/src/Illuminate/Routing/RouteRegistrar.php(194): Illuminate/Routing/Router->group(Array, Object(Closure))
#3 D:/xampp/htdocs/Laravel-Assessment/laravel-assessment/routes/api.php(46): Illuminate/Routing/RouteRegistrar->group(Object(Closure))
#4 D:/xampp/htdocs/Laravel-Assessment/laravel-assessment/vendor/laravel/framework/src/Illuminate/Routing/RouteFileRegistrar.php(35): require('D://xampp//htdocs...')
#5 D:/xampp/htdocs/Laravel-Assessment/laravel-assessment/vendor/laravel/framework/src/Illuminate/Routing/Router.php(511): Illuminate/Routing/RouteFileRegistrar->register('D://xampp//htdocs...')
#6 D:/xampp/htdocs/Laravel-Assessment/laravel-assessment/vendor/laravel/framework/src/Illuminate/Routing/Router.php(465): Illuminate/Routing/Router->loadRoutes('D://xampp//htdocs...')
#7 D:/xampp/htdocs/Laravel-Assessment/laravel-assessment/vendor/laravel/framework/src/Illuminate/Routing/RouteRegistrar.php(194): Illuminate/Routing/Router->group(Array, 'D://xampp//htdocs...')
#8 D:/xampp/htdocs/Laravel-Assessment/laravel-assessment/app/Providers/RouteServiceProvider.php(34): Illuminate/Routing/RouteRegistrar->group('D://xampp//htdocs...')
#9 D:/xampp/htdocs/Laravel-Assessment/laravel-assessment/vendor/laravel/framework/src/Illuminate/Container/BoundMethod.php(36): App/Providers/RouteServiceProvider->App/Providers/{closure}()
#10 D:/xampp/htdocs/Laravel-Assessment/laravel-assessment/vendor/laravel/framework/src/Illuminate/Container/Util.php(41): Illuminate/Container/BoundMethod::Illuminate/Container/{closure}()
#11 D:/xampp/htdocs/Laravel-Assessment/laravel-assessment/vendor/laravel/framework/src/Illuminate/Container/BoundMethod.php(81): Illuminate/Container/Util::unwrapIfClosure(Object(Closure))
#12 D:/xampp/htdocs/Laravel-Assessment/laravel-assessment/vendor/laravel/framework/src/Illuminate/Container/BoundMethod.php(37): Illuminate/Container/BoundMethod::callBoundMethod(Object(Illuminate/Foundation/Application), Object(Closure), Object(Closure))
#13 D:/xampp/htdocs/Laravel-Assessment/laravel-assessment/vendor/laravel/framework/src/Illuminate/Container/Container.php(662): Illuminate/Container/BoundMethod::call(Object(Illuminate/Foundation/Application), Object(Closure), Array, NULL)
#14 D:/xampp/htdocs/Laravel-Assessment/laravel-assessment/vendor/laravel/framework/src/Illuminate/Foundation/Support/Providers/RouteServiceProvider.php(120): Illuminate/Container/Container->call(Object(Closure))
#15 D:/xampp/htdocs/Laravel-Assessment/laravel-assessment/vendor/laravel/framework/src/Illuminate/Foundation/Support/Providers/RouteServiceProvider.php(45): Illuminate/Foundation/Support/Providers/RouteServiceProvider->loadRoutes()
#16 D:/xampp/htdocs/Laravel-Assessment/laravel-assessment/vendor/laravel/framework/src/Illuminate/Container/BoundMethod.php(36): Illuminate/Foundation/Support/Providers/RouteServiceProvider->Illuminate/Foundation/Support/Providers/{closure}()
#17 D:/xampp/htdocs/Laravel-Assessment/laravel-assessment/vendor/laravel/framework/src/Illuminate/Container/Util.php(41): Illuminate/Container/BoundMethod::Illuminate/Container/{closure}()
#18 D:/xampp/htdocs/Laravel-Assessment/laravel-assessment/vendor/laravel/framework/src/Illuminate/Container/BoundMethod.php(81): Illuminate/Container/Util::unwrapIfClosure(Object(Closure))
#19 D:/xampp/htdocs/Laravel-Assessment/laravel-assessment/vendor/laravel/framework/src/Illuminate/Container/BoundMethod.php(37): Illuminate/Container/BoundMethod::callBoundMethod(Object(Illuminate/Foundation/Application), Object(Closure), Object(Closure))
#20 D:/xampp/htdocs/Laravel-Assessment/laravel-assessment/vendor/laravel/framework/src/Illuminate/Container/Container.php(662): Illuminate/Container/BoundMethod::call(Object(Illuminate/Foundation/Application), Object(Closure), Array, NULL)
#21 D:/xampp/htdocs/Laravel-Assessment/laravel-assessment/vendor/laravel/framework/src/Illuminate/Support/ServiceProvider.php(119): Illuminate/Container/Container->call(Object(Closure))
#22 D:/xampp/htdocs/Laravel-Assessment/laravel-assessment/vendor/laravel/framework/src/Illuminate/Foundation/Application.php(1062): Illuminate/Support/ServiceProvider->callBootedCallbacks()
#23 D:/xampp/htdocs/Laravel-Assessment/laravel-assessment/vendor/laravel/framework/src/Illuminate/Foundation/Application.php(1040): Illuminate/Foundation/Application->bootProvider(Object(App/Providers/RouteServiceProvider))
#24 [internal function]: Illuminate/Foundation/Application->Illuminate/Foundation/{closure}(Object(App/Providers/RouteServiceProvider), 24)
#25 D:/xampp/htdocs/Laravel-Assessment/laravel-assessment/vendor/laravel/framework/src/Illuminate/Foundation/Application.php(1041): array_walk(Array, Object(Closure))
#26 D:/xampp/htdocs/Laravel-Assessment/laravel-assessment/vendor/laravel/framework/src/Illuminate/Foundation/Bootstrap/BootProviders.php(17): Illuminate/Foundation/Application->boot()
#27 D:/xampp/htdocs/Laravel-Assessment/laravel-assessment/vendor/laravel/framework/src/Illuminate/Foundation/Application.php(286): Illuminate/Foundation/Bootstrap/BootProviders->bootstrap(Object(Illuminate/Foundation/Application))
#28 D:/xampp/htdocs/Laravel-Assessment/laravel-assessment/vendor/laravel/framework/src/Illuminate/Foundation/Console/Kernel.php(447): Illuminate/Foundation/Application->bootstrapWith(Array)
#29 D:/xampp/htdocs/Laravel-Assessment/laravel-assessment/vendor/laravel/framework/src/Illuminate/Foundation/Console/Kernel.php(199): Illuminate/Foundation/Console/Kernel->bootstrap()
#30 D:/xampp/htdocs/Laravel-Assessment/laravel-assessment/artisan(37): Illuminate/Foundation/Console/Kernel->handle(Object(Symfony/Component/Console/Input/ArgvInput), Object(Symfony/Component/Console/Output/ConsoleOutput))
#31 {main}
"} 
[2026-07-14 06:05:35] local.ERROR: Undefined constant "updateleave" {"exception":"[object] (Error(code: 0): Undefined constant \"updateleave\" at D:/xampp/htdocs/Laravel-Assessment/laravel-assessment/routes/api.php:38)
[stacktrace]
#0 D:/xampp/htdocs/Laravel-Assessment/laravel-assessment/vendor/laravel/framework/src/Illuminate/Routing/Router.php(509): Illuminate/Routing/RouteFileRegistrar->{closure}(Object(Illuminate/Routing/Router))
#1 D:/xampp/htdocs/Laravel-Assessment/laravel-assessment/vendor/laravel/framework/src/Illuminate/Routing/Router.php(465): Illuminate/Routing/Router->loadRoutes(Object(Closure))
#2 D:/xampp/htdocs/Laravel-Assessment/laravel-assessment/vendor/laravel/framework/src/Illuminate/Routing/RouteRegistrar.php(194): Illuminate/Routing/Router->group(Array, Object(Closure))
#3 D:/xampp/htdocs/Laravel-Assessment/laravel-assessment/routes/api.php(46): Illuminate/Routing/RouteRegistrar->group(Object(Closure))
#4 D:/xampp/htdocs/Laravel-Assessment/laravel-assessment/vendor/laravel/framework/src/Illuminate/Routing/RouteFileRegistrar.php(35): require('D://xampp//htdocs...')
#5 D:/xampp/htdocs/Laravel-Assessment/laravel-assessment/vendor/laravel/framework/src/Illuminate/Routing/Router.php(511): Illuminate/Routing/RouteFileRegistrar->register('D://xampp//htdocs...')
#6 D:/xampp/htdocs/Laravel-Assessment/laravel-assessment/vendor/laravel/framework/src/Illuminate/Routing/Router.php(465): Illuminate/Routing/Router->loadRoutes('D://xampp//htdocs...')
#7 D:/xampp/htdocs/Laravel-Assessment/laravel-assessment/vendor/laravel/framework/src/Illuminate/Routing/RouteRegistrar.php(194): Illuminate/Routing/Router->group(Array, 'D://xampp//htdocs...')
#8 D:/xampp/htdocs/Laravel-Assessment/laravel-assessment/app/Providers/RouteServiceProvider.php(34): Illuminate/Routing/RouteRegistrar->group('D://xampp//htdocs...')
#9 D:/xampp/htdocs/Laravel-Assessment/laravel-assessment/vendor/laravel/framework/src/Illuminate/Container/BoundMethod.php(36): App/Providers/RouteServiceProvider->App/Providers/{closure}()
#10 D:/xampp/htdocs/Laravel-Assessment/laravel-assessment/vendor/laravel/framework/src/Illuminate/Container/Util.php(41): Illuminate/Container/BoundMethod::Illuminate/Container/{closure}()
#11 D:/xampp/htdocs/Laravel-Assessment/laravel-assessment/vendor/laravel/framework/src/Illuminate/Container/BoundMethod.php(81): Illuminate/Container/Util::unwrapIfClosure(Object(Closure))
#12 D:/xampp/htdocs/Laravel-Assessment/laravel-assessment/vendor/laravel/framework/src/Illuminate/Container/BoundMethod.php(37): Illuminate/Container/BoundMethod::callBoundMethod(Object(Illuminate/Foundation/Application), Object(Closure), Object(Closure))
#13 D:/xampp/htdocs/Laravel-Assessment/laravel-assessment/vendor/laravel/framework/src/Illuminate/Container/Container.php(662): Illuminate/Container/BoundMethod::call(Object(Illuminate/Foundation/Application), Object(Closure), Array, NULL)
#14 D:/xampp/htdocs/Laravel-Assessment/laravel-assessment/vendor/laravel/framework/src/Illuminate/Foundation/Support/Providers/RouteServiceProvider.php(120): Illuminate/Container/Container->call(Object(Closure))
#15 D:/xampp/htdocs/Laravel-Assessment/laravel-assessment/vendor/laravel/framework/src/Illuminate/Foundation/Support/Providers/RouteServiceProvider.php(45): Illuminate/Foundation/Support/Providers/RouteServiceProvider->loadRoutes()
#16 D:/xampp/htdocs/Laravel-Assessment/laravel-assessment/vendor/laravel/framework/src/Illuminate/Container/BoundMethod.php(36): Illuminate/Foundation/Support/Providers/RouteServiceProvider->Illuminate/Foundation/Support/Providers/{closure}()
#17 D:/xampp/htdocs/Laravel-Assessment/laravel-assessment/vendor/laravel/framework/src/Illuminate/Container/Util.php(41): Illuminate/Container/BoundMethod::Illuminate/Container/{closure}()
#18 D:/xampp/htdocs/Laravel-Assessment/laravel-assessment/vendor/laravel/framework/src/Illuminate/Container/BoundMethod.php(81): Illuminate/Container/Util::unwrapIfClosure(Object(Closure))
#19 D:/xampp/htdocs/Laravel-Assessment/laravel-assessment/vendor/laravel/framework/src/Illuminate/Container/BoundMethod.php(37): Illuminate/Container/BoundMethod::callBoundMethod(Object(Illuminate/Foundation/Application), Object(Closure), Object(Closure))
#20 D:/xampp/htdocs/Laravel-Assessment/laravel-assessment/vendor/laravel/framework/src/Illuminate/Container/Container.php(662): Illuminate/Container/BoundMethod::call(Object(Illuminate/Foundation/Application), Object(Closure), Array, NULL)
#21 D:/xampp/htdocs/Laravel-Assessment/laravel-assessment/vendor/laravel/framework/src/Illuminate/Support/ServiceProvider.php(119): Illuminate/Container/Container->call(Object(Closure))
#22 D:/xampp/htdocs/Laravel-Assessment/laravel-assessment/vendor/laravel/framework/src/Illuminate/Foundation/Application.php(1062): Illuminate/Support/ServiceProvider->callBootedCallbacks()
#23 D:/xampp/htdocs/Laravel-Assessment/laravel-assessment/vendor/laravel/framework/src/Illuminate/Foundation/Application.php(1040): Illuminate/Foundation/Application->bootProvider(Object(App/Providers/RouteServiceProvider))
#24 [internal function]: Illuminate/Foundation/Application->Illuminate/Foundation/{closure}(Object(App/Providers/RouteServiceProvider), 24)
#25 D:/xampp/htdocs/Laravel-Assessment/laravel-assessment/vendor/laravel/framework/src/Illuminate/Foundation/Application.php(1041): array_walk(Array, Object(Closure))
#26 D:/xampp/htdocs/Laravel-Assessment/laravel-assessment/vendor/laravel/framework/src/Illuminate/Foundation/Bootstrap/BootProviders.php(17): Illuminate/Foundation/Application->boot()
#27 D:/xampp/htdocs/Laravel-Assessment/laravel-assessment/vendor/laravel/framework/src/Illuminate/Foundation/Application.php(286): Illuminate/Foundation/Bootstrap/BootProviders->bootstrap(Object(Illuminate/Foundation/Application))
#28 D:/xampp/htdocs/Laravel-Assessment/laravel-assessment/vendor/laravel/framework/src/Illuminate/Foundation/Http/Kernel.php(186): Illuminate/Foundation/Application->bootstrapWith(Array)
#29 D:/xampp/htdocs/Laravel-Assessment/laravel-assessment/vendor/laravel/framework/src/Illuminate/Foundation/Http/Kernel.php(170): Illuminate/Foundation/Http/Kernel->bootstrap()
#30 D:/xampp/htdocs/Laravel-Assessment/laravel-assessment/vendor/laravel/framework/src/Illuminate/Foundation/Http/Kernel.php(144): Illuminate/Foundation/Http/Kernel->sendRequestThroughRouter(Object(Illuminate/Http/Request))
#31 D:/xampp/htdocs/Laravel-Assessment/laravel-assessment/public/index.php(52): Illuminate/Foundation/Http/Kernel->handle(Object(Illuminate/Http/Request))
#32 D:/xampp/htdocs/Laravel-Assessment/laravel-assessment/vendor/laravel/framework/src/Illuminate/Foundation/resources/server.php(16): require_once('D://xampp//htdocs...')
#33 {main}
"} 
[2026-07-14 06:05:43] local.ERROR: Undefined constant "updateleave" {"exception":"[object] (Error(code: 0): Undefined constant \"updateleave\" at D:/xampp/htdocs/Laravel-Assessment/laravel-assessment/routes/api.php:38)
[stacktrace]
#0 D:/xampp/htdocs/Laravel-Assessment/laravel-assessment/vendor/laravel/framework/src/Illuminate/Routing/Router.php(509): Illuminate/Routing/RouteFileRegistrar->{closure}(Object(Illuminate/Routing/Router))
#1 D:/xampp/htdocs/Laravel-Assessment/laravel-assessment/vendor/laravel/framework/src/Illuminate/Routing/Router.php(465): Illuminate/Routing/Router->loadRoutes(Object(Closure))
#2 D:/xampp/htdocs/Laravel-Assessment/laravel-assessment/vendor/laravel/framework/src/Illuminate/Routing/RouteRegistrar.php(194): Illuminate/Routing/Router->group(Array, Object(Closure))
#3 D:/xampp/htdocs/Laravel-Assessment/laravel-assessment/routes/api.php(46): Illuminate/Routing/RouteRegistrar->group(Object(Closure))
#4 D:/xampp/htdocs/Laravel-Assessment/laravel-assessment/vendor/laravel/framework/src/Illuminate/Routing/RouteFileRegistrar.php(35): require('D://xampp//htdocs...')
#5 D:/xampp/htdocs/Laravel-Assessment/laravel-assessment/vendor/laravel/framework/src/Illuminate/Routing/Router.php(511): Illuminate/Routing/RouteFileRegistrar->register('D://xampp//htdocs...')
#6 D:/xampp/htdocs/Laravel-Assessment/laravel-assessment/vendor/laravel/framework/src/Illuminate/Routing/Router.php(465): Illuminate/Routing/Router->loadRoutes('D://xampp//htdocs...')
#7 D:/xampp/htdocs/Laravel-Assessment/laravel-assessment/vendor/laravel/framework/src/Illuminate/Routing/RouteRegistrar.php(194): Illuminate/Routing/Router->group(Array, 'D://xampp//htdocs...')
#8 D:/xampp/htdocs/Laravel-Assessment/laravel-assessment/app/Providers/RouteServiceProvider.php(34): Illuminate/Routing/RouteRegistrar->group('D://xampp//htdocs...')
#9 D:/xampp/htdocs/Laravel-Assessment/laravel-assessment/vendor/laravel/framework/src/Illuminate/Container/BoundMethod.php(36): App/Providers/RouteServiceProvider->App/Providers/{closure}()
#10 D:/xampp/htdocs/Laravel-Assessment/laravel-assessment/vendor/laravel/framework/src/Illuminate/Container/Util.php(41): Illuminate/Container/BoundMethod::Illuminate/Container/{closure}()
#11 D:/xampp/htdocs/Laravel-Assessment/laravel-assessment/vendor/laravel/framework/src/Illuminate/Container/BoundMethod.php(81): Illuminate/Container/Util::unwrapIfClosure(Object(Closure))
#12 D:/xampp/htdocs/Laravel-Assessment/laravel-assessment/vendor/laravel/framework/src/Illuminate/Container/BoundMethod.php(37): Illuminate/Container/BoundMethod::callBoundMethod(Object(Illuminate/Foundation/Application), Object(Closure), Object(Closure))
#13 D:/xampp/htdocs/Laravel-Assessment/laravel-assessment/vendor/laravel/framework/src/Illuminate/Container/Container.php(662): Illuminate/Container/BoundMethod::call(Object(Illuminate/Foundation/Application), Object(Closure), Array, NULL)
#14 D:/xampp/htdocs/Laravel-Assessment/laravel-assessment/vendor/laravel/framework/src/Illuminate/Foundation/Support/Providers/RouteServiceProvider.php(120): Illuminate/Container/Container->call(Object(Closure))
#15 D:/xampp/htdocs/Laravel-Assessment/laravel-assessment/vendor/laravel/framework/src/Illuminate/Foundation/Support/Providers/RouteServiceProvider.php(45): Illuminate/Foundation/Support/Providers/RouteServiceProvider->loadRoutes()
#16 D:/xampp/htdocs/Laravel-Assessment/laravel-assessment/vendor/laravel/framework/src/Illuminate/Container/BoundMethod.php(36): Illuminate/Foundation/Support/Providers/RouteServiceProvider->Illuminate/Foundation/Support/Providers/{closure}()
#17 D:/xampp/htdocs/Laravel-Assessment/laravel-assessment/vendor/laravel/framework/src/Illuminate/Container/Util.php(41): Illuminate/Container/BoundMethod::Illuminate/Container/{closure}()
#18 D:/xampp/htdocs/Laravel-Assessment/laravel-assessment/vendor/laravel/framework/src/Illuminate/Container/BoundMethod.php(81): Illuminate/Container/Util::unwrapIfClosure(Object(Closure))
#19 D:/xampp/htdocs/Laravel-Assessment/laravel-assessment/vendor/laravel/framework/src/Illuminate/Container/BoundMethod.php(37): Illuminate/Container/BoundMethod::callBoundMethod(Object(Illuminate/Foundation/Application), Object(Closure), Object(Closure))
#20 D:/xampp/htdocs/Laravel-Assessment/laravel-assessment/vendor/laravel/framework/src/Illuminate/Container/Container.php(662): Illuminate/Container/BoundMethod::call(Object(Illuminate/Foundation/Application), Object(Closure), Array, NULL)
#21 D:/xampp/htdocs/Laravel-Assessment/laravel-assessment/vendor/laravel/framework/src/Illuminate/Support/ServiceProvider.php(119): Illuminate/Container/Container->call(Object(Closure))
#22 D:/xampp/htdocs/Laravel-Assessment/laravel-assessment/vendor/laravel/framework/src/Illuminate/Foundation/Application.php(1062): Illuminate/Support/ServiceProvider->callBootedCallbacks()
#23 D:/xampp/htdocs/Laravel-Assessment/laravel-assessment/vendor/laravel/framework/src/Illuminate/Foundation/Application.php(1040): Illuminate/Foundation/Application->bootProvider(Object(App/Providers/RouteServiceProvider))
#24 [internal function]: Illuminate/Foundation/Application->Illuminate/Foundation/{closure}(Object(App/Providers/RouteServiceProvider), 24)
#25 D:/xampp/htdocs/Laravel-Assessment/laravel-assessment/vendor/laravel/framework/src/Illuminate/Foundation/Application.php(1041): array_walk(Array, Object(Closure))
#26 D:/xampp/htdocs/Laravel-Assessment/laravel-assessment/vendor/laravel/framework/src/Illuminate/Foundation/Bootstrap/BootProviders.php(17): Illuminate/Foundation/Application->boot()
#27 D:/xampp/htdocs/Laravel-Assessment/laravel-assessment/vendor/laravel/framework/src/Illuminate/Foundation/Application.php(286): Illuminate/Foundation/Bootstrap/BootProviders->bootstrap(Object(Illuminate/Foundation/Application))
#28 D:/xampp/htdocs/Laravel-Assessment/laravel-assessment/vendor/laravel/framework/src/Illuminate/Foundation/Console/Kernel.php(447): Illuminate/Foundation/Application->bootstrapWith(Array)
#29 D:/xampp/htdocs/Laravel-Assessment/laravel-assessment/vendor/laravel/framework/src/Illuminate/Foundation/Console/Kernel.php(199): Illuminate/Foundation/Console/Kernel->bootstrap()
#30 D:/xampp/htdocs/Laravel-Assessment/laravel-assessment/artisan(37): Illuminate/Foundation/Console/Kernel->handle(Object(Symfony/Component/Console/Input/ArgvInput), Object(Symfony/Component/Console/Output/ConsoleOutput))
#31 {main}
"} 
[2026-07-14 06:05:51] local.ERROR: Undefined constant "updateleave" {"exception":"[object] (Error(code: 0): Undefined constant \"updateleave\" at D:/xampp/htdocs/Laravel-Assessment/laravel-assessment/routes/api.php:38)
[stacktrace]
#0 D:/xampp/htdocs/Laravel-Assessment/laravel-assessment/vendor/laravel/framework/src/Illuminate/Routing/Router.php(509): Illuminate/Routing/RouteFileRegistrar->{closure}(Object(Illuminate/Routing/Router))
#1 D:/xampp/htdocs/Laravel-Assessment/laravel-assessment/vendor/laravel/framework/src/Illuminate/Routing/Router.php(465): Illuminate/Routing/Router->loadRoutes(Object(Closure))
#2 D:/xampp/htdocs/Laravel-Assessment/laravel-assessment/vendor/laravel/framework/src/Illuminate/Routing/RouteRegistrar.php(194): Illuminate/Routing/Router->group(Array, Object(Closure))
#3 D:/xampp/htdocs/Laravel-Assessment/laravel-assessment/routes/api.php(46): Illuminate/Routing/RouteRegistrar->group(Object(Closure))
#4 D:/xampp/htdocs/Laravel-Assessment/laravel-assessment/vendor/laravel/framework/src/Illuminate/Routing/RouteFileRegistrar.php(35): require('D://xampp//htdocs...')
#5 D:/xampp/htdocs/Laravel-Assessment/laravel-assessment/vendor/laravel/framework/src/Illuminate/Routing/Router.php(511): Illuminate/Routing/RouteFileRegistrar->register('D://xampp//htdocs...')
#6 D:/xampp/htdocs/Laravel-Assessment/laravel-assessment/vendor/laravel/framework/src/Illuminate/Routing/Router.php(465): Illuminate/Routing/Router->loadRoutes('D://xampp//htdocs...')
#7 D:/xampp/htdocs/Laravel-Assessment/laravel-assessment/vendor/laravel/framework/src/Illuminate/Routing/RouteRegistrar.php(194): Illuminate/Routing/Router->group(Array, 'D://xampp//htdocs...')
#8 D:/xampp/htdocs/Laravel-Assessment/laravel-assessment/app/Providers/RouteServiceProvider.php(34): Illuminate/Routing/RouteRegistrar->group('D://xampp//htdocs...')
#9 D:/xampp/htdocs/Laravel-Assessment/laravel-assessment/vendor/laravel/framework/src/Illuminate/Container/BoundMethod.php(36): App/Providers/RouteServiceProvider->App/Providers/{closure}()
#10 D:/xampp/htdocs/Laravel-Assessment/laravel-assessment/vendor/laravel/framework/src/Illuminate/Container/Util.php(41): Illuminate/Container/BoundMethod::Illuminate/Container/{closure}()
#11 D:/xampp/htdocs/Laravel-Assessment/laravel-assessment/vendor/laravel/framework/src/Illuminate/Container/BoundMethod.php(81): Illuminate/Container/Util::unwrapIfClosure(Object(Closure))
#12 D:/xampp/htdocs/Laravel-Assessment/laravel-assessment/vendor/laravel/framework/src/Illuminate/Container/BoundMethod.php(37): Illuminate/Container/BoundMethod::callBoundMethod(Object(Illuminate/Foundation/Application), Object(Closure), Object(Closure))
#13 D:/xampp/htdocs/Laravel-Assessment/laravel-assessment/vendor/laravel/framework/src/Illuminate/Container/Container.php(662): Illuminate/Container/BoundMethod::call(Object(Illuminate/Foundation/Application), Object(Closure), Array, NULL)
#14 D:/xampp/htdocs/Laravel-Assessment/laravel-assessment/vendor/laravel/framework/src/Illuminate/Foundation/Support/Providers/RouteServiceProvider.php(120): Illuminate/Container/Container->call(Object(Closure))
#15 D:/xampp/htdocs/Laravel-Assessment/laravel-assessment/vendor/laravel/framework/src/Illuminate/Foundation/Support/Providers/RouteServiceProvider.php(45): Illuminate/Foundation/Support/Providers/RouteServiceProvider->loadRoutes()
#16 D:/xampp/htdocs/Laravel-Assessment/laravel-assessment/vendor/laravel/framework/src/Illuminate/Container/BoundMethod.php(36): Illuminate/Foundation/Support/Providers/RouteServiceProvider->Illuminate/Foundation/Support/Providers/{closure}()
#17 D:/xampp/htdocs/Laravel-Assessment/laravel-assessment/vendor/laravel/framework/src/Illuminate/Container/Util.php(41): Illuminate/Container/BoundMethod::Illuminate/Container/{closure}()
#18 D:/xampp/htdocs/Laravel-Assessment/laravel-assessment/vendor/laravel/framework/src/Illuminate/Container/BoundMethod.php(81): Illuminate/Container/Util::unwrapIfClosure(Object(Closure))
#19 D:/xampp/htdocs/Laravel-Assessment/laravel-assessment/vendor/laravel/framework/src/Illuminate/Container/BoundMethod.php(37): Illuminate/Container/BoundMethod::callBoundMethod(Object(Illuminate/Foundation/Application), Object(Closure), Object(Closure))
#20 D:/xampp/htdocs/Laravel-Assessment/laravel-assessment/vendor/laravel/framework/src/Illuminate/Container/Container.php(662): Illuminate/Container/BoundMethod::call(Object(Illuminate/Foundation/Application), Object(Closure), Array, NULL)
#21 D:/xampp/htdocs/Laravel-Assessment/laravel-assessment/vendor/laravel/framework/src/Illuminate/Support/ServiceProvider.php(119): Illuminate/Container/Container->call(Object(Closure))
#22 D:/xampp/htdocs/Laravel-Assessment/laravel-assessment/vendor/laravel/framework/src/Illuminate/Foundation/Application.php(1062): Illuminate/Support/ServiceProvider->callBootedCallbacks()
#23 D:/xampp/htdocs/Laravel-Assessment/laravel-assessment/vendor/laravel/framework/src/Illuminate/Foundation/Application.php(1040): Illuminate/Foundation/Application->bootProvider(Object(App/Providers/RouteServiceProvider))
#24 [internal function]: Illuminate/Foundation/Application->Illuminate/Foundation/{closure}(Object(App/Providers/RouteServiceProvider), 24)
#25 D:/xampp/htdocs/Laravel-Assessment/laravel-assessment/vendor/laravel/framework/src/Illuminate/Foundation/Application.php(1041): array_walk(Array, Object(Closure))
#26 D:/xampp/htdocs/Laravel-Assessment/laravel-assessment/vendor/laravel/framework/src/Illuminate/Foundation/Bootstrap/BootProviders.php(17): Illuminate/Foundation/Application->boot()
#27 D:/xampp/htdocs/Laravel-Assessment/laravel-assessment/vendor/laravel/framework/src/Illuminate/Foundation/Application.php(286): Illuminate/Foundation/Bootstrap/BootProviders->bootstrap(Object(Illuminate/Foundation/Application))
#28 D:/xampp/htdocs/Laravel-Assessment/laravel-assessment/vendor/laravel/framework/src/Illuminate/Foundation/Console/Kernel.php(447): Illuminate/Foundation/Application->bootstrapWith(Array)
#29 D:/xampp/htdocs/Laravel-Assessment/laravel-assessment/vendor/laravel/framework/src/Illuminate/Foundation/Console/Kernel.php(199): Illuminate/Foundation/Console/Kernel->bootstrap()
#30 D:/xampp/htdocs/Laravel-Assessment/laravel-assessment/artisan(37): Illuminate/Foundation/Console/Kernel->handle(Object(Symfony/Component/Console/Input/ArgvInput), Object(Symfony/Component/Console/Output/ConsoleOutput))
#31 {main}
"} 
[2026-07-14 06:05:51] local.ERROR: Undefined constant "updateleave" {"exception":"[object] (Error(code: 0): Undefined constant \"updateleave\" at D:/xampp/htdocs/Laravel-Assessment/laravel-assessment/routes/api.php:38)
[stacktrace]
#0 D:/xampp/htdocs/Laravel-Assessment/laravel-assessment/vendor/laravel/framework/src/Illuminate/Routing/Router.php(509): Illuminate/Routing/RouteFileRegistrar->{closure}(Object(Illuminate/Routing/Router))
#1 D:/xampp/htdocs/Laravel-Assessment/laravel-assessment/vendor/laravel/framework/src/Illuminate/Routing/Router.php(465): Illuminate/Routing/Router->loadRoutes(Object(Closure))
#2 D:/xampp/htdocs/Laravel-Assessment/laravel-assessment/vendor/laravel/framework/src/Illuminate/Routing/RouteRegistrar.php(194): Illuminate/Routing/Router->group(Array, Object(Closure))
#3 D:/xampp/htdocs/Laravel-Assessment/laravel-assessment/routes/api.php(46): Illuminate/Routing/RouteRegistrar->group(Object(Closure))
#4 D:/xampp/htdocs/Laravel-Assessment/laravel-assessment/vendor/laravel/framework/src/Illuminate/Routing/RouteFileRegistrar.php(35): require('D://xampp//htdocs...')
#5 D:/xampp/htdocs/Laravel-Assessment/laravel-assessment/vendor/laravel/framework/src/Illuminate/Routing/Router.php(511): Illuminate/Routing/RouteFileRegistrar->register('D://xampp//htdocs...')
#6 D:/xampp/htdocs/Laravel-Assessment/laravel-assessment/vendor/laravel/framework/src/Illuminate/Routing/Router.php(465): Illuminate/Routing/Router->loadRoutes('D://xampp//htdocs...')
#7 D:/xampp/htdocs/Laravel-Assessment/laravel-assessment/vendor/laravel/framework/src/Illuminate/Routing/RouteRegistrar.php(194): Illuminate/Routing/Router->group(Array, 'D://xampp//htdocs...')
#8 D:/xampp/htdocs/Laravel-Assessment/laravel-assessment/app/Providers/RouteServiceProvider.php(34): Illuminate/Routing/RouteRegistrar->group('D://xampp//htdocs...')
#9 D:/xampp/htdocs/Laravel-Assessment/laravel-assessment/vendor/laravel/framework/src/Illuminate/Container/BoundMethod.php(36): App/Providers/RouteServiceProvider->App/Providers/{closure}()
#10 D:/xampp/htdocs/Laravel-Assessment/laravel-assessment/vendor/laravel/framework/src/Illuminate/Container/Util.php(41): Illuminate/Container/BoundMethod::Illuminate/Container/{closure}()
#11 D:/xampp/htdocs/Laravel-Assessment/laravel-assessment/vendor/laravel/framework/src/Illuminate/Container/BoundMethod.php(81): Illuminate/Container/Util::unwrapIfClosure(Object(Closure))
#12 D:/xampp/htdocs/Laravel-Assessment/laravel-assessment/vendor/laravel/framework/src/Illuminate/Container/BoundMethod.php(37): Illuminate/Container/BoundMethod::callBoundMethod(Object(Illuminate/Foundation/Application), Object(Closure), Object(Closure))
#13 D:/xampp/htdocs/Laravel-Assessment/laravel-assessment/vendor/laravel/framework/src/Illuminate/Container/Container.php(662): Illuminate/Container/BoundMethod::call(Object(Illuminate/Foundation/Application), Object(Closure), Array, NULL)
#14 D:/xampp/htdocs/Laravel-Assessment/laravel-assessment/vendor/laravel/framework/src/Illuminate/Foundation/Support/Providers/RouteServiceProvider.php(120): Illuminate/Container/Container->call(Object(Closure))
#15 D:/xampp/htdocs/Laravel-Assessment/laravel-assessment/vendor/laravel/framework/src/Illuminate/Foundation/Support/Providers/RouteServiceProvider.php(45): Illuminate/Foundation/Support/Providers/RouteServiceProvider->loadRoutes()
#16 D:/xampp/htdocs/Laravel-Assessment/laravel-assessment/vendor/laravel/framework/src/Illuminate/Container/BoundMethod.php(36): Illuminate/Foundation/Support/Providers/RouteServiceProvider->Illuminate/Foundation/Support/Providers/{closure}()
#17 D:/xampp/htdocs/Laravel-Assessment/laravel-assessment/vendor/laravel/framework/src/Illuminate/Container/Util.php(41): Illuminate/Container/BoundMethod::Illuminate/Container/{closure}()
#18 D:/xampp/htdocs/Laravel-Assessment/laravel-assessment/vendor/laravel/framework/src/Illuminate/Container/BoundMethod.php(81): Illuminate/Container/Util::unwrapIfClosure(Object(Closure))
#19 D:/xampp/htdocs/Laravel-Assessment/laravel-assessment/vendor/laravel/framework/src/Illuminate/Container/BoundMethod.php(37): Illuminate/Container/BoundMethod::callBoundMethod(Object(Illuminate/Foundation/Application), Object(Closure), Object(Closure))
#20 D:/xampp/htdocs/Laravel-Assessment/laravel-assessment/vendor/laravel/framework/src/Illuminate/Container/Container.php(662): Illuminate/Container/BoundMethod::call(Object(Illuminate/Foundation/Application), Object(Closure), Array, NULL)
#21 D:/xampp/htdocs/Laravel-Assessment/laravel-assessment/vendor/laravel/framework/src/Illuminate/Support/ServiceProvider.php(119): Illuminate/Container/Container->call(Object(Closure))
#22 D:/xampp/htdocs/Laravel-Assessment/laravel-assessment/vendor/laravel/framework/src/Illuminate/Foundation/Application.php(1062): Illuminate/Support/ServiceProvider->callBootedCallbacks()
#23 D:/xampp/htdocs/Laravel-Assessment/laravel-assessment/vendor/laravel/framework/src/Illuminate/Foundation/Application.php(1040): Illuminate/Foundation/Application->bootProvider(Object(App/Providers/RouteServiceProvider))
#24 [internal function]: Illuminate/Foundation/Application->Illuminate/Foundation/{closure}(Object(App/Providers/RouteServiceProvider), 24)
#25 D:/xampp/htdocs/Laravel-Assessment/laravel-assessment/vendor/laravel/framework/src/Illuminate/Foundation/Application.php(1041): array_walk(Array, Object(Closure))
#26 D:/xampp/htdocs/Laravel-Assessment/laravel-assessment/vendor/laravel/framework/src/Illuminate/Foundation/Bootstrap/BootProviders.php(17): Illuminate/Foundation/Application->boot()
#27 D:/xampp/htdocs/Laravel-Assessment/laravel-assessment/vendor/laravel/framework/src/Illuminate/Foundation/Application.php(286): Illuminate/Foundation/Bootstrap/BootProviders->bootstrap(Object(Illuminate/Foundation/Application))
#28 D:/xampp/htdocs/Laravel-Assessment/laravel-assessment/vendor/laravel/framework/src/Illuminate/Foundation/Console/Kernel.php(447): Illuminate/Foundation/Application->bootstrapWith(Array)
#29 D:/xampp/htdocs/Laravel-Assessment/laravel-assessment/vendor/laravel/framework/src/Illuminate/Foundation/Console/Kernel.php(199): Illuminate/Foundation/Console/Kernel->bootstrap()
#30 D:/xampp/htdocs/Laravel-Assessment/laravel-assessment/artisan(37): Illuminate/Foundation/Console/Kernel->handle(Object(Symfony/Component/Console/Input/ArgvInput), Object(Symfony/Component/Console/Output/ConsoleOutput))
#31 {main}
"} 
[2026-07-14 06:06:03] local.ERROR: Undefined constant "updateleave" {"exception":"[object] (Error(code: 0): Undefined constant \"updateleave\" at D:/xampp/htdocs/Laravel-Assessment/laravel-assessment/routes/api.php:38)
[stacktrace]
#0 D:/xampp/htdocs/Laravel-Assessment/laravel-assessment/vendor/laravel/framework/src/Illuminate/Routing/Router.php(509): Illuminate/Routing/RouteFileRegistrar->{closure}(Object(Illuminate/Routing/Router))
#1 D:/xampp/htdocs/Laravel-Assessment/laravel-assessment/vendor/laravel/framework/src/Illuminate/Routing/Router.php(465): Illuminate/Routing/Router->loadRoutes(Object(Closure))
#2 D:/xampp/htdocs/Laravel-Assessment/laravel-assessment/vendor/laravel/framework/src/Illuminate/Routing/RouteRegistrar.php(194): Illuminate/Routing/Router->group(Array, Object(Closure))
#3 D:/xampp/htdocs/Laravel-Assessment/laravel-assessment/routes/api.php(46): Illuminate/Routing/RouteRegistrar->group(Object(Closure))
#4 D:/xampp/htdocs/Laravel-Assessment/laravel-assessment/vendor/laravel/framework/src/Illuminate/Routing/RouteFileRegistrar.php(35): require('D://xampp//htdocs...')
#5 D:/xampp/htdocs/Laravel-Assessment/laravel-assessment/vendor/laravel/framework/src/Illuminate/Routing/Router.php(511): Illuminate/Routing/RouteFileRegistrar->register('D://xampp//htdocs...')
#6 D:/xampp/htdocs/Laravel-Assessment/laravel-assessment/vendor/laravel/framework/src/Illuminate/Routing/Router.php(465): Illuminate/Routing/Router->loadRoutes('D://xampp//htdocs...')
#7 D:/xampp/htdocs/Laravel-Assessment/laravel-assessment/vendor/laravel/framework/src/Illuminate/Routing/RouteRegistrar.php(194): Illuminate/Routing/Router->group(Array, 'D://xampp//htdocs...')
#8 D:/xampp/htdocs/Laravel-Assessment/laravel-assessment/app/Providers/RouteServiceProvider.php(34): Illuminate/Routing/RouteRegistrar->group('D://xampp//htdocs...')
#9 D:/xampp/htdocs/Laravel-Assessment/laravel-assessment/vendor/laravel/framework/src/Illuminate/Container/BoundMethod.php(36): App/Providers/RouteServiceProvider->App/Providers/{closure}()
#10 D:/xampp/htdocs/Laravel-Assessment/laravel-assessment/vendor/laravel/framework/src/Illuminate/Container/Util.php(41): Illuminate/Container/BoundMethod::Illuminate/Container/{closure}()
#11 D:/xampp/htdocs/Laravel-Assessment/laravel-assessment/vendor/laravel/framework/src/Illuminate/Container/BoundMethod.php(81): Illuminate/Container/Util::unwrapIfClosure(Object(Closure))
#12 D:/xampp/htdocs/Laravel-Assessment/laravel-assessment/vendor/laravel/framework/src/Illuminate/Container/BoundMethod.php(37): Illuminate/Container/BoundMethod::callBoundMethod(Object(Illuminate/Foundation/Application), Object(Closure), Object(Closure))
#13 D:/xampp/htdocs/Laravel-Assessment/laravel-assessment/vendor/laravel/framework/src/Illuminate/Container/Container.php(662): Illuminate/Container/BoundMethod::call(Object(Illuminate/Foundation/Application), Object(Closure), Array, NULL)
#14 D:/xampp/htdocs/Laravel-Assessment/laravel-assessment/vendor/laravel/framework/src/Illuminate/Foundation/Support/Providers/RouteServiceProvider.php(120): Illuminate/Container/Container->call(Object(Closure))
#15 D:/xampp/htdocs/Laravel-Assessment/laravel-assessment/vendor/laravel/framework/src/Illuminate/Foundation/Support/Providers/RouteServiceProvider.php(45): Illuminate/Foundation/Support/Providers/RouteServiceProvider->loadRoutes()
#16 D:/xampp/htdocs/Laravel-Assessment/laravel-assessment/vendor/laravel/framework/src/Illuminate/Container/BoundMethod.php(36): Illuminate/Foundation/Support/Providers/RouteServiceProvider->Illuminate/Foundation/Support/Providers/{closure}()
#17 D:/xampp/htdocs/Laravel-Assessment/laravel-assessment/vendor/laravel/framework/src/Illuminate/Container/Util.php(41): Illuminate/Container/BoundMethod::Illuminate/Container/{closure}()
#18 D:/xampp/htdocs/Laravel-Assessment/laravel-assessment/vendor/laravel/framework/src/Illuminate/Container/BoundMethod.php(81): Illuminate/Container/Util::unwrapIfClosure(Object(Closure))
#19 D:/xampp/htdocs/Laravel-Assessment/laravel-assessment/vendor/laravel/framework/src/Illuminate/Container/BoundMethod.php(37): Illuminate/Container/BoundMethod::callBoundMethod(Object(Illuminate/Foundation/Application), Object(Closure), Object(Closure))
#20 D:/xampp/htdocs/Laravel-Assessment/laravel-assessment/vendor/laravel/framework/src/Illuminate/Container/Container.php(662): Illuminate/Container/BoundMethod::call(Object(Illuminate/Foundation/Application), Object(Closure), Array, NULL)
#21 D:/xampp/htdocs/Laravel-Assessment/laravel-assessment/vendor/laravel/framework/src/Illuminate/Support/ServiceProvider.php(119): Illuminate/Container/Container->call(Object(Closure))
#22 D:/xampp/htdocs/Laravel-Assessment/laravel-assessment/vendor/laravel/framework/src/Illuminate/Foundation/Application.php(1062): Illuminate/Support/ServiceProvider->callBootedCallbacks()
#23 D:/xampp/htdocs/Laravel-Assessment/laravel-assessment/vendor/laravel/framework/src/Illuminate/Foundation/Application.php(1040): Illuminate/Foundation/Application->bootProvider(Object(App/Providers/RouteServiceProvider))
#24 [internal function]: Illuminate/Foundation/Application->Illuminate/Foundation/{closure}(Object(App/Providers/RouteServiceProvider), 24)
#25 D:/xampp/htdocs/Laravel-Assessment/laravel-assessment/vendor/laravel/framework/src/Illuminate/Foundation/Application.php(1041): array_walk(Array, Object(Closure))
#26 D:/xampp/htdocs/Laravel-Assessment/laravel-assessment/vendor/laravel/framework/src/Illuminate/Foundation/Bootstrap/BootProviders.php(17): Illuminate/Foundation/Application->boot()
#27 D:/xampp/htdocs/Laravel-Assessment/laravel-assessment/vendor/laravel/framework/src/Illuminate/Foundation/Application.php(286): Illuminate/Foundation/Bootstrap/BootProviders->bootstrap(Object(Illuminate/Foundation/Application))
#28 D:/xampp/htdocs/Laravel-Assessment/laravel-assessment/vendor/laravel/framework/src/Illuminate/Foundation/Http/Kernel.php(186): Illuminate/Foundation/Application->bootstrapWith(Array)
#29 D:/xampp/htdocs/Laravel-Assessment/laravel-assessment/vendor/laravel/framework/src/Illuminate/Foundation/Http/Kernel.php(170): Illuminate/Foundation/Http/Kernel->bootstrap()
#30 D:/xampp/htdocs/Laravel-Assessment/laravel-assessment/vendor/laravel/framework/src/Illuminate/Foundation/Http/Kernel.php(144): Illuminate/Foundation/Http/Kernel->sendRequestThroughRouter(Object(Illuminate/Http/Request))
#31 D:/xampp/htdocs/Laravel-Assessment/laravel-assessment/public/index.php(52): Illuminate/Foundation/Http/Kernel->handle(Object(Illuminate/Http/Request))
#32 D:/xampp/htdocs/Laravel-Assessment/laravel-assessment/vendor/laravel/framework/src/Illuminate/Foundation/resources/server.php(16): require_once('D://xampp//htdocs...')
#33 {main}
"} 
[2026-07-14 06:06:12] local.ERROR: Undefined constant "updateleave" {"exception":"[object] (Error(code: 0): Undefined constant \"updateleave\" at D:/xampp/htdocs/Laravel-Assessment/laravel-assessment/routes/api.php:38)
[stacktrace]
#0 D:/xampp/htdocs/Laravel-Assessment/laravel-assessment/vendor/laravel/framework/src/Illuminate/Routing/Router.php(509): Illuminate/Routing/RouteFileRegistrar->{closure}(Object(Illuminate/Routing/Router))
#1 D:/xampp/htdocs/Laravel-Assessment/laravel-assessment/vendor/laravel/framework/src/Illuminate/Routing/Router.php(465): Illuminate/Routing/Router->loadRoutes(Object(Closure))
#2 D:/xampp/htdocs/Laravel-Assessment/laravel-assessment/vendor/laravel/framework/src/Illuminate/Routing/RouteRegistrar.php(194): Illuminate/Routing/Router->group(Array, Object(Closure))
#3 D:/xampp/htdocs/Laravel-Assessment/laravel-assessment/routes/api.php(46): Illuminate/Routing/RouteRegistrar->group(Object(Closure))
#4 D:/xampp/htdocs/Laravel-Assessment/laravel-assessment/vendor/laravel/framework/src/Illuminate/Routing/RouteFileRegistrar.php(35): require('D://xampp//htdocs...')
#5 D:/xampp/htdocs/Laravel-Assessment/laravel-assessment/vendor/laravel/framework/src/Illuminate/Routing/Router.php(511): Illuminate/Routing/RouteFileRegistrar->register('D://xampp//htdocs...')
#6 D:/xampp/htdocs/Laravel-Assessment/laravel-assessment/vendor/laravel/framework/src/Illuminate/Routing/Router.php(465): Illuminate/Routing/Router->loadRoutes('D://xampp//htdocs...')
#7 D:/xampp/htdocs/Laravel-Assessment/laravel-assessment/vendor/laravel/framework/src/Illuminate/Routing/RouteRegistrar.php(194): Illuminate/Routing/Router->group(Array, 'D://xampp//htdocs...')
#8 D:/xampp/htdocs/Laravel-Assessment/laravel-assessment/app/Providers/RouteServiceProvider.php(34): Illuminate/Routing/RouteRegistrar->group('D://xampp//htdocs...')
#9 D:/xampp/htdocs/Laravel-Assessment/laravel-assessment/vendor/laravel/framework/src/Illuminate/Container/BoundMethod.php(36): App/Providers/RouteServiceProvider->App/Providers/{closure}()
#10 D:/xampp/htdocs/Laravel-Assessment/laravel-assessment/vendor/laravel/framework/src/Illuminate/Container/Util.php(41): Illuminate/Container/BoundMethod::Illuminate/Container/{closure}()
#11 D:/xampp/htdocs/Laravel-Assessment/laravel-assessment/vendor/laravel/framework/src/Illuminate/Container/BoundMethod.php(81): Illuminate/Container/Util::unwrapIfClosure(Object(Closure))
#12 D:/xampp/htdocs/Laravel-Assessment/laravel-assessment/vendor/laravel/framework/src/Illuminate/Container/BoundMethod.php(37): Illuminate/Container/BoundMethod::callBoundMethod(Object(Illuminate/Foundation/Application), Object(Closure), Object(Closure))
#13 D:/xampp/htdocs/Laravel-Assessment/laravel-assessment/vendor/laravel/framework/src/Illuminate/Container/Container.php(662): Illuminate/Container/BoundMethod::call(Object(Illuminate/Foundation/Application), Object(Closure), Array, NULL)
#14 D:/xampp/htdocs/Laravel-Assessment/laravel-assessment/vendor/laravel/framework/src/Illuminate/Foundation/Support/Providers/RouteServiceProvider.php(120): Illuminate/Container/Container->call(Object(Closure))
#15 D:/xampp/htdocs/Laravel-Assessment/laravel-assessment/vendor/laravel/framework/src/Illuminate/Foundation/Support/Providers/RouteServiceProvider.php(45): Illuminate/Foundation/Support/Providers/RouteServiceProvider->loadRoutes()
#16 D:/xampp/htdocs/Laravel-Assessment/laravel-assessment/vendor/laravel/framework/src/Illuminate/Container/BoundMethod.php(36): Illuminate/Foundation/Support/Providers/RouteServiceProvider->Illuminate/Foundation/Support/Providers/{closure}()
#17 D:/xampp/htdocs/Laravel-Assessment/laravel-assessment/vendor/laravel/framework/src/Illuminate/Container/Util.php(41): Illuminate/Container/BoundMethod::Illuminate/Container/{closure}()
#18 D:/xampp/htdocs/Laravel-Assessment/laravel-assessment/vendor/laravel/framework/src/Illuminate/Container/BoundMethod.php(81): Illuminate/Container/Util::unwrapIfClosure(Object(Closure))
#19 D:/xampp/htdocs/Laravel-Assessment/laravel-assessment/vendor/laravel/framework/src/Illuminate/Container/BoundMethod.php(37): Illuminate/Container/BoundMethod::callBoundMethod(Object(Illuminate/Foundation/Application), Object(Closure), Object(Closure))
#20 D:/xampp/htdocs/Laravel-Assessment/laravel-assessment/vendor/laravel/framework/src/Illuminate/Container/Container.php(662): Illuminate/Container/BoundMethod::call(Object(Illuminate/Foundation/Application), Object(Closure), Array, NULL)
#21 D:/xampp/htdocs/Laravel-Assessment/laravel-assessment/vendor/laravel/framework/src/Illuminate/Support/ServiceProvider.php(119): Illuminate/Container/Container->call(Object(Closure))
#22 D:/xampp/htdocs/Laravel-Assessment/laravel-assessment/vendor/laravel/framework/src/Illuminate/Foundation/Application.php(1062): Illuminate/Support/ServiceProvider->callBootedCallbacks()
#23 D:/xampp/htdocs/Laravel-Assessment/laravel-assessment/vendor/laravel/framework/src/Illuminate/Foundation/Application.php(1040): Illuminate/Foundation/Application->bootProvider(Object(App/Providers/RouteServiceProvider))
#24 [internal function]: Illuminate/Foundation/Application->Illuminate/Foundation/{closure}(Object(App/Providers/RouteServiceProvider), 24)
#25 D:/xampp/htdocs/Laravel-Assessment/laravel-assessment/vendor/laravel/framework/src/Illuminate/Foundation/Application.php(1041): array_walk(Array, Object(Closure))
#26 D:/xampp/htdocs/Laravel-Assessment/laravel-assessment/vendor/laravel/framework/src/Illuminate/Foundation/Bootstrap/BootProviders.php(17): Illuminate/Foundation/Application->boot()
#27 D:/xampp/htdocs/Laravel-Assessment/laravel-assessment/vendor/laravel/framework/src/Illuminate/Foundation/Application.php(286): Illuminate/Foundation/Bootstrap/BootProviders->bootstrap(Object(Illuminate/Foundation/Application))
#28 D:/xampp/htdocs/Laravel-Assessment/laravel-assessment/vendor/laravel/framework/src/Illuminate/Foundation/Http/Kernel.php(186): Illuminate/Foundation/Application->bootstrapWith(Array)
#29 D:/xampp/htdocs/Laravel-Assessment/laravel-assessment/vendor/laravel/framework/src/Illuminate/Foundation/Http/Kernel.php(170): Illuminate/Foundation/Http/Kernel->bootstrap()
#30 D:/xampp/htdocs/Laravel-Assessment/laravel-assessment/vendor/laravel/framework/src/Illuminate/Foundation/Http/Kernel.php(144): Illuminate/Foundation/Http/Kernel->sendRequestThroughRouter(Object(Illuminate/Http/Request))
#31 D:/xampp/htdocs/Laravel-Assessment/laravel-assessment/public/index.php(52): Illuminate/Foundation/Http/Kernel->handle(Object(Illuminate/Http/Request))
#32 D:/xampp/htdocs/Laravel-Assessment/laravel-assessment/vendor/laravel/framework/src/Illuminate/Foundation/resources/server.php(16): require_once('D://xampp//htdocs...')
#33 {main}
"} 
[2026-07-14 06:07:31] local.ERROR: Undefined constant "updateleave" {"exception":"[object] (Error(code: 0): Undefined constant \"updateleave\" at D:/xampp/htdocs/Laravel-Assessment/laravel-assessment/routes/api.php:38)
[stacktrace]
#0 D:/xampp/htdocs/Laravel-Assessment/laravel-assessment/vendor/laravel/framework/src/Illuminate/Routing/Router.php(509): Illuminate/Routing/RouteFileRegistrar->{closure}(Object(Illuminate/Routing/Router))
#1 D:/xampp/htdocs/Laravel-Assessment/laravel-assessment/vendor/laravel/framework/src/Illuminate/Routing/Router.php(465): Illuminate/Routing/Router->loadRoutes(Object(Closure))
#2 D:/xampp/htdocs/Laravel-Assessment/laravel-assessment/vendor/laravel/framework/src/Illuminate/Routing/RouteRegistrar.php(194): Illuminate/Routing/Router->group(Array, Object(Closure))
#3 D:/xampp/htdocs/Laravel-Assessment/laravel-assessment/routes/api.php(46): Illuminate/Routing/RouteRegistrar->group(Object(Closure))
#4 D:/xampp/htdocs/Laravel-Assessment/laravel-assessment/vendor/laravel/framework/src/Illuminate/Routing/RouteFileRegistrar.php(35): require('D://xampp//htdocs...')
#5 D:/xampp/htdocs/Laravel-Assessment/laravel-assessment/vendor/laravel/framework/src/Illuminate/Routing/Router.php(511): Illuminate/Routing/RouteFileRegistrar->register('D://xampp//htdocs...')
#6 D:/xampp/htdocs/Laravel-Assessment/laravel-assessment/vendor/laravel/framework/src/Illuminate/Routing/Router.php(465): Illuminate/Routing/Router->loadRoutes('D://xampp//htdocs...')
#7 D:/xampp/htdocs/Laravel-Assessment/laravel-assessment/vendor/laravel/framework/src/Illuminate/Routing/RouteRegistrar.php(194): Illuminate/Routing/Router->group(Array, 'D://xampp//htdocs...')
#8 D:/xampp/htdocs/Laravel-Assessment/laravel-assessment/app/Providers/RouteServiceProvider.php(34): Illuminate/Routing/RouteRegistrar->group('D://xampp//htdocs...')
#9 D:/xampp/htdocs/Laravel-Assessment/laravel-assessment/vendor/laravel/framework/src/Illuminate/Container/BoundMethod.php(36): App/Providers/RouteServiceProvider->App/Providers/{closure}()
#10 D:/xampp/htdocs/Laravel-Assessment/laravel-assessment/vendor/laravel/framework/src/Illuminate/Container/Util.php(41): Illuminate/Container/BoundMethod::Illuminate/Container/{closure}()
#11 D:/xampp/htdocs/Laravel-Assessment/laravel-assessment/vendor/laravel/framework/src/Illuminate/Container/BoundMethod.php(81): Illuminate/Container/Util::unwrapIfClosure(Object(Closure))
#12 D:/xampp/htdocs/Laravel-Assessment/laravel-assessment/vendor/laravel/framework/src/Illuminate/Container/BoundMethod.php(37): Illuminate/Container/BoundMethod::callBoundMethod(Object(Illuminate/Foundation/Application), Object(Closure), Object(Closure))
#13 D:/xampp/htdocs/Laravel-Assessment/laravel-assessment/vendor/laravel/framework/src/Illuminate/Container/Container.php(662): Illuminate/Container/BoundMethod::call(Object(Illuminate/Foundation/Application), Object(Closure), Array, NULL)
#14 D:/xampp/htdocs/Laravel-Assessment/laravel-assessment/vendor/laravel/framework/src/Illuminate/Foundation/Support/Providers/RouteServiceProvider.php(120): Illuminate/Container/Container->call(Object(Closure))
#15 D:/xampp/htdocs/Laravel-Assessment/laravel-assessment/vendor/laravel/framework/src/Illuminate/Foundation/Support/Providers/RouteServiceProvider.php(45): Illuminate/Foundation/Support/Providers/RouteServiceProvider->loadRoutes()
#16 D:/xampp/htdocs/Laravel-Assessment/laravel-assessment/vendor/laravel/framework/src/Illuminate/Container/BoundMethod.php(36): Illuminate/Foundation/Support/Providers/RouteServiceProvider->Illuminate/Foundation/Support/Providers/{closure}()
#17 D:/xampp/htdocs/Laravel-Assessment/laravel-assessment/vendor/laravel/framework/src/Illuminate/Container/Util.php(41): Illuminate/Container/BoundMethod::Illuminate/Container/{closure}()
#18 D:/xampp/htdocs/Laravel-Assessment/laravel-assessment/vendor/laravel/framework/src/Illuminate/Container/BoundMethod.php(81): Illuminate/Container/Util::unwrapIfClosure(Object(Closure))
#19 D:/xampp/htdocs/Laravel-Assessment/laravel-assessment/vendor/laravel/framework/src/Illuminate/Container/BoundMethod.php(37): Illuminate/Container/BoundMethod::callBoundMethod(Object(Illuminate/Foundation/Application), Object(Closure), Object(Closure))
#20 D:/xampp/htdocs/Laravel-Assessment/laravel-assessment/vendor/laravel/framework/src/Illuminate/Container/Container.php(662): Illuminate/Container/BoundMethod::call(Object(Illuminate/Foundation/Application), Object(Closure), Array, NULL)
#21 D:/xampp/htdocs/Laravel-Assessment/laravel-assessment/vendor/laravel/framework/src/Illuminate/Support/ServiceProvider.php(119): Illuminate/Container/Container->call(Object(Closure))
#22 D:/xampp/htdocs/Laravel-Assessment/laravel-assessment/vendor/laravel/framework/src/Illuminate/Foundation/Application.php(1062): Illuminate/Support/ServiceProvider->callBootedCallbacks()
#23 D:/xampp/htdocs/Laravel-Assessment/laravel-assessment/vendor/laravel/framework/src/Illuminate/Foundation/Application.php(1040): Illuminate/Foundation/Application->bootProvider(Object(App/Providers/RouteServiceProvider))
#24 [internal function]: Illuminate/Foundation/Application->Illuminate/Foundation/{closure}(Object(App/Providers/RouteServiceProvider), 24)
#25 D:/xampp/htdocs/Laravel-Assessment/laravel-assessment/vendor/laravel/framework/src/Illuminate/Foundation/Application.php(1041): array_walk(Array, Object(Closure))
#26 D:/xampp/htdocs/Laravel-Assessment/laravel-assessment/vendor/laravel/framework/src/Illuminate/Foundation/Bootstrap/BootProviders.php(17): Illuminate/Foundation/Application->boot()
#27 D:/xampp/htdocs/Laravel-Assessment/laravel-assessment/vendor/laravel/framework/src/Illuminate/Foundation/Application.php(286): Illuminate/Foundation/Bootstrap/BootProviders->bootstrap(Object(Illuminate/Foundation/Application))
#28 D:/xampp/htdocs/Laravel-Assessment/laravel-assessment/vendor/laravel/framework/src/Illuminate/Foundation/Http/Kernel.php(186): Illuminate/Foundation/Application->bootstrapWith(Array)
#29 D:/xampp/htdocs/Laravel-Assessment/laravel-assessment/vendor/laravel/framework/src/Illuminate/Foundation/Http/Kernel.php(170): Illuminate/Foundation/Http/Kernel->bootstrap()
#30 D:/xampp/htdocs/Laravel-Assessment/laravel-assessment/vendor/laravel/framework/src/Illuminate/Foundation/Http/Kernel.php(144): Illuminate/Foundation/Http/Kernel->sendRequestThroughRouter(Object(Illuminate/Http/Request))
#31 D:/xampp/htdocs/Laravel-Assessment/laravel-assessment/public/index.php(52): Illuminate/Foundation/Http/Kernel->handle(Object(Illuminate/Http/Request))
#32 D:/xampp/htdocs/Laravel-Assessment/laravel-assessment/vendor/laravel/framework/src/Illuminate/Foundation/resources/server.php(16): require_once('D://xampp//htdocs...')
#33 {main}
"} 
[2026-07-14 06:07:57] local.ERROR: Undefined constant "updateleave" {"exception":"[object] (Error(code: 0): Undefined constant \"updateleave\" at D:/xampp/htdocs/Laravel-Assessment/laravel-assessment/routes/api.php:38)
[stacktrace]
#0 D:/xampp/htdocs/Laravel-Assessment/laravel-assessment/vendor/laravel/framework/src/Illuminate/Routing/Router.php(509): Illuminate/Routing/RouteFileRegistrar->{closure}(Object(Illuminate/Routing/Router))
#1 D:/xampp/htdocs/Laravel-Assessment/laravel-assessment/vendor/laravel/framework/src/Illuminate/Routing/Router.php(465): Illuminate/Routing/Router->loadRoutes(Object(Closure))
#2 D:/xampp/htdocs/Laravel-Assessment/laravel-assessment/vendor/laravel/framework/src/Illuminate/Routing/RouteRegistrar.php(194): Illuminate/Routing/Router->group(Array, Object(Closure))
#3 D:/xampp/htdocs/Laravel-Assessment/laravel-assessment/routes/api.php(46): Illuminate/Routing/RouteRegistrar->group(Object(Closure))
#4 D:/xampp/htdocs/Laravel-Assessment/laravel-assessment/vendor/laravel/framework/src/Illuminate/Routing/RouteFileRegistrar.php(35): require('D://xampp//htdocs...')
#5 D:/xampp/htdocs/Laravel-Assessment/laravel-assessment/vendor/laravel/framework/src/Illuminate/Routing/Router.php(511): Illuminate/Routing/RouteFileRegistrar->register('D://xampp//htdocs...')
#6 D:/xampp/htdocs/Laravel-Assessment/laravel-assessment/vendor/laravel/framework/src/Illuminate/Routing/Router.php(465): Illuminate/Routing/Router->loadRoutes('D://xampp//htdocs...')
#7 D:/xampp/htdocs/Laravel-Assessment/laravel-assessment/vendor/laravel/framework/src/Illuminate/Routing/RouteRegistrar.php(194): Illuminate/Routing/Router->group(Array, 'D://xampp//htdocs...')
#8 D:/xampp/htdocs/Laravel-Assessment/laravel-assessment/app/Providers/RouteServiceProvider.php(34): Illuminate/Routing/RouteRegistrar->group('D://xampp//htdocs...')
#9 D:/xampp/htdocs/Laravel-Assessment/laravel-assessment/vendor/laravel/framework/src/Illuminate/Container/BoundMethod.php(36): App/Providers/RouteServiceProvider->App/Providers/{closure}()
#10 D:/xampp/htdocs/Laravel-Assessment/laravel-assessment/vendor/laravel/framework/src/Illuminate/Container/Util.php(41): Illuminate/Container/BoundMethod::Illuminate/Container/{closure}()
#11 D:/xampp/htdocs/Laravel-Assessment/laravel-assessment/vendor/laravel/framework/src/Illuminate/Container/BoundMethod.php(81): Illuminate/Container/Util::unwrapIfClosure(Object(Closure))
#12 D:/xampp/htdocs/Laravel-Assessment/laravel-assessment/vendor/laravel/framework/src/Illuminate/Container/BoundMethod.php(37): Illuminate/Container/BoundMethod::callBoundMethod(Object(Illuminate/Foundation/Application), Object(Closure), Object(Closure))
#13 D:/xampp/htdocs/Laravel-Assessment/laravel-assessment/vendor/laravel/framework/src/Illuminate/Container/Container.php(662): Illuminate/Container/BoundMethod::call(Object(Illuminate/Foundation/Application), Object(Closure), Array, NULL)
#14 D:/xampp/htdocs/Laravel-Assessment/laravel-assessment/vendor/laravel/framework/src/Illuminate/Foundation/Support/Providers/RouteServiceProvider.php(120): Illuminate/Container/Container->call(Object(Closure))
#15 D:/xampp/htdocs/Laravel-Assessment/laravel-assessment/vendor/laravel/framework/src/Illuminate/Foundation/Support/Providers/RouteServiceProvider.php(45): Illuminate/Foundation/Support/Providers/RouteServiceProvider->loadRoutes()
#16 D:/xampp/htdocs/Laravel-Assessment/laravel-assessment/vendor/laravel/framework/src/Illuminate/Container/BoundMethod.php(36): Illuminate/Foundation/Support/Providers/RouteServiceProvider->Illuminate/Foundation/Support/Providers/{closure}()
#17 D:/xampp/htdocs/Laravel-Assessment/laravel-assessment/vendor/laravel/framework/src/Illuminate/Container/Util.php(41): Illuminate/Container/BoundMethod::Illuminate/Container/{closure}()
#18 D:/xampp/htdocs/Laravel-Assessment/laravel-assessment/vendor/laravel/framework/src/Illuminate/Container/BoundMethod.php(81): Illuminate/Container/Util::unwrapIfClosure(Object(Closure))
#19 D:/xampp/htdocs/Laravel-Assessment/laravel-assessment/vendor/laravel/framework/src/Illuminate/Container/BoundMethod.php(37): Illuminate/Container/BoundMethod::callBoundMethod(Object(Illuminate/Foundation/Application), Object(Closure), Object(Closure))
#20 D:/xampp/htdocs/Laravel-Assessment/laravel-assessment/vendor/laravel/framework/src/Illuminate/Container/Container.php(662): Illuminate/Container/BoundMethod::call(Object(Illuminate/Foundation/Application), Object(Closure), Array, NULL)
#21 D:/xampp/htdocs/Laravel-Assessment/laravel-assessment/vendor/laravel/framework/src/Illuminate/Support/ServiceProvider.php(119): Illuminate/Container/Container->call(Object(Closure))
#22 D:/xampp/htdocs/Laravel-Assessment/laravel-assessment/vendor/laravel/framework/src/Illuminate/Foundation/Application.php(1062): Illuminate/Support/ServiceProvider->callBootedCallbacks()
#23 D:/xampp/htdocs/Laravel-Assessment/laravel-assessment/vendor/laravel/framework/src/Illuminate/Foundation/Application.php(1040): Illuminate/Foundation/Application->bootProvider(Object(App/Providers/RouteServiceProvider))
#24 [internal function]: Illuminate/Foundation/Application->Illuminate/Foundation/{closure}(Object(App/Providers/RouteServiceProvider), 24)
#25 D:/xampp/htdocs/Laravel-Assessment/laravel-assessment/vendor/laravel/framework/src/Illuminate/Foundation/Application.php(1041): array_walk(Array, Object(Closure))
#26 D:/xampp/htdocs/Laravel-Assessment/laravel-assessment/vendor/laravel/framework/src/Illuminate/Foundation/Bootstrap/BootProviders.php(17): Illuminate/Foundation/Application->boot()
#27 D:/xampp/htdocs/Laravel-Assessment/laravel-assessment/vendor/laravel/framework/src/Illuminate/Foundation/Application.php(286): Illuminate/Foundation/Bootstrap/BootProviders->bootstrap(Object(Illuminate/Foundation/Application))
#28 D:/xampp/htdocs/Laravel-Assessment/laravel-assessment/vendor/laravel/framework/src/Illuminate/Foundation/Console/Kernel.php(447): Illuminate/Foundation/Application->bootstrapWith(Array)
#29 D:/xampp/htdocs/Laravel-Assessment/laravel-assessment/vendor/laravel/framework/src/Illuminate/Foundation/Console/Kernel.php(199): Illuminate/Foundation/Console/Kernel->bootstrap()
#30 D:/xampp/htdocs/Laravel-Assessment/laravel-assessment/artisan(37): Illuminate/Foundation/Console/Kernel->handle(Object(Symfony/Component/Console/Input/ArgvInput), Object(Symfony/Component/Console/Output/ConsoleOutput))
#31 {main}
"} 
[2026-07-14 06:07:58] local.ERROR: Undefined constant "updateleave" {"exception":"[object] (Error(code: 0): Undefined constant \"updateleave\" at D:/xampp/htdocs/Laravel-Assessment/laravel-assessment/routes/api.php:38)
[stacktrace]
#0 D:/xampp/htdocs/Laravel-Assessment/laravel-assessment/vendor/laravel/framework/src/Illuminate/Routing/Router.php(509): Illuminate/Routing/RouteFileRegistrar->{closure}(Object(Illuminate/Routing/Router))
#1 D:/xampp/htdocs/Laravel-Assessment/laravel-assessment/vendor/laravel/framework/src/Illuminate/Routing/Router.php(465): Illuminate/Routing/Router->loadRoutes(Object(Closure))
#2 D:/xampp/htdocs/Laravel-Assessment/laravel-assessment/vendor/laravel/framework/src/Illuminate/Routing/RouteRegistrar.php(194): Illuminate/Routing/Router->group(Array, Object(Closure))
#3 D:/xampp/htdocs/Laravel-Assessment/laravel-assessment/routes/api.php(46): Illuminate/Routing/RouteRegistrar->group(Object(Closure))
#4 D:/xampp/htdocs/Laravel-Assessment/laravel-assessment/vendor/laravel/framework/src/Illuminate/Routing/RouteFileRegistrar.php(35): require('D://xampp//htdocs...')
#5 D:/xampp/htdocs/Laravel-Assessment/laravel-assessment/vendor/laravel/framework/src/Illuminate/Routing/Router.php(511): Illuminate/Routing/RouteFileRegistrar->register('D://xampp//htdocs...')
#6 D:/xampp/htdocs/Laravel-Assessment/laravel-assessment/vendor/laravel/framework/src/Illuminate/Routing/Router.php(465): Illuminate/Routing/Router->loadRoutes('D://xampp//htdocs...')
#7 D:/xampp/htdocs/Laravel-Assessment/laravel-assessment/vendor/laravel/framework/src/Illuminate/Routing/RouteRegistrar.php(194): Illuminate/Routing/Router->group(Array, 'D://xampp//htdocs...')
#8 D:/xampp/htdocs/Laravel-Assessment/laravel-assessment/app/Providers/RouteServiceProvider.php(34): Illuminate/Routing/RouteRegistrar->group('D://xampp//htdocs...')
#9 D:/xampp/htdocs/Laravel-Assessment/laravel-assessment/vendor/laravel/framework/src/Illuminate/Container/BoundMethod.php(36): App/Providers/RouteServiceProvider->App/Providers/{closure}()
#10 D:/xampp/htdocs/Laravel-Assessment/laravel-assessment/vendor/laravel/framework/src/Illuminate/Container/Util.php(41): Illuminate/Container/BoundMethod::Illuminate/Container/{closure}()
#11 D:/xampp/htdocs/Laravel-Assessment/laravel-assessment/vendor/laravel/framework/src/Illuminate/Container/BoundMethod.php(81): Illuminate/Container/Util::unwrapIfClosure(Object(Closure))
#12 D:/xampp/htdocs/Laravel-Assessment/laravel-assessment/vendor/laravel/framework/src/Illuminate/Container/BoundMethod.php(37): Illuminate/Container/BoundMethod::callBoundMethod(Object(Illuminate/Foundation/Application), Object(Closure), Object(Closure))
#13 D:/xampp/htdocs/Laravel-Assessment/laravel-assessment/vendor/laravel/framework/src/Illuminate/Container/Container.php(662): Illuminate/Container/BoundMethod::call(Object(Illuminate/Foundation/Application), Object(Closure), Array, NULL)
#14 D:/xampp/htdocs/Laravel-Assessment/laravel-assessment/vendor/laravel/framework/src/Illuminate/Foundation/Support/Providers/RouteServiceProvider.php(120): Illuminate/Container/Container->call(Object(Closure))
#15 D:/xampp/htdocs/Laravel-Assessment/laravel-assessment/vendor/laravel/framework/src/Illuminate/Foundation/Support/Providers/RouteServiceProvider.php(45): Illuminate/Foundation/Support/Providers/RouteServiceProvider->loadRoutes()
#16 D:/xampp/htdocs/Laravel-Assessment/laravel-assessment/vendor/laravel/framework/src/Illuminate/Container/BoundMethod.php(36): Illuminate/Foundation/Support/Providers/RouteServiceProvider->Illuminate/Foundation/Support/Providers/{closure}()
#17 D:/xampp/htdocs/Laravel-Assessment/laravel-assessment/vendor/laravel/framework/src/Illuminate/Container/Util.php(41): Illuminate/Container/BoundMethod::Illuminate/Container/{closure}()
#18 D:/xampp/htdocs/Laravel-Assessment/laravel-assessment/vendor/laravel/framework/src/Illuminate/Container/BoundMethod.php(81): Illuminate/Container/Util::unwrapIfClosure(Object(Closure))
#19 D:/xampp/htdocs/Laravel-Assessment/laravel-assessment/vendor/laravel/framework/src/Illuminate/Container/BoundMethod.php(37): Illuminate/Container/BoundMethod::callBoundMethod(Object(Illuminate/Foundation/Application), Object(Closure), Object(Closure))
#20 D:/xampp/htdocs/Laravel-Assessment/laravel-assessment/vendor/laravel/framework/src/Illuminate/Container/Container.php(662): Illuminate/Container/BoundMethod::call(Object(Illuminate/Foundation/Application), Object(Closure), Array, NULL)
#21 D:/xampp/htdocs/Laravel-Assessment/laravel-assessment/vendor/laravel/framework/src/Illuminate/Support/ServiceProvider.php(119): Illuminate/Container/Container->call(Object(Closure))
#22 D:/xampp/htdocs/Laravel-Assessment/laravel-assessment/vendor/laravel/framework/src/Illuminate/Foundation/Application.php(1062): Illuminate/Support/ServiceProvider->callBootedCallbacks()
#23 D:/xampp/htdocs/Laravel-Assessment/laravel-assessment/vendor/laravel/framework/src/Illuminate/Foundation/Application.php(1040): Illuminate/Foundation/Application->bootProvider(Object(App/Providers/RouteServiceProvider))
#24 [internal function]: Illuminate/Foundation/Application->Illuminate/Foundation/{closure}(Object(App/Providers/RouteServiceProvider), 24)
#25 D:/xampp/htdocs/Laravel-Assessment/laravel-assessment/vendor/laravel/framework/src/Illuminate/Foundation/Application.php(1041): array_walk(Array, Object(Closure))
#26 D:/xampp/htdocs/Laravel-Assessment/laravel-assessment/vendor/laravel/framework/src/Illuminate/Foundation/Bootstrap/BootProviders.php(17): Illuminate/Foundation/Application->boot()
#27 D:/xampp/htdocs/Laravel-Assessment/laravel-assessment/vendor/laravel/framework/src/Illuminate/Foundation/Application.php(286): Illuminate/Foundation/Bootstrap/BootProviders->bootstrap(Object(Illuminate/Foundation/Application))
#28 D:/xampp/htdocs/Laravel-Assessment/laravel-assessment/vendor/laravel/framework/src/Illuminate/Foundation/Console/Kernel.php(447): Illuminate/Foundation/Application->bootstrapWith(Array)
#29 D:/xampp/htdocs/Laravel-Assessment/laravel-assessment/vendor/laravel/framework/src/Illuminate/Foundation/Console/Kernel.php(199): Illuminate/Foundation/Console/Kernel->bootstrap()
#30 D:/xampp/htdocs/Laravel-Assessment/laravel-assessment/artisan(37): Illuminate/Foundation/Console/Kernel->handle(Object(Symfony/Component/Console/Input/ArgvInput), Object(Symfony/Component/Console/Output/ConsoleOutput))
#31 {main}
"} 
[2026-07-14 06:07:59] local.ERROR: Undefined constant "updateleave" {"exception":"[object] (Error(code: 0): Undefined constant \"updateleave\" at D:/xampp/htdocs/Laravel-Assessment/laravel-assessment/routes/api.php:38)
[stacktrace]
#0 D:/xampp/htdocs/Laravel-Assessment/laravel-assessment/vendor/laravel/framework/src/Illuminate/Routing/Router.php(509): Illuminate/Routing/RouteFileRegistrar->{closure}(Object(Illuminate/Routing/Router))
#1 D:/xampp/htdocs/Laravel-Assessment/laravel-assessment/vendor/laravel/framework/src/Illuminate/Routing/Router.php(465): Illuminate/Routing/Router->loadRoutes(Object(Closure))
#2 D:/xampp/htdocs/Laravel-Assessment/laravel-assessment/vendor/laravel/framework/src/Illuminate/Routing/RouteRegistrar.php(194): Illuminate/Routing/Router->group(Array, Object(Closure))
#3 D:/xampp/htdocs/Laravel-Assessment/laravel-assessment/routes/api.php(46): Illuminate/Routing/RouteRegistrar->group(Object(Closure))
#4 D:/xampp/htdocs/Laravel-Assessment/laravel-assessment/vendor/laravel/framework/src/Illuminate/Routing/RouteFileRegistrar.php(35): require('D://xampp//htdocs...')
#5 D:/xampp/htdocs/Laravel-Assessment/laravel-assessment/vendor/laravel/framework/src/Illuminate/Routing/Router.php(511): Illuminate/Routing/RouteFileRegistrar->register('D://xampp//htdocs...')
#6 D:/xampp/htdocs/Laravel-Assessment/laravel-assessment/vendor/laravel/framework/src/Illuminate/Routing/Router.php(465): Illuminate/Routing/Router->loadRoutes('D://xampp//htdocs...')
#7 D:/xampp/htdocs/Laravel-Assessment/laravel-assessment/vendor/laravel/framework/src/Illuminate/Routing/RouteRegistrar.php(194): Illuminate/Routing/Router->group(Array, 'D://xampp//htdocs...')
#8 D:/xampp/htdocs/Laravel-Assessment/laravel-assessment/app/Providers/RouteServiceProvider.php(34): Illuminate/Routing/RouteRegistrar->group('D://xampp//htdocs...')
#9 D:/xampp/htdocs/Laravel-Assessment/laravel-assessment/vendor/laravel/framework/src/Illuminate/Container/BoundMethod.php(36): App/Providers/RouteServiceProvider->App/Providers/{closure}()
#10 D:/xampp/htdocs/Laravel-Assessment/laravel-assessment/vendor/laravel/framework/src/Illuminate/Container/Util.php(41): Illuminate/Container/BoundMethod::Illuminate/Container/{closure}()
#11 D:/xampp/htdocs/Laravel-Assessment/laravel-assessment/vendor/laravel/framework/src/Illuminate/Container/BoundMethod.php(81): Illuminate/Container/Util::unwrapIfClosure(Object(Closure))
#12 D:/xampp/htdocs/Laravel-Assessment/laravel-assessment/vendor/laravel/framework/src/Illuminate/Container/BoundMethod.php(37): Illuminate/Container/BoundMethod::callBoundMethod(Object(Illuminate/Foundation/Application), Object(Closure), Object(Closure))
#13 D:/xampp/htdocs/Laravel-Assessment/laravel-assessment/vendor/laravel/framework/src/Illuminate/Container/Container.php(662): Illuminate/Container/BoundMethod::call(Object(Illuminate/Foundation/Application), Object(Closure), Array, NULL)
#14 D:/xampp/htdocs/Laravel-Assessment/laravel-assessment/vendor/laravel/framework/src/Illuminate/Foundation/Support/Providers/RouteServiceProvider.php(120): Illuminate/Container/Container->call(Object(Closure))
#15 D:/xampp/htdocs/Laravel-Assessment/laravel-assessment/vendor/laravel/framework/src/Illuminate/Foundation/Support/Providers/RouteServiceProvider.php(45): Illuminate/Foundation/Support/Providers/RouteServiceProvider->loadRoutes()
#16 D:/xampp/htdocs/Laravel-Assessment/laravel-assessment/vendor/laravel/framework/src/Illuminate/Container/BoundMethod.php(36): Illuminate/Foundation/Support/Providers/RouteServiceProvider->Illuminate/Foundation/Support/Providers/{closure}()
#17 D:/xampp/htdocs/Laravel-Assessment/laravel-assessment/vendor/laravel/framework/src/Illuminate/Container/Util.php(41): Illuminate/Container/BoundMethod::Illuminate/Container/{closure}()
#18 D:/xampp/htdocs/Laravel-Assessment/laravel-assessment/vendor/laravel/framework/src/Illuminate/Container/BoundMethod.php(81): Illuminate/Container/Util::unwrapIfClosure(Object(Closure))
#19 D:/xampp/htdocs/Laravel-Assessment/laravel-assessment/vendor/laravel/framework/src/Illuminate/Container/BoundMethod.php(37): Illuminate/Container/BoundMethod::callBoundMethod(Object(Illuminate/Foundation/Application), Object(Closure), Object(Closure))
#20 D:/xampp/htdocs/Laravel-Assessment/laravel-assessment/vendor/laravel/framework/src/Illuminate/Container/Container.php(662): Illuminate/Container/BoundMethod::call(Object(Illuminate/Foundation/Application), Object(Closure), Array, NULL)
#21 D:/xampp/htdocs/Laravel-Assessment/laravel-assessment/vendor/laravel/framework/src/Illuminate/Support/ServiceProvider.php(119): Illuminate/Container/Container->call(Object(Closure))
#22 D:/xampp/htdocs/Laravel-Assessment/laravel-assessment/vendor/laravel/framework/src/Illuminate/Foundation/Application.php(1062): Illuminate/Support/ServiceProvider->callBootedCallbacks()
#23 D:/xampp/htdocs/Laravel-Assessment/laravel-assessment/vendor/laravel/framework/src/Illuminate/Foundation/Application.php(1040): Illuminate/Foundation/Application->bootProvider(Object(App/Providers/RouteServiceProvider))
#24 [internal function]: Illuminate/Foundation/Application->Illuminate/Foundation/{closure}(Object(App/Providers/RouteServiceProvider), 24)
#25 D:/xampp/htdocs/Laravel-Assessment/laravel-assessment/vendor/laravel/framework/src/Illuminate/Foundation/Application.php(1041): array_walk(Array, Object(Closure))
#26 D:/xampp/htdocs/Laravel-Assessment/laravel-assessment/vendor/laravel/framework/src/Illuminate/Foundation/Bootstrap/BootProviders.php(17): Illuminate/Foundation/Application->boot()
#27 D:/xampp/htdocs/Laravel-Assessment/laravel-assessment/vendor/laravel/framework/src/Illuminate/Foundation/Application.php(286): Illuminate/Foundation/Bootstrap/BootProviders->bootstrap(Object(Illuminate/Foundation/Application))
#28 D:/xampp/htdocs/Laravel-Assessment/laravel-assessment/vendor/laravel/framework/src/Illuminate/Foundation/Console/Kernel.php(447): Illuminate/Foundation/Application->bootstrapWith(Array)
#29 D:/xampp/htdocs/Laravel-Assessment/laravel-assessment/vendor/laravel/framework/src/Illuminate/Foundation/Console/Kernel.php(199): Illuminate/Foundation/Console/Kernel->bootstrap()
#30 D:/xampp/htdocs/Laravel-Assessment/laravel-assessment/artisan(37): Illuminate/Foundation/Console/Kernel->handle(Object(Symfony/Component/Console/Input/ArgvInput), Object(Symfony/Component/Console/Output/ConsoleOutput))
#31 {main}
"} 
[2026-07-14 06:08:30] local.ERROR: Method Illuminate\Http\Request::Validate does not exist. {"userId":1,"exception":"[object] (BadMethodCallException(code: 0): Method Illuminate\\Http\\Request::Validate does not exist. at D:/xampp/htdocs/Laravel-Assessment/laravel-assessment/vendor/laravel/framework/src/Illuminate/Macroable/Traits/Macroable.php:112)
[stacktrace]
#0 D:/xampp/htdocs/Laravel-Assessment/laravel-assessment/app/Http/Controllers/leaveController.php(65): Illuminate/Http/Request->__call('Validate', Array)
#1 D:/xampp/htdocs/Laravel-Assessment/laravel-assessment/vendor/laravel/framework/src/Illuminate/Routing/Controller.php(54): App/Http/Controllers/leaveController->updateleave(Object(Illuminate/Http/Request), '1')
#2 D:/xampp/htdocs/Laravel-Assessment/laravel-assessment/vendor/laravel/framework/src/Illuminate/Routing/ControllerDispatcher.php(43): Illuminate/Routing/Controller->callAction('updateleave', Array)
#3 D:/xampp/htdocs/Laravel-Assessment/laravel-assessment/vendor/laravel/framework/src/Illuminate/Routing/Route.php(260): Illuminate/Routing/ControllerDispatcher->dispatch(Object(Illuminate/Routing/Route), Object(App/Http/Controllers/leaveController), 'updateleave')
#4 D:/xampp/htdocs/Laravel-Assessment/laravel-assessment/vendor/laravel/framework/src/Illuminate/Routing/Route.php(205): Illuminate/Routing/Route->runController()
#5 D:/xampp/htdocs/Laravel-Assessment/laravel-assessment/vendor/laravel/framework/src/Illuminate/Routing/Router.php(806): Illuminate/Routing/Route->run()
#6 D:/xampp/htdocs/Laravel-Assessment/laravel-assessment/vendor/laravel/framework/src/Illuminate/Pipeline/Pipeline.php(144): Illuminate/Routing/Router->Illuminate/Routing/{closure}(Object(Illuminate/Http/Request))
#7 D:/xampp/htdocs/Laravel-Assessment/laravel-assessment/vendor/laravel/framework/src/Illuminate/Routing/Middleware/SubstituteBindings.php(50): Illuminate/Pipeline/Pipeline->Illuminate/Pipeline/{closure}(Object(Illuminate/Http/Request))
#8 D:/xampp/htdocs/Laravel-Assessment/laravel-assessment/vendor/laravel/framework/src/Illuminate/Pipeline/Pipeline.php(183): Illuminate/Routing/Middleware/SubstituteBindings->handle(Object(Illuminate/Http/Request), Object(Closure))
#9 D:/xampp/htdocs/Laravel-Assessment/laravel-assessment/vendor/laravel/framework/src/Illuminate/Routing/Middleware/ThrottleRequests.php(159): Illuminate/Pipeline/Pipeline->Illuminate/Pipeline/{closure}(Object(Illuminate/Http/Request))
#10 D:/xampp/htdocs/Laravel-Assessment/laravel-assessment/vendor/laravel/framework/src/Illuminate/Routing/Middleware/ThrottleRequests.php(135): Illuminate/Routing/Middleware/ThrottleRequests->handleRequest(Object(Illuminate/Http/Request), Object(Closure), Array)
#11 D:/xampp/htdocs/Laravel-Assessment/laravel-assessment/vendor/laravel/framework/src/Illuminate/Routing/Middleware/ThrottleRequests.php(87): Illuminate/Routing/Middleware/ThrottleRequests->handleRequestUsingNamedLimiter(Object(Illuminate/Http/Request), Object(Closure), 'api', Object(Closure))
#12 D:/xampp/htdocs/Laravel-Assessment/laravel-assessment/vendor/laravel/framework/src/Illuminate/Pipeline/Pipeline.php(183): Illuminate/Routing/Middleware/ThrottleRequests->handle(Object(Illuminate/Http/Request), Object(Closure), 'api')
#13 D:/xampp/htdocs/Laravel-Assessment/laravel-assessment/vendor/laravel/framework/src/Illuminate/Auth/Middleware/Authenticate.php(57): Illuminate/Pipeline/Pipeline->Illuminate/Pipeline/{closure}(Object(Illuminate/Http/Request))
#14 D:/xampp/htdocs/Laravel-Assessment/laravel-assessment/vendor/laravel/framework/src/Illuminate/Pipeline/Pipeline.php(183): Illuminate/Auth/Middleware/Authenticate->handle(Object(Illuminate/Http/Request), Object(Closure), 'api')
#15 D:/xampp/htdocs/Laravel-Assessment/laravel-assessment/vendor/laravel/framework/src/Illuminate/Pipeline/Pipeline.php(119): Illuminate/Pipeline/Pipeline->Illuminate/Pipeline/{closure}(Object(Illuminate/Http/Request))
#16 D:/xampp/htdocs/Laravel-Assessment/laravel-assessment/vendor/laravel/framework/src/Illuminate/Routing/Router.php(807): Illuminate/Pipeline/Pipeline->then(Object(Closure))
#17 D:/xampp/htdocs/Laravel-Assessment/laravel-assessment/vendor/laravel/framework/src/Illuminate/Routing/Router.php(784): Illuminate/Routing/Router->runRouteWithinStack(Object(Illuminate/Routing/Route), Object(Illuminate/Http/Request))
#18 D:/xampp/htdocs/Laravel-Assessment/laravel-assessment/vendor/laravel/framework/src/Illuminate/Routing/Router.php(748): Illuminate/Routing/Router->runRoute(Object(Illuminate/Http/Request), Object(Illuminate/Routing/Route))
#19 D:/xampp/htdocs/Laravel-Assessment/laravel-assessment/vendor/laravel/framework/src/Illuminate/Routing/Router.php(737): Illuminate/Routing/Router->dispatchToRoute(Object(Illuminate/Http/Request))
#20 D:/xampp/htdocs/Laravel-Assessment/laravel-assessment/vendor/laravel/framework/src/Illuminate/Foundation/Http/Kernel.php(200): Illuminate/Routing/Router->dispatch(Object(Illuminate/Http/Request))
#21 D:/xampp/htdocs/Laravel-Assessment/laravel-assessment/vendor/laravel/framework/src/Illuminate/Pipeline/Pipeline.php(144): Illuminate/Foundation/Http/Kernel->Illuminate/Foundation/Http/{closure}(Object(Illuminate/Http/Request))
#22 D:/xampp/htdocs/Laravel-Assessment/laravel-assessment/vendor/laravel/framework/src/Illuminate/Foundation/Http/Middleware/TransformsRequest.php(21): Illuminate/Pipeline/Pipeline->Illuminate/Pipeline/{closure}(Object(Illuminate/Http/Request))
#23 D:/xampp/htdocs/Laravel-Assessment/laravel-assessment/vendor/laravel/framework/src/Illuminate/Foundation/Http/Middleware/ConvertEmptyStringsToNull.php(31): Illuminate/Foundation/Http/Middleware/TransformsRequest->handle(Object(Illuminate/Http/Request), Object(Closure))
#24 D:/xampp/htdocs/Laravel-Assessment/laravel-assessment/vendor/laravel/framework/src/Illuminate/Pipeline/Pipeline.php(183): Illuminate/Foundation/Http/Middleware/ConvertEmptyStringsToNull->handle(Object(Illuminate/Http/Request), Object(Closure))
#25 D:/xampp/htdocs/Laravel-Assessment/laravel-assessment/vendor/laravel/framework/src/Illuminate/Foundation/Http/Middleware/TransformsRequest.php(21): Illuminate/Pipeline/Pipeline->Illuminate/Pipeline/{closure}(Object(Illuminate/Http/Request))
#26 D:/xampp/htdocs/Laravel-Assessment/laravel-assessment/vendor/laravel/framework/src/Illuminate/Foundation/Http/Middleware/TrimStrings.php(40): Illuminate/Foundation/Http/Middleware/TransformsRequest->handle(Object(Illuminate/Http/Request), Object(Closure))
#27 D:/xampp/htdocs/Laravel-Assessment/laravel-assessment/vendor/laravel/framework/src/Illuminate/Pipeline/Pipeline.php(183): Illuminate/Foundation/Http/Middleware/TrimStrings->handle(Object(Illuminate/Http/Request), Object(Closure))
#28 D:/xampp/htdocs/Laravel-Assessment/laravel-assessment/vendor/laravel/framework/src/Illuminate/Foundation/Http/Middleware/ValidatePostSize.php(27): Illuminate/Pipeline/Pipeline->Illuminate/Pipeline/{closure}(Object(Illuminate/Http/Request))
#29 D:/xampp/htdocs/Laravel-Assessment/laravel-assessment/vendor/laravel/framework/src/Illuminate/Pipeline/Pipeline.php(183): Illuminate/Foundation/Http/Middleware/ValidatePostSize->handle(Object(Illuminate/Http/Request), Object(Closure))
#30 D:/xampp/htdocs/Laravel-Assessment/laravel-assessment/vendor/laravel/framework/src/Illuminate/Foundation/Http/Middleware/PreventRequestsDuringMaintenance.php(99): Illuminate/Pipeline/Pipeline->Illuminate/Pipeline/{closure}(Object(Illuminate/Http/Request))
#31 D:/xampp/htdocs/Laravel-Assessment/laravel-assessment/vendor/laravel/framework/src/Illuminate/Pipeline/Pipeline.php(183): Illuminate/Foundation/Http/Middleware/PreventRequestsDuringMaintenance->handle(Object(Illuminate/Http/Request), Object(Closure))
#32 D:/xampp/htdocs/Laravel-Assessment/laravel-assessment/vendor/laravel/framework/src/Illuminate/Http/Middleware/HandleCors.php(62): Illuminate/Pipeline/Pipeline->Illuminate/Pipeline/{closure}(Object(Illuminate/Http/Request))
#33 D:/xampp/htdocs/Laravel-Assessment/laravel-assessment/vendor/laravel/framework/src/Illuminate/Pipeline/Pipeline.php(183): Illuminate/Http/Middleware/HandleCors->handle(Object(Illuminate/Http/Request), Object(Closure))
#34 D:/xampp/htdocs/Laravel-Assessment/laravel-assessment/vendor/laravel/framework/src/Illuminate/Http/Middleware/TrustProxies.php(39): Illuminate/Pipeline/Pipeline->Illuminate/Pipeline/{closure}(Object(Illuminate/Http/Request))
#35 D:/xampp/htdocs/Laravel-Assessment/laravel-assessment/vendor/laravel/framework/src/Illuminate/Pipeline/Pipeline.php(183): Illuminate/Http/Middleware/TrustProxies->handle(Object(Illuminate/Http/Request), Object(Closure))
#36 D:/xampp/htdocs/Laravel-Assessment/laravel-assessment/vendor/laravel/framework/src/Illuminate/Pipeline/Pipeline.php(119): Illuminate/Pipeline/Pipeline->Illuminate/Pipeline/{closure}(Object(Illuminate/Http/Request))
#37 D:/xampp/htdocs/Laravel-Assessment/laravel-assessment/vendor/laravel/framework/src/Illuminate/Foundation/Http/Kernel.php(175): Illuminate/Pipeline/Pipeline->then(Object(Closure))
#38 D:/xampp/htdocs/Laravel-Assessment/laravel-assessment/vendor/laravel/framework/src/Illuminate/Foundation/Http/Kernel.php(144): Illuminate/Foundation/Http/Kernel->sendRequestThroughRouter(Object(Illuminate/Http/Request))
#39 D:/xampp/htdocs/Laravel-Assessment/laravel-assessment/public/index.php(52): Illuminate/Foundation/Http/Kernel->handle(Object(Illuminate/Http/Request))
#40 D:/xampp/htdocs/Laravel-Assessment/laravel-assessment/vendor/laravel/framework/src/Illuminate/Foundation/resources/server.php(16): require_once('D://xampp//htdocs...')
#41 {main}
"} 
[2026-07-14 06:08:44] local.ERROR: Method Illuminate\Http\Request::Validate does not exist. {"userId":1,"exception":"[object] (BadMethodCallException(code: 0): Method Illuminate\\Http\\Request::Validate does not exist. at D:/xampp/htdocs/Laravel-Assessment/laravel-assessment/vendor/laravel/framework/src/Illuminate/Macroable/Traits/Macroable.php:112)
[stacktrace]
#0 D:/xampp/htdocs/Laravel-Assessment/laravel-assessment/app/Http/Controllers/leaveController.php(65): Illuminate/Http/Request->__call('Validate', Array)
#1 D:/xampp/htdocs/Laravel-Assessment/laravel-assessment/vendor/laravel/framework/src/Illuminate/Routing/Controller.php(54): App/Http/Controllers/leaveController->updateleave(Object(Illuminate/Http/Request), '1')
#2 D:/xampp/htdocs/Laravel-Assessment/laravel-assessment/vendor/laravel/framework/src/Illuminate/Routing/ControllerDispatcher.php(43): Illuminate/Routing/Controller->callAction('updateleave', Array)
#3 D:/xampp/htdocs/Laravel-Assessment/laravel-assessment/vendor/laravel/framework/src/Illuminate/Routing/Route.php(260): Illuminate/Routing/ControllerDispatcher->dispatch(Object(Illuminate/Routing/Route), Object(App/Http/Controllers/leaveController), 'updateleave')
#4 D:/xampp/htdocs/Laravel-Assessment/laravel-assessment/vendor/laravel/framework/src/Illuminate/Routing/Route.php(205): Illuminate/Routing/Route->runController()
#5 D:/xampp/htdocs/Laravel-Assessment/laravel-assessment/vendor/laravel/framework/src/Illuminate/Routing/Router.php(806): Illuminate/Routing/Route->run()
#6 D:/xampp/htdocs/Laravel-Assessment/laravel-assessment/vendor/laravel/framework/src/Illuminate/Pipeline/Pipeline.php(144): Illuminate/Routing/Router->Illuminate/Routing/{closure}(Object(Illuminate/Http/Request))
#7 D:/xampp/htdocs/Laravel-Assessment/laravel-assessment/vendor/laravel/framework/src/Illuminate/Routing/Middleware/SubstituteBindings.php(50): Illuminate/Pipeline/Pipeline->Illuminate/Pipeline/{closure}(Object(Illuminate/Http/Request))
#8 D:/xampp/htdocs/Laravel-Assessment/laravel-assessment/vendor/laravel/framework/src/Illuminate/Pipeline/Pipeline.php(183): Illuminate/Routing/Middleware/SubstituteBindings->handle(Object(Illuminate/Http/Request), Object(Closure))
#9 D:/xampp/htdocs/Laravel-Assessment/laravel-assessment/vendor/laravel/framework/src/Illuminate/Routing/Middleware/ThrottleRequests.php(159): Illuminate/Pipeline/Pipeline->Illuminate/Pipeline/{closure}(Object(Illuminate/Http/Request))
#10 D:/xampp/htdocs/Laravel-Assessment/laravel-assessment/vendor/laravel/framework/src/Illuminate/Routing/Middleware/ThrottleRequests.php(135): Illuminate/Routing/Middleware/ThrottleRequests->handleRequest(Object(Illuminate/Http/Request), Object(Closure), Array)
#11 D:/xampp/htdocs/Laravel-Assessment/laravel-assessment/vendor/laravel/framework/src/Illuminate/Routing/Middleware/ThrottleRequests.php(87): Illuminate/Routing/Middleware/ThrottleRequests->handleRequestUsingNamedLimiter(Object(Illuminate/Http/Request), Object(Closure), 'api', Object(Closure))
#12 D:/xampp/htdocs/Laravel-Assessment/laravel-assessment/vendor/laravel/framework/src/Illuminate/Pipeline/Pipeline.php(183): Illuminate/Routing/Middleware/ThrottleRequests->handle(Object(Illuminate/Http/Request), Object(Closure), 'api')
#13 D:/xampp/htdocs/Laravel-Assessment/laravel-assessment/vendor/laravel/framework/src/Illuminate/Auth/Middleware/Authenticate.php(57): Illuminate/Pipeline/Pipeline->Illuminate/Pipeline/{closure}(Object(Illuminate/Http/Request))
#14 D:/xampp/htdocs/Laravel-Assessment/laravel-assessment/vendor/laravel/framework/src/Illuminate/Pipeline/Pipeline.php(183): Illuminate/Auth/Middleware/Authenticate->handle(Object(Illuminate/Http/Request), Object(Closure), 'api')
#15 D:/xampp/htdocs/Laravel-Assessment/laravel-assessment/vendor/laravel/framework/src/Illuminate/Pipeline/Pipeline.php(119): Illuminate/Pipeline/Pipeline->Illuminate/Pipeline/{closure}(Object(Illuminate/Http/Request))
#16 D:/xampp/htdocs/Laravel-Assessment/laravel-assessment/vendor/laravel/framework/src/Illuminate/Routing/Router.php(807): Illuminate/Pipeline/Pipeline->then(Object(Closure))
#17 D:/xampp/htdocs/Laravel-Assessment/laravel-assessment/vendor/laravel/framework/src/Illuminate/Routing/Router.php(784): Illuminate/Routing/Router->runRouteWithinStack(Object(Illuminate/Routing/Route), Object(Illuminate/Http/Request))
#18 D:/xampp/htdocs/Laravel-Assessment/laravel-assessment/vendor/laravel/framework/src/Illuminate/Routing/Router.php(748): Illuminate/Routing/Router->runRoute(Object(Illuminate/Http/Request), Object(Illuminate/Routing/Route))
#19 D:/xampp/htdocs/Laravel-Assessment/laravel-assessment/vendor/laravel/framework/src/Illuminate/Routing/Router.php(737): Illuminate/Routing/Router->dispatchToRoute(Object(Illuminate/Http/Request))
#20 D:/xampp/htdocs/Laravel-Assessment/laravel-assessment/vendor/laravel/framework/src/Illuminate/Foundation/Http/Kernel.php(200): Illuminate/Routing/Router->dispatch(Object(Illuminate/Http/Request))
#21 D:/xampp/htdocs/Laravel-Assessment/laravel-assessment/vendor/laravel/framework/src/Illuminate/Pipeline/Pipeline.php(144): Illuminate/Foundation/Http/Kernel->Illuminate/Foundation/Http/{closure}(Object(Illuminate/Http/Request))
#22 D:/xampp/htdocs/Laravel-Assessment/laravel-assessment/vendor/laravel/framework/src/Illuminate/Foundation/Http/Middleware/TransformsRequest.php(21): Illuminate/Pipeline/Pipeline->Illuminate/Pipeline/{closure}(Object(Illuminate/Http/Request))
#23 D:/xampp/htdocs/Laravel-Assessment/laravel-assessment/vendor/laravel/framework/src/Illuminate/Foundation/Http/Middleware/ConvertEmptyStringsToNull.php(31): Illuminate/Foundation/Http/Middleware/TransformsRequest->handle(Object(Illuminate/Http/Request), Object(Closure))
#24 D:/xampp/htdocs/Laravel-Assessment/laravel-assessment/vendor/laravel/framework/src/Illuminate/Pipeline/Pipeline.php(183): Illuminate/Foundation/Http/Middleware/ConvertEmptyStringsToNull->handle(Object(Illuminate/Http/Request), Object(Closure))
#25 D:/xampp/htdocs/Laravel-Assessment/laravel-assessment/vendor/laravel/framework/src/Illuminate/Foundation/Http/Middleware/TransformsRequest.php(21): Illuminate/Pipeline/Pipeline->Illuminate/Pipeline/{closure}(Object(Illuminate/Http/Request))
#26 D:/xampp/htdocs/Laravel-Assessment/laravel-assessment/vendor/laravel/framework/src/Illuminate/Foundation/Http/Middleware/TrimStrings.php(40): Illuminate/Foundation/Http/Middleware/TransformsRequest->handle(Object(Illuminate/Http/Request), Object(Closure))
#27 D:/xampp/htdocs/Laravel-Assessment/laravel-assessment/vendor/laravel/framework/src/Illuminate/Pipeline/Pipeline.php(183): Illuminate/Foundation/Http/Middleware/TrimStrings->handle(Object(Illuminate/Http/Request), Object(Closure))
#28 D:/xampp/htdocs/Laravel-Assessment/laravel-assessment/vendor/laravel/framework/src/Illuminate/Foundation/Http/Middleware/ValidatePostSize.php(27): Illuminate/Pipeline/Pipeline->Illuminate/Pipeline/{closure}(Object(Illuminate/Http/Request))
#29 D:/xampp/htdocs/Laravel-Assessment/laravel-assessment/vendor/laravel/framework/src/Illuminate/Pipeline/Pipeline.php(183): Illuminate/Foundation/Http/Middleware/ValidatePostSize->handle(Object(Illuminate/Http/Request), Object(Closure))
#30 D:/xampp/htdocs/Laravel-Assessment/laravel-assessment/vendor/laravel/framework/src/Illuminate/Foundation/Http/Middleware/PreventRequestsDuringMaintenance.php(99): Illuminate/Pipeline/Pipeline->Illuminate/Pipeline/{closure}(Object(Illuminate/Http/Request))
#31 D:/xampp/htdocs/Laravel-Assessment/laravel-assessment/vendor/laravel/framework/src/Illuminate/Pipeline/Pipeline.php(183): Illuminate/Foundation/Http/Middleware/PreventRequestsDuringMaintenance->handle(Object(Illuminate/Http/Request), Object(Closure))
#32 D:/xampp/htdocs/Laravel-Assessment/laravel-assessment/vendor/laravel/framework/src/Illuminate/Http/Middleware/HandleCors.php(62): Illuminate/Pipeline/Pipeline->Illuminate/Pipeline/{closure}(Object(Illuminate/Http/Request))
#33 D:/xampp/htdocs/Laravel-Assessment/laravel-assessment/vendor/laravel/framework/src/Illuminate/Pipeline/Pipeline.php(183): Illuminate/Http/Middleware/HandleCors->handle(Object(Illuminate/Http/Request), Object(Closure))
#34 D:/xampp/htdocs/Laravel-Assessment/laravel-assessment/vendor/laravel/framework/src/Illuminate/Http/Middleware/TrustProxies.php(39): Illuminate/Pipeline/Pipeline->Illuminate/Pipeline/{closure}(Object(Illuminate/Http/Request))
#35 D:/xampp/htdocs/Laravel-Assessment/laravel-assessment/vendor/laravel/framework/src/Illuminate/Pipeline/Pipeline.php(183): Illuminate/Http/Middleware/TrustProxies->handle(Object(Illuminate/Http/Request), Object(Closure))
#36 D:/xampp/htdocs/Laravel-Assessment/laravel-assessment/vendor/laravel/framework/src/Illuminate/Pipeline/Pipeline.php(119): Illuminate/Pipeline/Pipeline->Illuminate/Pipeline/{closure}(Object(Illuminate/Http/Request))
#37 D:/xampp/htdocs/Laravel-Assessment/laravel-assessment/vendor/laravel/framework/src/Illuminate/Foundation/Http/Kernel.php(175): Illuminate/Pipeline/Pipeline->then(Object(Closure))
#38 D:/xampp/htdocs/Laravel-Assessment/laravel-assessment/vendor/laravel/framework/src/Illuminate/Foundation/Http/Kernel.php(144): Illuminate/Foundation/Http/Kernel->sendRequestThroughRouter(Object(Illuminate/Http/Request))
#39 D:/xampp/htdocs/Laravel-Assessment/laravel-assessment/public/index.php(52): Illuminate/Foundation/Http/Kernel->handle(Object(Illuminate/Http/Request))
#40 D:/xampp/htdocs/Laravel-Assessment/laravel-assessment/vendor/laravel/framework/src/Illuminate/Foundation/resources/server.php(16): require_once('D://xampp//htdocs...')
#41 {main}
"} 
[2026-07-14 06:09:22] local.ERROR: SQLSTATE[42S22]: Column not found: 1054 Unknown column '1' in 'where clause' (Connection: mysql, SQL: select count(*) as aggregate from `leave_types` where `1` is null) {"userId":1,"exception":"[object] (Illuminate\\Database\\QueryException(code: 42S22): SQLSTATE[42S22]: Column not found: 1054 Unknown column '1' in 'where clause' (Connection: mysql, SQL: select count(*) as aggregate from `leave_types` where `1` is null) at D:/xampp/htdocs/Laravel-Assessment/laravel-assessment/vendor/laravel/framework/src/Illuminate/Database/Connection.php:829)
[stacktrace]
#0 D:/xampp/htdocs/Laravel-Assessment/laravel-assessment/vendor/laravel/framework/src/Illuminate/Database/Connection.php(783): Illuminate/Database/Connection->runQueryCallback('select count(*)...', Array, Object(Closure))
#1 D:/xampp/htdocs/Laravel-Assessment/laravel-assessment/vendor/laravel/framework/src/Illuminate/Database/Connection.php(431): Illuminate/Database/Connection->run('select count(*)...', Array, Object(Closure))
#2 D:/xampp/htdocs/Laravel-Assessment/laravel-assessment/vendor/laravel/framework/src/Illuminate/Database/Query/Builder.php(2914): Illuminate/Database/Connection->select('select count(*)...', Array, false)
#3 D:/xampp/htdocs/Laravel-Assessment/laravel-assessment/vendor/laravel/framework/src/Illuminate/Database/Query/Builder.php(2902): Illuminate/Database/Query/Builder->runSelect()
#4 D:/xampp/htdocs/Laravel-Assessment/laravel-assessment/vendor/laravel/framework/src/Illuminate/Database/Query/Builder.php(3456): Illuminate/Database/Query/Builder->Illuminate/Database/Query/{closure}()
#5 D:/xampp/htdocs/Laravel-Assessment/laravel-assessment/vendor/laravel/framework/src/Illuminate/Database/Query/Builder.php(2903): Illuminate/Database/Query/Builder->onceWithColumns(Array, Object(Closure))
#6 D:/xampp/htdocs/Laravel-Assessment/laravel-assessment/vendor/laravel/framework/src/Illuminate/Database/Query/Builder.php(3383): Illuminate/Database/Query/Builder->get(Array)
#7 D:/xampp/htdocs/Laravel-Assessment/laravel-assessment/vendor/laravel/framework/src/Illuminate/Database/Query/Builder.php(3311): Illuminate/Database/Query/Builder->aggregate('count', Array)
#8 D:/xampp/htdocs/Laravel-Assessment/laravel-assessment/vendor/laravel/framework/src/Illuminate/Validation/DatabasePresenceVerifier.php(54): Illuminate/Database/Query/Builder->count()
#9 D:/xampp/htdocs/Laravel-Assessment/laravel-assessment/vendor/laravel/framework/src/Illuminate/Validation/Concerns/ValidatesAttributes.php(949): Illuminate/Validation/DatabasePresenceVerifier->getCount('leave_types', '1', NULL, NULL, NULL, Array)
#10 D:/xampp/htdocs/Laravel-Assessment/laravel-assessment/vendor/laravel/framework/src/Illuminate/Validation/Validator.php(660): Illuminate/Validation/Validator->validateUnique('leave_name', NULL, Array, Object(Illuminate/Validation/Validator))
#11 D:/xampp/htdocs/Laravel-Assessment/laravel-assessment/vendor/laravel/framework/src/Illuminate/Validation/Validator.php(459): Illuminate/Validation/Validator->validateAttribute('leave_name', 'Unique')
#12 D:/xampp/htdocs/Laravel-Assessment/laravel-assessment/vendor/laravel/framework/src/Illuminate/Validation/Validator.php(494): Illuminate/Validation/Validator->passes()
#13 D:/xampp/htdocs/Laravel-Assessment/laravel-assessment/vendor/laravel/framework/src/Illuminate/Validation/Validator.php(536): Illuminate/Validation/Validator->fails()
#14 D:/xampp/htdocs/Laravel-Assessment/laravel-assessment/vendor/laravel/framework/src/Illuminate/Foundation/Providers/FoundationServiceProvider.php(124): Illuminate/Validation/Validator->validate()
#15 D:/xampp/htdocs/Laravel-Assessment/laravel-assessment/vendor/laravel/framework/src/Illuminate/Macroable/Traits/Macroable.php(123): Illuminate/Http/Request->Illuminate/Foundation/Providers/{closure}(Array)
#16 D:/xampp/htdocs/Laravel-Assessment/laravel-assessment/app/Http/Controllers/leaveController.php(65): Illuminate/Http/Request->__call('validate', Array)
#17 D:/xampp/htdocs/Laravel-Assessment/laravel-assessment/vendor/laravel/framework/src/Illuminate/Routing/Controller.php(54): App/Http/Controllers/leaveController->updateleave(Object(Illuminate/Http/Request), '1')
#18 D:/xampp/htdocs/Laravel-Assessment/laravel-assessment/vendor/laravel/framework/src/Illuminate/Routing/ControllerDispatcher.php(43): Illuminate/Routing/Controller->callAction('updateleave', Array)
#19 D:/xampp/htdocs/Laravel-Assessment/laravel-assessment/vendor/laravel/framework/src/Illuminate/Routing/Route.php(260): Illuminate/Routing/ControllerDispatcher->dispatch(Object(Illuminate/Routing/Route), Object(App/Http/Controllers/leaveController), 'updateleave')
#20 D:/xampp/htdocs/Laravel-Assessment/laravel-assessment/vendor/laravel/framework/src/Illuminate/Routing/Route.php(205): Illuminate/Routing/Route->runController()
#21 D:/xampp/htdocs/Laravel-Assessment/laravel-assessment/vendor/laravel/framework/src/Illuminate/Routing/Router.php(806): Illuminate/Routing/Route->run()
#22 D:/xampp/htdocs/Laravel-Assessment/laravel-assessment/vendor/laravel/framework/src/Illuminate/Pipeline/Pipeline.php(144): Illuminate/Routing/Router->Illuminate/Routing/{closure}(Object(Illuminate/Http/Request))
#23 D:/xampp/htdocs/Laravel-Assessment/laravel-assessment/vendor/laravel/framework/src/Illuminate/Routing/Middleware/SubstituteBindings.php(50): Illuminate/Pipeline/Pipeline->Illuminate/Pipeline/{closure}(Object(Illuminate/Http/Request))
#24 D:/xampp/htdocs/Laravel-Assessment/laravel-assessment/vendor/laravel/framework/src/Illuminate/Pipeline/Pipeline.php(183): Illuminate/Routing/Middleware/SubstituteBindings->handle(Object(Illuminate/Http/Request), Object(Closure))
#25 D:/xampp/htdocs/Laravel-Assessment/laravel-assessment/vendor/laravel/framework/src/Illuminate/Routing/Middleware/ThrottleRequests.php(159): Illuminate/Pipeline/Pipeline->Illuminate/Pipeline/{closure}(Object(Illuminate/Http/Request))
#26 D:/xampp/htdocs/Laravel-Assessment/laravel-assessment/vendor/laravel/framework/src/Illuminate/Routing/Middleware/ThrottleRequests.php(135): Illuminate/Routing/Middleware/ThrottleRequests->handleRequest(Object(Illuminate/Http/Request), Object(Closure), Array)
#27 D:/xampp/htdocs/Laravel-Assessment/laravel-assessment/vendor/laravel/framework/src/Illuminate/Routing/Middleware/ThrottleRequests.php(87): Illuminate/Routing/Middleware/ThrottleRequests->handleRequestUsingNamedLimiter(Object(Illuminate/Http/Request), Object(Closure), 'api', Object(Closure))
#28 D:/xampp/htdocs/Laravel-Assessment/laravel-assessment/vendor/laravel/framework/src/Illuminate/Pipeline/Pipeline.php(183): Illuminate/Routing/Middleware/ThrottleRequests->handle(Object(Illuminate/Http/Request), Object(Closure), 'api')
#29 D:/xampp/htdocs/Laravel-Assessment/laravel-assessment/vendor/laravel/framework/src/Illuminate/Auth/Middleware/Authenticate.php(57): Illuminate/Pipeline/Pipeline->Illuminate/Pipeline/{closure}(Object(Illuminate/Http/Request))
#30 D:/xampp/htdocs/Laravel-Assessment/laravel-assessment/vendor/laravel/framework/src/Illuminate/Pipeline/Pipeline.php(183): Illuminate/Auth/Middleware/Authenticate->handle(Object(Illuminate/Http/Request), Object(Closure), 'api')
#31 D:/xampp/htdocs/Laravel-Assessment/laravel-assessment/vendor/laravel/framework/src/Illuminate/Pipeline/Pipeline.php(119): Illuminate/Pipeline/Pipeline->Illuminate/Pipeline/{closure}(Object(Illuminate/Http/Request))
#32 D:/xampp/htdocs/Laravel-Assessment/laravel-assessment/vendor/laravel/framework/src/Illuminate/Routing/Router.php(807): Illuminate/Pipeline/Pipeline->then(Object(Closure))
#33 D:/xampp/htdocs/Laravel-Assessment/laravel-assessment/vendor/laravel/framework/src/Illuminate/Routing/Router.php(784): Illuminate/Routing/Router->runRouteWithinStack(Object(Illuminate/Routing/Route), Object(Illuminate/Http/Request))
#34 D:/xampp/htdocs/Laravel-Assessment/laravel-assessment/vendor/laravel/framework/src/Illuminate/Routing/Router.php(748): Illuminate/Routing/Router->runRoute(Object(Illuminate/Http/Request), Object(Illuminate/Routing/Route))
#35 D:/xampp/htdocs/Laravel-Assessment/laravel-assessment/vendor/laravel/framework/src/Illuminate/Routing/Router.php(737): Illuminate/Routing/Router->dispatchToRoute(Object(Illuminate/Http/Request))
#36 D:/xampp/htdocs/Laravel-Assessment/laravel-assessment/vendor/laravel/framework/src/Illuminate/Foundation/Http/Kernel.php(200): Illuminate/Routing/Router->dispatch(Object(Illuminate/Http/Request))
#37 D:/xampp/htdocs/Laravel-Assessment/laravel-assessment/vendor/laravel/framework/src/Illuminate/Pipeline/Pipeline.php(144): Illuminate/Foundation/Http/Kernel->Illuminate/Foundation/Http/{closure}(Object(Illuminate/Http/Request))
#38 D:/xampp/htdocs/Laravel-Assessment/laravel-assessment/vendor/laravel/framework/src/Illuminate/Foundation/Http/Middleware/TransformsRequest.php(21): Illuminate/Pipeline/Pipeline->Illuminate/Pipeline/{closure}(Object(Illuminate/Http/Request))
#39 D:/xampp/htdocs/Laravel-Assessment/laravel-assessment/vendor/laravel/framework/src/Illuminate/Foundation/Http/Middleware/ConvertEmptyStringsToNull.php(31): Illuminate/Foundation/Http/Middleware/TransformsRequest->handle(Object(Illuminate/Http/Request), Object(Closure))
#40 D:/xampp/htdocs/Laravel-Assessment/laravel-assessment/vendor/laravel/framework/src/Illuminate/Pipeline/Pipeline.php(183): Illuminate/Foundation/Http/Middleware/ConvertEmptyStringsToNull->handle(Object(Illuminate/Http/Request), Object(Closure))
#41 D:/xampp/htdocs/Laravel-Assessment/laravel-assessment/vendor/laravel/framework/src/Illuminate/Foundation/Http/Middleware/TransformsRequest.php(21): Illuminate/Pipeline/Pipeline->Illuminate/Pipeline/{closure}(Object(Illuminate/Http/Request))
#42 D:/xampp/htdocs/Laravel-Assessment/laravel-assessment/vendor/laravel/framework/src/Illuminate/Foundation/Http/Middleware/TrimStrings.php(40): Illuminate/Foundation/Http/Middleware/TransformsRequest->handle(Object(Illuminate/Http/Request), Object(Closure))
#43 D:/xampp/htdocs/Laravel-Assessment/laravel-assessment/vendor/laravel/framework/src/Illuminate/Pipeline/Pipeline.php(183): Illuminate/Foundation/Http/Middleware/TrimStrings->handle(Object(Illuminate/Http/Request), Object(Closure))
#44 D:/xampp/htdocs/Laravel-Assessment/laravel-assessment/vendor/laravel/framework/src/Illuminate/Foundation/Http/Middleware/ValidatePostSize.php(27): Illuminate/Pipeline/Pipeline->Illuminate/Pipeline/{closure}(Object(Illuminate/Http/Request))
#45 D:/xampp/htdocs/Laravel-Assessment/laravel-assessment/vendor/laravel/framework/src/Illuminate/Pipeline/Pipeline.php(183): Illuminate/Foundation/Http/Middleware/ValidatePostSize->handle(Object(Illuminate/Http/Request), Object(Closure))
#46 D:/xampp/htdocs/Laravel-Assessment/laravel-assessment/vendor/laravel/framework/src/Illuminate/Foundation/Http/Middleware/PreventRequestsDuringMaintenance.php(99): Illuminate/Pipeline/Pipeline->Illuminate/Pipeline/{closure}(Object(Illuminate/Http/Request))
#47 D:/xampp/htdocs/Laravel-Assessment/laravel-assessment/vendor/laravel/framework/src/Illuminate/Pipeline/Pipeline.php(183): Illuminate/Foundation/Http/Middleware/PreventRequestsDuringMaintenance->handle(Object(Illuminate/Http/Request), Object(Closure))
#48 D:/xampp/htdocs/Laravel-Assessment/laravel-assessment/vendor/laravel/framework/src/Illuminate/Http/Middleware/HandleCors.php(62): Illuminate/Pipeline/Pipeline->Illuminate/Pipeline/{closure}(Object(Illuminate/Http/Request))
#49 D:/xampp/htdocs/Laravel-Assessment/laravel-assessment/vendor/laravel/framework/src/Illuminate/Pipeline/Pipeline.php(183): Illuminate/Http/Middleware/HandleCors->handle(Object(Illuminate/Http/Request), Object(Closure))
#50 D:/xampp/htdocs/Laravel-Assessment/laravel-assessment/vendor/laravel/framework/src/Illuminate/Http/Middleware/TrustProxies.php(39): Illuminate/Pipeline/Pipeline->Illuminate/Pipeline/{closure}(Object(Illuminate/Http/Request))
#51 D:/xampp/htdocs/Laravel-Assessment/laravel-assessment/vendor/laravel/framework/src/Illuminate/Pipeline/Pipeline.php(183): Illuminate/Http/Middleware/TrustProxies->handle(Object(Illuminate/Http/Request), Object(Closure))
#52 D:/xampp/htdocs/Laravel-Assessment/laravel-assessment/vendor/laravel/framework/src/Illuminate/Pipeline/Pipeline.php(119): Illuminate/Pipeline/Pipeline->Illuminate/Pipeline/{closure}(Object(Illuminate/Http/Request))
#53 D:/xampp/htdocs/Laravel-Assessment/laravel-assessment/vendor/laravel/framework/src/Illuminate/Foundation/Http/Kernel.php(175): Illuminate/Pipeline/Pipeline->then(Object(Closure))
#54 D:/xampp/htdocs/Laravel-Assessment/laravel-assessment/vendor/laravel/framework/src/Illuminate/Foundation/Http/Kernel.php(144): Illuminate/Foundation/Http/Kernel->sendRequestThroughRouter(Object(Illuminate/Http/Request))
#55 D:/xampp/htdocs/Laravel-Assessment/laravel-assessment/public/index.php(52): Illuminate/Foundation/Http/Kernel->handle(Object(Illuminate/Http/Request))
#56 D:/xampp/htdocs/Laravel-Assessment/laravel-assessment/vendor/laravel/framework/src/Illuminate/Foundation/resources/server.php(16): require_once('D://xampp//htdocs...')
#57 {main}

[previous exception] [object] (PDOException(code: 42S22): SQLSTATE[42S22]: Column not found: 1054 Unknown column '1' in 'where clause' at D:/xampp/htdocs/Laravel-Assessment/laravel-assessment/vendor/laravel/framework/src/Illuminate/Database/Connection.php:423)
[stacktrace]
#0 D:/xampp/htdocs/Laravel-Assessment/laravel-assessment/vendor/laravel/framework/src/Illuminate/Database/Connection.php(423): PDO->prepare('select count(*)...')
#1 D:/xampp/htdocs/Laravel-Assessment/laravel-assessment/vendor/laravel/framework/src/Illuminate/Database/Connection.php(816): Illuminate/Database/Connection->Illuminate/Database/{closure}('select count(*)...', Array)
#2 D:/xampp/htdocs/Laravel-Assessment/laravel-assessment/vendor/laravel/framework/src/Illuminate/Database/Connection.php(783): Illuminate/Database/Connection->runQueryCallback('select count(*)...', Array, Object(Closure))
#3 D:/xampp/htdocs/Laravel-Assessment/laravel-assessment/vendor/laravel/framework/src/Illuminate/Database/Connection.php(431): Illuminate/Database/Connection->run('select count(*)...', Array, Object(Closure))
#4 D:/xampp/htdocs/Laravel-Assessment/laravel-assessment/vendor/laravel/framework/src/Illuminate/Database/Query/Builder.php(2914): Illuminate/Database/Connection->select('select count(*)...', Array, false)
#5 D:/xampp/htdocs/Laravel-Assessment/laravel-assessment/vendor/laravel/framework/src/Illuminate/Database/Query/Builder.php(2902): Illuminate/Database/Query/Builder->runSelect()
#6 D:/xampp/htdocs/Laravel-Assessment/laravel-assessment/vendor/laravel/framework/src/Illuminate/Database/Query/Builder.php(3456): Illuminate/Database/Query/Builder->Illuminate/Database/Query/{closure}()
#7 D:/xampp/htdocs/Laravel-Assessment/laravel-assessment/vendor/laravel/framework/src/Illuminate/Database/Query/Builder.php(2903): Illuminate/Database/Query/Builder->onceWithColumns(Array, Object(Closure))
#8 D:/xampp/htdocs/Laravel-Assessment/laravel-assessment/vendor/laravel/framework/src/Illuminate/Database/Query/Builder.php(3383): Illuminate/Database/Query/Builder->get(Array)
#9 D:/xampp/htdocs/Laravel-Assessment/laravel-assessment/vendor/laravel/framework/src/Illuminate/Database/Query/Builder.php(3311): Illuminate/Database/Query/Builder->aggregate('count', Array)
#10 D:/xampp/htdocs/Laravel-Assessment/laravel-assessment/vendor/laravel/framework/src/Illuminate/Validation/DatabasePresenceVerifier.php(54): Illuminate/Database/Query/Builder->count()
#11 D:/xampp/htdocs/Laravel-Assessment/laravel-assessment/vendor/laravel/framework/src/Illuminate/Validation/Concerns/ValidatesAttributes.php(949): Illuminate/Validation/DatabasePresenceVerifier->getCount('leave_types', '1', NULL, NULL, NULL, Array)
#12 D:/xampp/htdocs/Laravel-Assessment/laravel-assessment/vendor/laravel/framework/src/Illuminate/Validation/Validator.php(660): Illuminate/Validation/Validator->validateUnique('leave_name', NULL, Array, Object(Illuminate/Validation/Validator))
#13 D:/xampp/htdocs/Laravel-Assessment/laravel-assessment/vendor/laravel/framework/src/Illuminate/Validation/Validator.php(459): Illuminate/Validation/Validator->validateAttribute('leave_name', 'Unique')
#14 D:/xampp/htdocs/Laravel-Assessment/laravel-assessment/vendor/laravel/framework/src/Illuminate/Validation/Validator.php(494): Illuminate/Validation/Validator->passes()
#15 D:/xampp/htdocs/Laravel-Assessment/laravel-assessment/vendor/laravel/framework/src/Illuminate/Validation/Validator.php(536): Illuminate/Validation/Validator->fails()
#16 D:/xampp/htdocs/Laravel-Assessment/laravel-assessment/vendor/laravel/framework/src/Illuminate/Foundation/Providers/FoundationServiceProvider.php(124): Illuminate/Validation/Validator->validate()
#17 D:/xampp/htdocs/Laravel-Assessment/laravel-assessment/vendor/laravel/framework/src/Illuminate/Macroable/Traits/Macroable.php(123): Illuminate/Http/Request->Illuminate/Foundation/Providers/{closure}(Array)
#18 D:/xampp/htdocs/Laravel-Assessment/laravel-assessment/app/Http/Controllers/leaveController.php(65): Illuminate/Http/Request->__call('validate', Array)
#19 D:/xampp/htdocs/Laravel-Assessment/laravel-assessment/vendor/laravel/framework/src/Illuminate/Routing/Controller.php(54): App/Http/Controllers/leaveController->updateleave(Object(Illuminate/Http/Request), '1')
#20 D:/xampp/htdocs/Laravel-Assessment/laravel-assessment/vendor/laravel/framework/src/Illuminate/Routing/ControllerDispatcher.php(43): Illuminate/Routing/Controller->callAction('updateleave', Array)
#21 D:/xampp/htdocs/Laravel-Assessment/laravel-assessment/vendor/laravel/framework/src/Illuminate/Routing/Route.php(260): Illuminate/Routing/ControllerDispatcher->dispatch(Object(Illuminate/Routing/Route), Object(App/Http/Controllers/leaveController), 'updateleave')
#22 D:/xampp/htdocs/Laravel-Assessment/laravel-assessment/vendor/laravel/framework/src/Illuminate/Routing/Route.php(205): Illuminate/Routing/Route->runController()
#23 D:/xampp/htdocs/Laravel-Assessment/laravel-assessment/vendor/laravel/framework/src/Illuminate/Routing/Router.php(806): Illuminate/Routing/Route->run()
#24 D:/xampp/htdocs/Laravel-Assessment/laravel-assessment/vendor/laravel/framework/src/Illuminate/Pipeline/Pipeline.php(144): Illuminate/Routing/Router->Illuminate/Routing/{closure}(Object(Illuminate/Http/Request))
#25 D:/xampp/htdocs/Laravel-Assessment/laravel-assessment/vendor/laravel/framework/src/Illuminate/Routing/Middleware/SubstituteBindings.php(50): Illuminate/Pipeline/Pipeline->Illuminate/Pipeline/{closure}(Object(Illuminate/Http/Request))
#26 D:/xampp/htdocs/Laravel-Assessment/laravel-assessment/vendor/laravel/framework/src/Illuminate/Pipeline/Pipeline.php(183): Illuminate/Routing/Middleware/SubstituteBindings->handle(Object(Illuminate/Http/Request), Object(Closure))
#27 D:/xampp/htdocs/Laravel-Assessment/laravel-assessment/vendor/laravel/framework/src/Illuminate/Routing/Middleware/ThrottleRequests.php(159): Illuminate/Pipeline/Pipeline->Illuminate/Pipeline/{closure}(Object(Illuminate/Http/Request))
#28 D:/xampp/htdocs/Laravel-Assessment/laravel-assessment/vendor/laravel/framework/src/Illuminate/Routing/Middleware/ThrottleRequests.php(135): Illuminate/Routing/Middleware/ThrottleRequests->handleRequest(Object(Illuminate/Http/Request), Object(Closure), Array)
#29 D:/xampp/htdocs/Laravel-Assessment/laravel-assessment/vendor/laravel/framework/src/Illuminate/Routing/Middleware/ThrottleRequests.php(87): Illuminate/Routing/Middleware/ThrottleRequests->handleRequestUsingNamedLimiter(Object(Illuminate/Http/Request), Object(Closure), 'api', Object(Closure))
#30 D:/xampp/htdocs/Laravel-Assessment/laravel-assessment/vendor/laravel/framework/src/Illuminate/Pipeline/Pipeline.php(183): Illuminate/Routing/Middleware/ThrottleRequests->handle(Object(Illuminate/Http/Request), Object(Closure), 'api')
#31 D:/xampp/htdocs/Laravel-Assessment/laravel-assessment/vendor/laravel/framework/src/Illuminate/Auth/Middleware/Authenticate.php(57): Illuminate/Pipeline/Pipeline->Illuminate/Pipeline/{closure}(Object(Illuminate/Http/Request))
#32 D:/xampp/htdocs/Laravel-Assessment/laravel-assessment/vendor/laravel/framework/src/Illuminate/Pipeline/Pipeline.php(183): Illuminate/Auth/Middleware/Authenticate->handle(Object(Illuminate/Http/Request), Object(Closure), 'api')
#33 D:/xampp/htdocs/Laravel-Assessment/laravel-assessment/vendor/laravel/framework/src/Illuminate/Pipeline/Pipeline.php(119): Illuminate/Pipeline/Pipeline->Illuminate/Pipeline/{closure}(Object(Illuminate/Http/Request))
#34 D:/xampp/htdocs/Laravel-Assessment/laravel-assessment/vendor/laravel/framework/src/Illuminate/Routing/Router.php(807): Illuminate/Pipeline/Pipeline->then(Object(Closure))
#35 D:/xampp/htdocs/Laravel-Assessment/laravel-assessment/vendor/laravel/framework/src/Illuminate/Routing/Router.php(784): Illuminate/Routing/Router->runRouteWithinStack(Object(Illuminate/Routing/Route), Object(Illuminate/Http/Request))
#36 D:/xampp/htdocs/Laravel-Assessment/laravel-assessment/vendor/laravel/framework/src/Illuminate/Routing/Router.php(748): Illuminate/Routing/Router->runRoute(Object(Illuminate/Http/Request), Object(Illuminate/Routing/Route))
#37 D:/xampp/htdocs/Laravel-Assessment/laravel-assessment/vendor/laravel/framework/src/Illuminate/Routing/Router.php(737): Illuminate/Routing/Router->dispatchToRoute(Object(Illuminate/Http/Request))
#38 D:/xampp/htdocs/Laravel-Assessment/laravel-assessment/vendor/laravel/framework/src/Illuminate/Foundation/Http/Kernel.php(200): Illuminate/Routing/Router->dispatch(Object(Illuminate/Http/Request))
#39 D:/xampp/htdocs/Laravel-Assessment/laravel-assessment/vendor/laravel/framework/src/Illuminate/Pipeline/Pipeline.php(144): Illuminate/Foundation/Http/Kernel->Illuminate/Foundation/Http/{closure}(Object(Illuminate/Http/Request))
#40 D:/xampp/htdocs/Laravel-Assessment/laravel-assessment/vendor/laravel/framework/src/Illuminate/Foundation/Http/Middleware/TransformsRequest.php(21): Illuminate/Pipeline/Pipeline->Illuminate/Pipeline/{closure}(Object(Illuminate/Http/Request))
#41 D:/xampp/htdocs/Laravel-Assessment/laravel-assessment/vendor/laravel/framework/src/Illuminate/Foundation/Http/Middleware/ConvertEmptyStringsToNull.php(31): Illuminate/Foundation/Http/Middleware/TransformsRequest->handle(Object(Illuminate/Http/Request), Object(Closure))
#42 D:/xampp/htdocs/Laravel-Assessment/laravel-assessment/vendor/laravel/framework/src/Illuminate/Pipeline/Pipeline.php(183): Illuminate/Foundation/Http/Middleware/ConvertEmptyStringsToNull->handle(Object(Illuminate/Http/Request), Object(Closure))
#43 D:/xampp/htdocs/Laravel-Assessment/laravel-assessment/vendor/laravel/framework/src/Illuminate/Foundation/Http/Middleware/TransformsRequest.php(21): Illuminate/Pipeline/Pipeline->Illuminate/Pipeline/{closure}(Object(Illuminate/Http/Request))
#44 D:/xampp/htdocs/Laravel-Assessment/laravel-assessment/vendor/laravel/framework/src/Illuminate/Foundation/Http/Middleware/TrimStrings.php(40): Illuminate/Foundation/Http/Middleware/TransformsRequest->handle(Object(Illuminate/Http/Request), Object(Closure))
#45 D:/xampp/htdocs/Laravel-Assessment/laravel-assessment/vendor/laravel/framework/src/Illuminate/Pipeline/Pipeline.php(183): Illuminate/Foundation/Http/Middleware/TrimStrings->handle(Object(Illuminate/Http/Request), Object(Closure))
#46 D:/xampp/htdocs/Laravel-Assessment/laravel-assessment/vendor/laravel/framework/src/Illuminate/Foundation/Http/Middleware/ValidatePostSize.php(27): Illuminate/Pipeline/Pipeline->Illuminate/Pipeline/{closure}(Object(Illuminate/Http/Request))
#47 D:/xampp/htdocs/Laravel-Assessment/laravel-assessment/vendor/laravel/framework/src/Illuminate/Pipeline/Pipeline.php(183): Illuminate/Foundation/Http/Middleware/ValidatePostSize->handle(Object(Illuminate/Http/Request), Object(Closure))
#48 D:/xampp/htdocs/Laravel-Assessment/laravel-assessment/vendor/laravel/framework/src/Illuminate/Foundation/Http/Middleware/PreventRequestsDuringMaintenance.php(99): Illuminate/Pipeline/Pipeline->Illuminate/Pipeline/{closure}(Object(Illuminate/Http/Request))
#49 D:/xampp/htdocs/Laravel-Assessment/laravel-assessment/vendor/laravel/framework/src/Illuminate/Pipeline/Pipeline.php(183): Illuminate/Foundation/Http/Middleware/PreventRequestsDuringMaintenance->handle(Object(Illuminate/Http/Request), Object(Closure))
#50 D:/xampp/htdocs/Laravel-Assessment/laravel-assessment/vendor/laravel/framework/src/Illuminate/Http/Middleware/HandleCors.php(62): Illuminate/Pipeline/Pipeline->Illuminate/Pipeline/{closure}(Object(Illuminate/Http/Request))
#51 D:/xampp/htdocs/Laravel-Assessment/laravel-assessment/vendor/laravel/framework/src/Illuminate/Pipeline/Pipeline.php(183): Illuminate/Http/Middleware/HandleCors->handle(Object(Illuminate/Http/Request), Object(Closure))
#52 D:/xampp/htdocs/Laravel-Assessment/laravel-assessment/vendor/laravel/framework/src/Illuminate/Http/Middleware/TrustProxies.php(39): Illuminate/Pipeline/Pipeline->Illuminate/Pipeline/{closure}(Object(Illuminate/Http/Request))
#53 D:/xampp/htdocs/Laravel-Assessment/laravel-assessment/vendor/laravel/framework/src/Illuminate/Pipeline/Pipeline.php(183): Illuminate/Http/Middleware/TrustProxies->handle(Object(Illuminate/Http/Request), Object(Closure))
#54 D:/xampp/htdocs/Laravel-Assessment/laravel-assessment/vendor/laravel/framework/src/Illuminate/Pipeline/Pipeline.php(119): Illuminate/Pipeline/Pipeline->Illuminate/Pipeline/{closure}(Object(Illuminate/Http/Request))
#55 D:/xampp/htdocs/Laravel-Assessment/laravel-assessment/vendor/laravel/framework/src/Illuminate/Foundation/Http/Kernel.php(175): Illuminate/Pipeline/Pipeline->then(Object(Closure))
#56 D:/xampp/htdocs/Laravel-Assessment/laravel-assessment/vendor/laravel/framework/src/Illuminate/Foundation/Http/Kernel.php(144): Illuminate/Foundation/Http/Kernel->sendRequestThroughRouter(Object(Illuminate/Http/Request))
#57 D:/xampp/htdocs/Laravel-Assessment/laravel-assessment/public/index.php(52): Illuminate/Foundation/Http/Kernel->handle(Object(Illuminate/Http/Request))
#58 D:/xampp/htdocs/Laravel-Assessment/laravel-assessment/vendor/laravel/framework/src/Illuminate/Foundation/resources/server.php(16): require_once('D://xampp//htdocs...')
#59 {main}
"} 
[2026-07-14 06:10:48] local.ERROR: SQLSTATE[42S22]: Column not found: 1054 Unknown column '1' in 'where clause' (Connection: mysql, SQL: select count(*) as aggregate from `leave_types` where `1` is null) {"userId":1,"exception":"[object] (Illuminate\\Database\\QueryException(code: 42S22): SQLSTATE[42S22]: Column not found: 1054 Unknown column '1' in 'where clause' (Connection: mysql, SQL: select count(*) as aggregate from `leave_types` where `1` is null) at D:/xampp/htdocs/Laravel-Assessment/laravel-assessment/vendor/laravel/framework/src/Illuminate/Database/Connection.php:829)
[stacktrace]
#0 D:/xampp/htdocs/Laravel-Assessment/laravel-assessment/vendor/laravel/framework/src/Illuminate/Database/Connection.php(783): Illuminate/Database/Connection->runQueryCallback('select count(*)...', Array, Object(Closure))
#1 D:/xampp/htdocs/Laravel-Assessment/laravel-assessment/vendor/laravel/framework/src/Illuminate/Database/Connection.php(431): Illuminate/Database/Connection->run('select count(*)...', Array, Object(Closure))
#2 D:/xampp/htdocs/Laravel-Assessment/laravel-assessment/vendor/laravel/framework/src/Illuminate/Database/Query/Builder.php(2914): Illuminate/Database/Connection->select('select count(*)...', Array, false)
#3 D:/xampp/htdocs/Laravel-Assessment/laravel-assessment/vendor/laravel/framework/src/Illuminate/Database/Query/Builder.php(2902): Illuminate/Database/Query/Builder->runSelect()
#4 D:/xampp/htdocs/Laravel-Assessment/laravel-assessment/vendor/laravel/framework/src/Illuminate/Database/Query/Builder.php(3456): Illuminate/Database/Query/Builder->Illuminate/Database/Query/{closure}()
#5 D:/xampp/htdocs/Laravel-Assessment/laravel-assessment/vendor/laravel/framework/src/Illuminate/Database/Query/Builder.php(2903): Illuminate/Database/Query/Builder->onceWithColumns(Array, Object(Closure))
#6 D:/xampp/htdocs/Laravel-Assessment/laravel-assessment/vendor/laravel/framework/src/Illuminate/Database/Query/Builder.php(3383): Illuminate/Database/Query/Builder->get(Array)
#7 D:/xampp/htdocs/Laravel-Assessment/laravel-assessment/vendor/laravel/framework/src/Illuminate/Database/Query/Builder.php(3311): Illuminate/Database/Query/Builder->aggregate('count', Array)
#8 D:/xampp/htdocs/Laravel-Assessment/laravel-assessment/vendor/laravel/framework/src/Illuminate/Validation/DatabasePresenceVerifier.php(54): Illuminate/Database/Query/Builder->count()
#9 D:/xampp/htdocs/Laravel-Assessment/laravel-assessment/vendor/laravel/framework/src/Illuminate/Validation/Concerns/ValidatesAttributes.php(949): Illuminate/Validation/DatabasePresenceVerifier->getCount('leave_types', '1', NULL, NULL, NULL, Array)
#10 D:/xampp/htdocs/Laravel-Assessment/laravel-assessment/vendor/laravel/framework/src/Illuminate/Validation/Validator.php(660): Illuminate/Validation/Validator->validateUnique('leave_name', NULL, Array, Object(Illuminate/Validation/Validator))
#11 D:/xampp/htdocs/Laravel-Assessment/laravel-assessment/vendor/laravel/framework/src/Illuminate/Validation/Validator.php(459): Illuminate/Validation/Validator->validateAttribute('leave_name', 'Unique')
#12 D:/xampp/htdocs/Laravel-Assessment/laravel-assessment/vendor/laravel/framework/src/Illuminate/Validation/Validator.php(494): Illuminate/Validation/Validator->passes()
#13 D:/xampp/htdocs/Laravel-Assessment/laravel-assessment/vendor/laravel/framework/src/Illuminate/Validation/Validator.php(536): Illuminate/Validation/Validator->fails()
#14 D:/xampp/htdocs/Laravel-Assessment/laravel-assessment/vendor/laravel/framework/src/Illuminate/Foundation/Providers/FoundationServiceProvider.php(124): Illuminate/Validation/Validator->validate()
#15 D:/xampp/htdocs/Laravel-Assessment/laravel-assessment/vendor/laravel/framework/src/Illuminate/Macroable/Traits/Macroable.php(123): Illuminate/Http/Request->Illuminate/Foundation/Providers/{closure}(Array)
#16 D:/xampp/htdocs/Laravel-Assessment/laravel-assessment/app/Http/Controllers/leaveController.php(65): Illuminate/Http/Request->__call('validate', Array)
#17 D:/xampp/htdocs/Laravel-Assessment/laravel-assessment/vendor/laravel/framework/src/Illuminate/Routing/Controller.php(54): App/Http/Controllers/leaveController->updateleave(Object(Illuminate/Http/Request), '1')
#18 D:/xampp/htdocs/Laravel-Assessment/laravel-assessment/vendor/laravel/framework/src/Illuminate/Routing/ControllerDispatcher.php(43): Illuminate/Routing/Controller->callAction('updateleave', Array)
#19 D:/xampp/htdocs/Laravel-Assessment/laravel-assessment/vendor/laravel/framework/src/Illuminate/Routing/Route.php(260): Illuminate/Routing/ControllerDispatcher->dispatch(Object(Illuminate/Routing/Route), Object(App/Http/Controllers/leaveController), 'updateleave')
#20 D:/xampp/htdocs/Laravel-Assessment/laravel-assessment/vendor/laravel/framework/src/Illuminate/Routing/Route.php(205): Illuminate/Routing/Route->runController()
#21 D:/xampp/htdocs/Laravel-Assessment/laravel-assessment/vendor/laravel/framework/src/Illuminate/Routing/Router.php(806): Illuminate/Routing/Route->run()
#22 D:/xampp/htdocs/Laravel-Assessment/laravel-assessment/vendor/laravel/framework/src/Illuminate/Pipeline/Pipeline.php(144): Illuminate/Routing/Router->Illuminate/Routing/{closure}(Object(Illuminate/Http/Request))
#23 D:/xampp/htdocs/Laravel-Assessment/laravel-assessment/vendor/laravel/framework/src/Illuminate/Routing/Middleware/SubstituteBindings.php(50): Illuminate/Pipeline/Pipeline->Illuminate/Pipeline/{closure}(Object(Illuminate/Http/Request))
#24 D:/xampp/htdocs/Laravel-Assessment/laravel-assessment/vendor/laravel/framework/src/Illuminate/Pipeline/Pipeline.php(183): Illuminate/Routing/Middleware/SubstituteBindings->handle(Object(Illuminate/Http/Request), Object(Closure))
#25 D:/xampp/htdocs/Laravel-Assessment/laravel-assessment/vendor/laravel/framework/src/Illuminate/Routing/Middleware/ThrottleRequests.php(159): Illuminate/Pipeline/Pipeline->Illuminate/Pipeline/{closure}(Object(Illuminate/Http/Request))
#26 D:/xampp/htdocs/Laravel-Assessment/laravel-assessment/vendor/laravel/framework/src/Illuminate/Routing/Middleware/ThrottleRequests.php(135): Illuminate/Routing/Middleware/ThrottleRequests->handleRequest(Object(Illuminate/Http/Request), Object(Closure), Array)
#27 D:/xampp/htdocs/Laravel-Assessment/laravel-assessment/vendor/laravel/framework/src/Illuminate/Routing/Middleware/ThrottleRequests.php(87): Illuminate/Routing/Middleware/ThrottleRequests->handleRequestUsingNamedLimiter(Object(Illuminate/Http/Request), Object(Closure), 'api', Object(Closure))
#28 D:/xampp/htdocs/Laravel-Assessment/laravel-assessment/vendor/laravel/framework/src/Illuminate/Pipeline/Pipeline.php(183): Illuminate/Routing/Middleware/ThrottleRequests->handle(Object(Illuminate/Http/Request), Object(Closure), 'api')
#29 D:/xampp/htdocs/Laravel-Assessment/laravel-assessment/vendor/laravel/framework/src/Illuminate/Auth/Middleware/Authenticate.php(57): Illuminate/Pipeline/Pipeline->Illuminate/Pipeline/{closure}(Object(Illuminate/Http/Request))
#30 D:/xampp/htdocs/Laravel-Assessment/laravel-assessment/vendor/laravel/framework/src/Illuminate/Pipeline/Pipeline.php(183): Illuminate/Auth/Middleware/Authenticate->handle(Object(Illuminate/Http/Request), Object(Closure), 'api')
#31 D:/xampp/htdocs/Laravel-Assessment/laravel-assessment/vendor/laravel/framework/src/Illuminate/Pipeline/Pipeline.php(119): Illuminate/Pipeline/Pipeline->Illuminate/Pipeline/{closure}(Object(Illuminate/Http/Request))
#32 D:/xampp/htdocs/Laravel-Assessment/laravel-assessment/vendor/laravel/framework/src/Illuminate/Routing/Router.php(807): Illuminate/Pipeline/Pipeline->then(Object(Closure))
#33 D:/xampp/htdocs/Laravel-Assessment/laravel-assessment/vendor/laravel/framework/src/Illuminate/Routing/Router.php(784): Illuminate/Routing/Router->runRouteWithinStack(Object(Illuminate/Routing/Route), Object(Illuminate/Http/Request))
#34 D:/xampp/htdocs/Laravel-Assessment/laravel-assessment/vendor/laravel/framework/src/Illuminate/Routing/Router.php(748): Illuminate/Routing/Router->runRoute(Object(Illuminate/Http/Request), Object(Illuminate/Routing/Route))
#35 D:/xampp/htdocs/Laravel-Assessment/laravel-assessment/vendor/laravel/framework/src/Illuminate/Routing/Router.php(737): Illuminate/Routing/Router->dispatchToRoute(Object(Illuminate/Http/Request))
#36 D:/xampp/htdocs/Laravel-Assessment/laravel-assessment/vendor/laravel/framework/src/Illuminate/Foundation/Http/Kernel.php(200): Illuminate/Routing/Router->dispatch(Object(Illuminate/Http/Request))
#37 D:/xampp/htdocs/Laravel-Assessment/laravel-assessment/vendor/laravel/framework/src/Illuminate/Pipeline/Pipeline.php(144): Illuminate/Foundation/Http/Kernel->Illuminate/Foundation/Http/{closure}(Object(Illuminate/Http/Request))
#38 D:/xampp/htdocs/Laravel-Assessment/laravel-assessment/vendor/laravel/framework/src/Illuminate/Foundation/Http/Middleware/TransformsRequest.php(21): Illuminate/Pipeline/Pipeline->Illuminate/Pipeline/{closure}(Object(Illuminate/Http/Request))
#39 D:/xampp/htdocs/Laravel-Assessment/laravel-assessment/vendor/laravel/framework/src/Illuminate/Foundation/Http/Middleware/ConvertEmptyStringsToNull.php(31): Illuminate/Foundation/Http/Middleware/TransformsRequest->handle(Object(Illuminate/Http/Request), Object(Closure))
#40 D:/xampp/htdocs/Laravel-Assessment/laravel-assessment/vendor/laravel/framework/src/Illuminate/Pipeline/Pipeline.php(183): Illuminate/Foundation/Http/Middleware/ConvertEmptyStringsToNull->handle(Object(Illuminate/Http/Request), Object(Closure))
#41 D:/xampp/htdocs/Laravel-Assessment/laravel-assessment/vendor/laravel/framework/src/Illuminate/Foundation/Http/Middleware/TransformsRequest.php(21): Illuminate/Pipeline/Pipeline->Illuminate/Pipeline/{closure}(Object(Illuminate/Http/Request))
#42 D:/xampp/htdocs/Laravel-Assessment/laravel-assessment/vendor/laravel/framework/src/Illuminate/Foundation/Http/Middleware/TrimStrings.php(40): Illuminate/Foundation/Http/Middleware/TransformsRequest->handle(Object(Illuminate/Http/Request), Object(Closure))
#43 D:/xampp/htdocs/Laravel-Assessment/laravel-assessment/vendor/laravel/framework/src/Illuminate/Pipeline/Pipeline.php(183): Illuminate/Foundation/Http/Middleware/TrimStrings->handle(Object(Illuminate/Http/Request), Object(Closure))
#44 D:/xampp/htdocs/Laravel-Assessment/laravel-assessment/vendor/laravel/framework/src/Illuminate/Foundation/Http/Middleware/ValidatePostSize.php(27): Illuminate/Pipeline/Pipeline->Illuminate/Pipeline/{closure}(Object(Illuminate/Http/Request))
#45 D:/xampp/htdocs/Laravel-Assessment/laravel-assessment/vendor/laravel/framework/src/Illuminate/Pipeline/Pipeline.php(183): Illuminate/Foundation/Http/Middleware/ValidatePostSize->handle(Object(Illuminate/Http/Request), Object(Closure))
#46 D:/xampp/htdocs/Laravel-Assessment/laravel-assessment/vendor/laravel/framework/src/Illuminate/Foundation/Http/Middleware/PreventRequestsDuringMaintenance.php(99): Illuminate/Pipeline/Pipeline->Illuminate/Pipeline/{closure}(Object(Illuminate/Http/Request))
#47 D:/xampp/htdocs/Laravel-Assessment/laravel-assessment/vendor/laravel/framework/src/Illuminate/Pipeline/Pipeline.php(183): Illuminate/Foundation/Http/Middleware/PreventRequestsDuringMaintenance->handle(Object(Illuminate/Http/Request), Object(Closure))
#48 D:/xampp/htdocs/Laravel-Assessment/laravel-assessment/vendor/laravel/framework/src/Illuminate/Http/Middleware/HandleCors.php(62): Illuminate/Pipeline/Pipeline->Illuminate/Pipeline/{closure}(Object(Illuminate/Http/Request))
#49 D:/xampp/htdocs/Laravel-Assessment/laravel-assessment/vendor/laravel/framework/src/Illuminate/Pipeline/Pipeline.php(183): Illuminate/Http/Middleware/HandleCors->handle(Object(Illuminate/Http/Request), Object(Closure))
#50 D:/xampp/htdocs/Laravel-Assessment/laravel-assessment/vendor/laravel/framework/src/Illuminate/Http/Middleware/TrustProxies.php(39): Illuminate/Pipeline/Pipeline->Illuminate/Pipeline/{closure}(Object(Illuminate/Http/Request))
#51 D:/xampp/htdocs/Laravel-Assessment/laravel-assessment/vendor/laravel/framework/src/Illuminate/Pipeline/Pipeline.php(183): Illuminate/Http/Middleware/TrustProxies->handle(Object(Illuminate/Http/Request), Object(Closure))
#52 D:/xampp/htdocs/Laravel-Assessment/laravel-assessment/vendor/laravel/framework/src/Illuminate/Pipeline/Pipeline.php(119): Illuminate/Pipeline/Pipeline->Illuminate/Pipeline/{closure}(Object(Illuminate/Http/Request))
#53 D:/xampp/htdocs/Laravel-Assessment/laravel-assessment/vendor/laravel/framework/src/Illuminate/Foundation/Http/Kernel.php(175): Illuminate/Pipeline/Pipeline->then(Object(Closure))
#54 D:/xampp/htdocs/Laravel-Assessment/laravel-assessment/vendor/laravel/framework/src/Illuminate/Foundation/Http/Kernel.php(144): Illuminate/Foundation/Http/Kernel->sendRequestThroughRouter(Object(Illuminate/Http/Request))
#55 D:/xampp/htdocs/Laravel-Assessment/laravel-assessment/public/index.php(52): Illuminate/Foundation/Http/Kernel->handle(Object(Illuminate/Http/Request))
#56 D:/xampp/htdocs/Laravel-Assessment/laravel-assessment/vendor/laravel/framework/src/Illuminate/Foundation/resources/server.php(16): require_once('D://xampp//htdocs...')
#57 {main}

[previous exception] [object] (PDOException(code: 42S22): SQLSTATE[42S22]: Column not found: 1054 Unknown column '1' in 'where clause' at D:/xampp/htdocs/Laravel-Assessment/laravel-assessment/vendor/laravel/framework/src/Illuminate/Database/Connection.php:423)
[stacktrace]
#0 D:/xampp/htdocs/Laravel-Assessment/laravel-assessment/vendor/laravel/framework/src/Illuminate/Database/Connection.php(423): PDO->prepare('select count(*)...')
#1 D:/xampp/htdocs/Laravel-Assessment/laravel-assessment/vendor/laravel/framework/src/Illuminate/Database/Connection.php(816): Illuminate/Database/Connection->Illuminate/Database/{closure}('select count(*)...', Array)
#2 D:/xampp/htdocs/Laravel-Assessment/laravel-assessment/vendor/laravel/framework/src/Illuminate/Database/Connection.php(783): Illuminate/Database/Connection->runQueryCallback('select count(*)...', Array, Object(Closure))
#3 D:/xampp/htdocs/Laravel-Assessment/laravel-assessment/vendor/laravel/framework/src/Illuminate/Database/Connection.php(431): Illuminate/Database/Connection->run('select count(*)...', Array, Object(Closure))
#4 D:/xampp/htdocs/Laravel-Assessment/laravel-assessment/vendor/laravel/framework/src/Illuminate/Database/Query/Builder.php(2914): Illuminate/Database/Connection->select('select count(*)...', Array, false)
#5 D:/xampp/htdocs/Laravel-Assessment/laravel-assessment/vendor/laravel/framework/src/Illuminate/Database/Query/Builder.php(2902): Illuminate/Database/Query/Builder->runSelect()
#6 D:/xampp/htdocs/Laravel-Assessment/laravel-assessment/vendor/laravel/framework/src/Illuminate/Database/Query/Builder.php(3456): Illuminate/Database/Query/Builder->Illuminate/Database/Query/{closure}()
#7 D:/xampp/htdocs/Laravel-Assessment/laravel-assessment/vendor/laravel/framework/src/Illuminate/Database/Query/Builder.php(2903): Illuminate/Database/Query/Builder->onceWithColumns(Array, Object(Closure))
#8 D:/xampp/htdocs/Laravel-Assessment/laravel-assessment/vendor/laravel/framework/src/Illuminate/Database/Query/Builder.php(3383): Illuminate/Database/Query/Builder->get(Array)
#9 D:/xampp/htdocs/Laravel-Assessment/laravel-assessment/vendor/laravel/framework/src/Illuminate/Database/Query/Builder.php(3311): Illuminate/Database/Query/Builder->aggregate('count', Array)
#10 D:/xampp/htdocs/Laravel-Assessment/laravel-assessment/vendor/laravel/framework/src/Illuminate/Validation/DatabasePresenceVerifier.php(54): Illuminate/Database/Query/Builder->count()
#11 D:/xampp/htdocs/Laravel-Assessment/laravel-assessment/vendor/laravel/framework/src/Illuminate/Validation/Concerns/ValidatesAttributes.php(949): Illuminate/Validation/DatabasePresenceVerifier->getCount('leave_types', '1', NULL, NULL, NULL, Array)
#12 D:/xampp/htdocs/Laravel-Assessment/laravel-assessment/vendor/laravel/framework/src/Illuminate/Validation/Validator.php(660): Illuminate/Validation/Validator->validateUnique('leave_name', NULL, Array, Object(Illuminate/Validation/Validator))
#13 D:/xampp/htdocs/Laravel-Assessment/laravel-assessment/vendor/laravel/framework/src/Illuminate/Validation/Validator.php(459): Illuminate/Validation/Validator->validateAttribute('leave_name', 'Unique')
#14 D:/xampp/htdocs/Laravel-Assessment/laravel-assessment/vendor/laravel/framework/src/Illuminate/Validation/Validator.php(494): Illuminate/Validation/Validator->passes()
#15 D:/xampp/htdocs/Laravel-Assessment/laravel-assessment/vendor/laravel/framework/src/Illuminate/Validation/Validator.php(536): Illuminate/Validation/Validator->fails()
#16 D:/xampp/htdocs/Laravel-Assessment/laravel-assessment/vendor/laravel/framework/src/Illuminate/Foundation/Providers/FoundationServiceProvider.php(124): Illuminate/Validation/Validator->validate()
#17 D:/xampp/htdocs/Laravel-Assessment/laravel-assessment/vendor/laravel/framework/src/Illuminate/Macroable/Traits/Macroable.php(123): Illuminate/Http/Request->Illuminate/Foundation/Providers/{closure}(Array)
#18 D:/xampp/htdocs/Laravel-Assessment/laravel-assessment/app/Http/Controllers/leaveController.php(65): Illuminate/Http/Request->__call('validate', Array)
#19 D:/xampp/htdocs/Laravel-Assessment/laravel-assessment/vendor/laravel/framework/src/Illuminate/Routing/Controller.php(54): App/Http/Controllers/leaveController->updateleave(Object(Illuminate/Http/Request), '1')
#20 D:/xampp/htdocs/Laravel-Assessment/laravel-assessment/vendor/laravel/framework/src/Illuminate/Routing/ControllerDispatcher.php(43): Illuminate/Routing/Controller->callAction('updateleave', Array)
#21 D:/xampp/htdocs/Laravel-Assessment/laravel-assessment/vendor/laravel/framework/src/Illuminate/Routing/Route.php(260): Illuminate/Routing/ControllerDispatcher->dispatch(Object(Illuminate/Routing/Route), Object(App/Http/Controllers/leaveController), 'updateleave')
#22 D:/xampp/htdocs/Laravel-Assessment/laravel-assessment/vendor/laravel/framework/src/Illuminate/Routing/Route.php(205): Illuminate/Routing/Route->runController()
#23 D:/xampp/htdocs/Laravel-Assessment/laravel-assessment/vendor/laravel/framework/src/Illuminate/Routing/Router.php(806): Illuminate/Routing/Route->run()
#24 D:/xampp/htdocs/Laravel-Assessment/laravel-assessment/vendor/laravel/framework/src/Illuminate/Pipeline/Pipeline.php(144): Illuminate/Routing/Router->Illuminate/Routing/{closure}(Object(Illuminate/Http/Request))
#25 D:/xampp/htdocs/Laravel-Assessment/laravel-assessment/vendor/laravel/framework/src/Illuminate/Routing/Middleware/SubstituteBindings.php(50): Illuminate/Pipeline/Pipeline->Illuminate/Pipeline/{closure}(Object(Illuminate/Http/Request))
#26 D:/xampp/htdocs/Laravel-Assessment/laravel-assessment/vendor/laravel/framework/src/Illuminate/Pipeline/Pipeline.php(183): Illuminate/Routing/Middleware/SubstituteBindings->handle(Object(Illuminate/Http/Request), Object(Closure))
#27 D:/xampp/htdocs/Laravel-Assessment/laravel-assessment/vendor/laravel/framework/src/Illuminate/Routing/Middleware/ThrottleRequests.php(159): Illuminate/Pipeline/Pipeline->Illuminate/Pipeline/{closure}(Object(Illuminate/Http/Request))
#28 D:/xampp/htdocs/Laravel-Assessment/laravel-assessment/vendor/laravel/framework/src/Illuminate/Routing/Middleware/ThrottleRequests.php(135): Illuminate/Routing/Middleware/ThrottleRequests->handleRequest(Object(Illuminate/Http/Request), Object(Closure), Array)
#29 D:/xampp/htdocs/Laravel-Assessment/laravel-assessment/vendor/laravel/framework/src/Illuminate/Routing/Middleware/ThrottleRequests.php(87): Illuminate/Routing/Middleware/ThrottleRequests->handleRequestUsingNamedLimiter(Object(Illuminate/Http/Request), Object(Closure), 'api', Object(Closure))
#30 D:/xampp/htdocs/Laravel-Assessment/laravel-assessment/vendor/laravel/framework/src/Illuminate/Pipeline/Pipeline.php(183): Illuminate/Routing/Middleware/ThrottleRequests->handle(Object(Illuminate/Http/Request), Object(Closure), 'api')
#31 D:/xampp/htdocs/Laravel-Assessment/laravel-assessment/vendor/laravel/framework/src/Illuminate/Auth/Middleware/Authenticate.php(57): Illuminate/Pipeline/Pipeline->Illuminate/Pipeline/{closure}(Object(Illuminate/Http/Request))
#32 D:/xampp/htdocs/Laravel-Assessment/laravel-assessment/vendor/laravel/framework/src/Illuminate/Pipeline/Pipeline.php(183): Illuminate/Auth/Middleware/Authenticate->handle(Object(Illuminate/Http/Request), Object(Closure), 'api')
#33 D:/xampp/htdocs/Laravel-Assessment/laravel-assessment/vendor/laravel/framework/src/Illuminate/Pipeline/Pipeline.php(119): Illuminate/Pipeline/Pipeline->Illuminate/Pipeline/{closure}(Object(Illuminate/Http/Request))
#34 D:/xampp/htdocs/Laravel-Assessment/laravel-assessment/vendor/laravel/framework/src/Illuminate/Routing/Router.php(807): Illuminate/Pipeline/Pipeline->then(Object(Closure))
#35 D:/xampp/htdocs/Laravel-Assessment/laravel-assessment/vendor/laravel/framework/src/Illuminate/Routing/Router.php(784): Illuminate/Routing/Router->runRouteWithinStack(Object(Illuminate/Routing/Route), Object(Illuminate/Http/Request))
#36 D:/xampp/htdocs/Laravel-Assessment/laravel-assessment/vendor/laravel/framework/src/Illuminate/Routing/Router.php(748): Illuminate/Routing/Router->runRoute(Object(Illuminate/Http/Request), Object(Illuminate/Routing/Route))
#37 D:/xampp/htdocs/Laravel-Assessment/laravel-assessment/vendor/laravel/framework/src/Illuminate/Routing/Router.php(737): Illuminate/Routing/Router->dispatchToRoute(Object(Illuminate/Http/Request))
#38 D:/xampp/htdocs/Laravel-Assessment/laravel-assessment/vendor/laravel/framework/src/Illuminate/Foundation/Http/Kernel.php(200): Illuminate/Routing/Router->dispatch(Object(Illuminate/Http/Request))
#39 D:/xampp/htdocs/Laravel-Assessment/laravel-assessment/vendor/laravel/framework/src/Illuminate/Pipeline/Pipeline.php(144): Illuminate/Foundation/Http/Kernel->Illuminate/Foundation/Http/{closure}(Object(Illuminate/Http/Request))
#40 D:/xampp/htdocs/Laravel-Assessment/laravel-assessment/vendor/laravel/framework/src/Illuminate/Foundation/Http/Middleware/TransformsRequest.php(21): Illuminate/Pipeline/Pipeline->Illuminate/Pipeline/{closure}(Object(Illuminate/Http/Request))
#41 D:/xampp/htdocs/Laravel-Assessment/laravel-assessment/vendor/laravel/framework/src/Illuminate/Foundation/Http/Middleware/ConvertEmptyStringsToNull.php(31): Illuminate/Foundation/Http/Middleware/TransformsRequest->handle(Object(Illuminate/Http/Request), Object(Closure))
#42 D:/xampp/htdocs/Laravel-Assessment/laravel-assessment/vendor/laravel/framework/src/Illuminate/Pipeline/Pipeline.php(183): Illuminate/Foundation/Http/Middleware/ConvertEmptyStringsToNull->handle(Object(Illuminate/Http/Request), Object(Closure))
#43 D:/xampp/htdocs/Laravel-Assessment/laravel-assessment/vendor/laravel/framework/src/Illuminate/Foundation/Http/Middleware/TransformsRequest.php(21): Illuminate/Pipeline/Pipeline->Illuminate/Pipeline/{closure}(Object(Illuminate/Http/Request))
#44 D:/xampp/htdocs/Laravel-Assessment/laravel-assessment/vendor/laravel/framework/src/Illuminate/Foundation/Http/Middleware/TrimStrings.php(40): Illuminate/Foundation/Http/Middleware/TransformsRequest->handle(Object(Illuminate/Http/Request), Object(Closure))
#45 D:/xampp/htdocs/Laravel-Assessment/laravel-assessment/vendor/laravel/framework/src/Illuminate/Pipeline/Pipeline.php(183): Illuminate/Foundation/Http/Middleware/TrimStrings->handle(Object(Illuminate/Http/Request), Object(Closure))
#46 D:/xampp/htdocs/Laravel-Assessment/laravel-assessment/vendor/laravel/framework/src/Illuminate/Foundation/Http/Middleware/ValidatePostSize.php(27): Illuminate/Pipeline/Pipeline->Illuminate/Pipeline/{closure}(Object(Illuminate/Http/Request))
#47 D:/xampp/htdocs/Laravel-Assessment/laravel-assessment/vendor/laravel/framework/src/Illuminate/Pipeline/Pipeline.php(183): Illuminate/Foundation/Http/Middleware/ValidatePostSize->handle(Object(Illuminate/Http/Request), Object(Closure))
#48 D:/xampp/htdocs/Laravel-Assessment/laravel-assessment/vendor/laravel/framework/src/Illuminate/Foundation/Http/Middleware/PreventRequestsDuringMaintenance.php(99): Illuminate/Pipeline/Pipeline->Illuminate/Pipeline/{closure}(Object(Illuminate/Http/Request))
#49 D:/xampp/htdocs/Laravel-Assessment/laravel-assessment/vendor/laravel/framework/src/Illuminate/Pipeline/Pipeline.php(183): Illuminate/Foundation/Http/Middleware/PreventRequestsDuringMaintenance->handle(Object(Illuminate/Http/Request), Object(Closure))
#50 D:/xampp/htdocs/Laravel-Assessment/laravel-assessment/vendor/laravel/framework/src/Illuminate/Http/Middleware/HandleCors.php(62): Illuminate/Pipeline/Pipeline->Illuminate/Pipeline/{closure}(Object(Illuminate/Http/Request))
#51 D:/xampp/htdocs/Laravel-Assessment/laravel-assessment/vendor/laravel/framework/src/Illuminate/Pipeline/Pipeline.php(183): Illuminate/Http/Middleware/HandleCors->handle(Object(Illuminate/Http/Request), Object(Closure))
#52 D:/xampp/htdocs/Laravel-Assessment/laravel-assessment/vendor/laravel/framework/src/Illuminate/Http/Middleware/TrustProxies.php(39): Illuminate/Pipeline/Pipeline->Illuminate/Pipeline/{closure}(Object(Illuminate/Http/Request))
#53 D:/xampp/htdocs/Laravel-Assessment/laravel-assessment/vendor/laravel/framework/src/Illuminate/Pipeline/Pipeline.php(183): Illuminate/Http/Middleware/TrustProxies->handle(Object(Illuminate/Http/Request), Object(Closure))
#54 D:/xampp/htdocs/Laravel-Assessment/laravel-assessment/vendor/laravel/framework/src/Illuminate/Pipeline/Pipeline.php(119): Illuminate/Pipeline/Pipeline->Illuminate/Pipeline/{closure}(Object(Illuminate/Http/Request))
#55 D:/xampp/htdocs/Laravel-Assessment/laravel-assessment/vendor/laravel/framework/src/Illuminate/Foundation/Http/Kernel.php(175): Illuminate/Pipeline/Pipeline->then(Object(Closure))
#56 D:/xampp/htdocs/Laravel-Assessment/laravel-assessment/vendor/laravel/framework/src/Illuminate/Foundation/Http/Kernel.php(144): Illuminate/Foundation/Http/Kernel->sendRequestThroughRouter(Object(Illuminate/Http/Request))
#57 D:/xampp/htdocs/Laravel-Assessment/laravel-assessment/public/index.php(52): Illuminate/Foundation/Http/Kernel->handle(Object(Illuminate/Http/Request))
#58 D:/xampp/htdocs/Laravel-Assessment/laravel-assessment/vendor/laravel/framework/src/Illuminate/Foundation/resources/server.php(16): require_once('D://xampp//htdocs...')
#59 {main}
"} 
[2026-07-14 06:13:23] local.ERROR: Method Illuminate\Validation\Validator::validateNumberic does not exist. {"userId":1,"exception":"[object] (BadMethodCallException(code: 0): Method Illuminate\\Validation\\Validator::validateNumberic does not exist. at D:/xampp/htdocs/Laravel-Assessment/laravel-assessment/vendor/laravel/framework/src/Illuminate/Validation/Validator.php:1646)
[stacktrace]
#0 D:/xampp/htdocs/Laravel-Assessment/laravel-assessment/vendor/laravel/framework/src/Illuminate/Validation/Validator.php(660): Illuminate/Validation/Validator->__call('validateNumberi...', Array)
#1 D:/xampp/htdocs/Laravel-Assessment/laravel-assessment/vendor/laravel/framework/src/Illuminate/Validation/Validator.php(459): Illuminate/Validation/Validator->validateAttribute('total_days', 'Numberic')
#2 D:/xampp/htdocs/Laravel-Assessment/laravel-assessment/vendor/laravel/framework/src/Illuminate/Validation/Validator.php(494): Illuminate/Validation/Validator->passes()
#3 D:/xampp/htdocs/Laravel-Assessment/laravel-assessment/vendor/laravel/framework/src/Illuminate/Validation/Validator.php(536): Illuminate/Validation/Validator->fails()
#4 D:/xampp/htdocs/Laravel-Assessment/laravel-assessment/vendor/laravel/framework/src/Illuminate/Foundation/Providers/FoundationServiceProvider.php(124): Illuminate/Validation/Validator->validate()
#5 D:/xampp/htdocs/Laravel-Assessment/laravel-assessment/vendor/laravel/framework/src/Illuminate/Macroable/Traits/Macroable.php(123): Illuminate/Http/Request->Illuminate/Foundation/Providers/{closure}(Array)
#6 D:/xampp/htdocs/Laravel-Assessment/laravel-assessment/app/Http/Controllers/leaveController.php(65): Illuminate/Http/Request->__call('validate', Array)
#7 D:/xampp/htdocs/Laravel-Assessment/laravel-assessment/vendor/laravel/framework/src/Illuminate/Routing/Controller.php(54): App/Http/Controllers/leaveController->updateleave(Object(Illuminate/Http/Request), '1')
#8 D:/xampp/htdocs/Laravel-Assessment/laravel-assessment/vendor/laravel/framework/src/Illuminate/Routing/ControllerDispatcher.php(43): Illuminate/Routing/Controller->callAction('updateleave', Array)
#9 D:/xampp/htdocs/Laravel-Assessment/laravel-assessment/vendor/laravel/framework/src/Illuminate/Routing/Route.php(260): Illuminate/Routing/ControllerDispatcher->dispatch(Object(Illuminate/Routing/Route), Object(App/Http/Controllers/leaveController), 'updateleave')
#10 D:/xampp/htdocs/Laravel-Assessment/laravel-assessment/vendor/laravel/framework/src/Illuminate/Routing/Route.php(205): Illuminate/Routing/Route->runController()
#11 D:/xampp/htdocs/Laravel-Assessment/laravel-assessment/vendor/laravel/framework/src/Illuminate/Routing/Router.php(806): Illuminate/Routing/Route->run()
#12 D:/xampp/htdocs/Laravel-Assessment/laravel-assessment/vendor/laravel/framework/src/Illuminate/Pipeline/Pipeline.php(144): Illuminate/Routing/Router->Illuminate/Routing/{closure}(Object(Illuminate/Http/Request))
#13 D:/xampp/htdocs/Laravel-Assessment/laravel-assessment/vendor/laravel/framework/src/Illuminate/Routing/Middleware/SubstituteBindings.php(50): Illuminate/Pipeline/Pipeline->Illuminate/Pipeline/{closure}(Object(Illuminate/Http/Request))
#14 D:/xampp/htdocs/Laravel-Assessment/laravel-assessment/vendor/laravel/framework/src/Illuminate/Pipeline/Pipeline.php(183): Illuminate/Routing/Middleware/SubstituteBindings->handle(Object(Illuminate/Http/Request), Object(Closure))
#15 D:/xampp/htdocs/Laravel-Assessment/laravel-assessment/vendor/laravel/framework/src/Illuminate/Routing/Middleware/ThrottleRequests.php(159): Illuminate/Pipeline/Pipeline->Illuminate/Pipeline/{closure}(Object(Illuminate/Http/Request))
#16 D:/xampp/htdocs/Laravel-Assessment/laravel-assessment/vendor/laravel/framework/src/Illuminate/Routing/Middleware/ThrottleRequests.php(135): Illuminate/Routing/Middleware/ThrottleRequests->handleRequest(Object(Illuminate/Http/Request), Object(Closure), Array)
#17 D:/xampp/htdocs/Laravel-Assessment/laravel-assessment/vendor/laravel/framework/src/Illuminate/Routing/Middleware/ThrottleRequests.php(87): Illuminate/Routing/Middleware/ThrottleRequests->handleRequestUsingNamedLimiter(Object(Illuminate/Http/Request), Object(Closure), 'api', Object(Closure))
#18 D:/xampp/htdocs/Laravel-Assessment/laravel-assessment/vendor/laravel/framework/src/Illuminate/Pipeline/Pipeline.php(183): Illuminate/Routing/Middleware/ThrottleRequests->handle(Object(Illuminate/Http/Request), Object(Closure), 'api')
#19 D:/xampp/htdocs/Laravel-Assessment/laravel-assessment/vendor/laravel/framework/src/Illuminate/Auth/Middleware/Authenticate.php(57): Illuminate/Pipeline/Pipeline->Illuminate/Pipeline/{closure}(Object(Illuminate/Http/Request))
#20 D:/xampp/htdocs/Laravel-Assessment/laravel-assessment/vendor/laravel/framework/src/Illuminate/Pipeline/Pipeline.php(183): Illuminate/Auth/Middleware/Authenticate->handle(Object(Illuminate/Http/Request), Object(Closure), 'api')
#21 D:/xampp/htdocs/Laravel-Assessment/laravel-assessment/vendor/laravel/framework/src/Illuminate/Pipeline/Pipeline.php(119): Illuminate/Pipeline/Pipeline->Illuminate/Pipeline/{closure}(Object(Illuminate/Http/Request))
#22 D:/xampp/htdocs/Laravel-Assessment/laravel-assessment/vendor/laravel/framework/src/Illuminate/Routing/Router.php(807): Illuminate/Pipeline/Pipeline->then(Object(Closure))
#23 D:/xampp/htdocs/Laravel-Assessment/laravel-assessment/vendor/laravel/framework/src/Illuminate/Routing/Router.php(784): Illuminate/Routing/Router->runRouteWithinStack(Object(Illuminate/Routing/Route), Object(Illuminate/Http/Request))
#24 D:/xampp/htdocs/Laravel-Assessment/laravel-assessment/vendor/laravel/framework/src/Illuminate/Routing/Router.php(748): Illuminate/Routing/Router->runRoute(Object(Illuminate/Http/Request), Object(Illuminate/Routing/Route))
#25 D:/xampp/htdocs/Laravel-Assessment/laravel-assessment/vendor/laravel/framework/src/Illuminate/Routing/Router.php(737): Illuminate/Routing/Router->dispatchToRoute(Object(Illuminate/Http/Request))
#26 D:/xampp/htdocs/Laravel-Assessment/laravel-assessment/vendor/laravel/framework/src/Illuminate/Foundation/Http/Kernel.php(200): Illuminate/Routing/Router->dispatch(Object(Illuminate/Http/Request))
#27 D:/xampp/htdocs/Laravel-Assessment/laravel-assessment/vendor/laravel/framework/src/Illuminate/Pipeline/Pipeline.php(144): Illuminate/Foundation/Http/Kernel->Illuminate/Foundation/Http/{closure}(Object(Illuminate/Http/Request))
#28 D:/xampp/htdocs/Laravel-Assessment/laravel-assessment/vendor/laravel/framework/src/Illuminate/Foundation/Http/Middleware/TransformsRequest.php(21): Illuminate/Pipeline/Pipeline->Illuminate/Pipeline/{closure}(Object(Illuminate/Http/Request))
#29 D:/xampp/htdocs/Laravel-Assessment/laravel-assessment/vendor/laravel/framework/src/Illuminate/Foundation/Http/Middleware/ConvertEmptyStringsToNull.php(31): Illuminate/Foundation/Http/Middleware/TransformsRequest->handle(Object(Illuminate/Http/Request), Object(Closure))
#30 D:/xampp/htdocs/Laravel-Assessment/laravel-assessment/vendor/laravel/framework/src/Illuminate/Pipeline/Pipeline.php(183): Illuminate/Foundation/Http/Middleware/ConvertEmptyStringsToNull->handle(Object(Illuminate/Http/Request), Object(Closure))
#31 D:/xampp/htdocs/Laravel-Assessment/laravel-assessment/vendor/laravel/framework/src/Illuminate/Foundation/Http/Middleware/TransformsRequest.php(21): Illuminate/Pipeline/Pipeline->Illuminate/Pipeline/{closure}(Object(Illuminate/Http/Request))
#32 D:/xampp/htdocs/Laravel-Assessment/laravel-assessment/vendor/laravel/framework/src/Illuminate/Foundation/Http/Middleware/TrimStrings.php(40): Illuminate/Foundation/Http/Middleware/TransformsRequest->handle(Object(Illuminate/Http/Request), Object(Closure))
#33 D:/xampp/htdocs/Laravel-Assessment/laravel-assessment/vendor/laravel/framework/src/Illuminate/Pipeline/Pipeline.php(183): Illuminate/Foundation/Http/Middleware/TrimStrings->handle(Object(Illuminate/Http/Request), Object(Closure))
#34 D:/xampp/htdocs/Laravel-Assessment/laravel-assessment/vendor/laravel/framework/src/Illuminate/Foundation/Http/Middleware/ValidatePostSize.php(27): Illuminate/Pipeline/Pipeline->Illuminate/Pipeline/{closure}(Object(Illuminate/Http/Request))
#35 D:/xampp/htdocs/Laravel-Assessment/laravel-assessment/vendor/laravel/framework/src/Illuminate/Pipeline/Pipeline.php(183): Illuminate/Foundation/Http/Middleware/ValidatePostSize->handle(Object(Illuminate/Http/Request), Object(Closure))
#36 D:/xampp/htdocs/Laravel-Assessment/laravel-assessment/vendor/laravel/framework/src/Illuminate/Foundation/Http/Middleware/PreventRequestsDuringMaintenance.php(99): Illuminate/Pipeline/Pipeline->Illuminate/Pipeline/{closure}(Object(Illuminate/Http/Request))
#37 D:/xampp/htdocs/Laravel-Assessment/laravel-assessment/vendor/laravel/framework/src/Illuminate/Pipeline/Pipeline.php(183): Illuminate/Foundation/Http/Middleware/PreventRequestsDuringMaintenance->handle(Object(Illuminate/Http/Request), Object(Closure))
#38 D:/xampp/htdocs/Laravel-Assessment/laravel-assessment/vendor/laravel/framework/src/Illuminate/Http/Middleware/HandleCors.php(62): Illuminate/Pipeline/Pipeline->Illuminate/Pipeline/{closure}(Object(Illuminate/Http/Request))
#39 D:/xampp/htdocs/Laravel-Assessment/laravel-assessment/vendor/laravel/framework/src/Illuminate/Pipeline/Pipeline.php(183): Illuminate/Http/Middleware/HandleCors->handle(Object(Illuminate/Http/Request), Object(Closure))
#40 D:/xampp/htdocs/Laravel-Assessment/laravel-assessment/vendor/laravel/framework/src/Illuminate/Http/Middleware/TrustProxies.php(39): Illuminate/Pipeline/Pipeline->Illuminate/Pipeline/{closure}(Object(Illuminate/Http/Request))
#41 D:/xampp/htdocs/Laravel-Assessment/laravel-assessment/vendor/laravel/framework/src/Illuminate/Pipeline/Pipeline.php(183): Illuminate/Http/Middleware/TrustProxies->handle(Object(Illuminate/Http/Request), Object(Closure))
#42 D:/xampp/htdocs/Laravel-Assessment/laravel-assessment/vendor/laravel/framework/src/Illuminate/Pipeline/Pipeline.php(119): Illuminate/Pipeline/Pipeline->Illuminate/Pipeline/{closure}(Object(Illuminate/Http/Request))
#43 D:/xampp/htdocs/Laravel-Assessment/laravel-assessment/vendor/laravel/framework/src/Illuminate/Foundation/Http/Kernel.php(175): Illuminate/Pipeline/Pipeline->then(Object(Closure))
#44 D:/xampp/htdocs/Laravel-Assessment/laravel-assessment/vendor/laravel/framework/src/Illuminate/Foundation/Http/Kernel.php(144): Illuminate/Foundation/Http/Kernel->sendRequestThroughRouter(Object(Illuminate/Http/Request))
#45 D:/xampp/htdocs/Laravel-Assessment/laravel-assessment/public/index.php(52): Illuminate/Foundation/Http/Kernel->handle(Object(Illuminate/Http/Request))
#46 D:/xampp/htdocs/Laravel-Assessment/laravel-assessment/vendor/laravel/framework/src/Illuminate/Foundation/resources/server.php(16): require_once('D://xampp//htdocs...')
#47 {main}
"} 
[2026-07-14 06:14:09] local.ERROR: SQLSTATE[23000]: Integrity constraint violation: 1048 Column 'leave_name' cannot be null (Connection: mysql, SQL: update `leave_types` set `leave_name` = ?, `total_days` = 10, `description` = ?, `status` = ? where `id` = 1) {"userId":1,"exception":"[object] (Illuminate\\Database\\QueryException(code: 23000): SQLSTATE[23000]: Integrity constraint violation: 1048 Column 'leave_name' cannot be null (Connection: mysql, SQL: update `leave_types` set `leave_name` = ?, `total_days` = 10, `description` = ?, `status` = ? where `id` = 1) at D:/xampp/htdocs/Laravel-Assessment/laravel-assessment/vendor/laravel/framework/src/Illuminate/Database/Connection.php:829)
[stacktrace]
#0 D:/xampp/htdocs/Laravel-Assessment/laravel-assessment/vendor/laravel/framework/src/Illuminate/Database/Connection.php(783): Illuminate/Database/Connection->runQueryCallback('update `leave_t...', Array, Object(Closure))
#1 D:/xampp/htdocs/Laravel-Assessment/laravel-assessment/vendor/laravel/framework/src/Illuminate/Database/Connection.php(619): Illuminate/Database/Connection->run('update `leave_t...', Array, Object(Closure))
#2 D:/xampp/htdocs/Laravel-Assessment/laravel-assessment/vendor/laravel/framework/src/Illuminate/Database/Connection.php(552): Illuminate/Database/Connection->affectingStatement('update `leave_t...', Array)
#3 D:/xampp/htdocs/Laravel-Assessment/laravel-assessment/vendor/laravel/framework/src/Illuminate/Database/Query/Builder.php(3603): Illuminate/Database/Connection->update('update `leave_t...', Array)
#4 D:/xampp/htdocs/Laravel-Assessment/laravel-assessment/app/Http/Controllers/leaveController.php(72): Illuminate/Database/Query/Builder->update(Array)
#5 D:/xampp/htdocs/Laravel-Assessment/laravel-assessment/vendor/laravel/framework/src/Illuminate/Routing/Controller.php(54): App/Http/Controllers/leaveController->updateleave(Object(Illuminate/Http/Request), '1')
#6 D:/xampp/htdocs/Laravel-Assessment/laravel-assessment/vendor/laravel/framework/src/Illuminate/Routing/ControllerDispatcher.php(43): Illuminate/Routing/Controller->callAction('updateleave', Array)
#7 D:/xampp/htdocs/Laravel-Assessment/laravel-assessment/vendor/laravel/framework/src/Illuminate/Routing/Route.php(260): Illuminate/Routing/ControllerDispatcher->dispatch(Object(Illuminate/Routing/Route), Object(App/Http/Controllers/leaveController), 'updateleave')
#8 D:/xampp/htdocs/Laravel-Assessment/laravel-assessment/vendor/laravel/framework/src/Illuminate/Routing/Route.php(205): Illuminate/Routing/Route->runController()
#9 D:/xampp/htdocs/Laravel-Assessment/laravel-assessment/vendor/laravel/framework/src/Illuminate/Routing/Router.php(806): Illuminate/Routing/Route->run()
#10 D:/xampp/htdocs/Laravel-Assessment/laravel-assessment/vendor/laravel/framework/src/Illuminate/Pipeline/Pipeline.php(144): Illuminate/Routing/Router->Illuminate/Routing/{closure}(Object(Illuminate/Http/Request))
#11 D:/xampp/htdocs/Laravel-Assessment/laravel-assessment/vendor/laravel/framework/src/Illuminate/Routing/Middleware/SubstituteBindings.php(50): Illuminate/Pipeline/Pipeline->Illuminate/Pipeline/{closure}(Object(Illuminate/Http/Request))
#12 D:/xampp/htdocs/Laravel-Assessment/laravel-assessment/vendor/laravel/framework/src/Illuminate/Pipeline/Pipeline.php(183): Illuminate/Routing/Middleware/SubstituteBindings->handle(Object(Illuminate/Http/Request), Object(Closure))
#13 D:/xampp/htdocs/Laravel-Assessment/laravel-assessment/vendor/laravel/framework/src/Illuminate/Routing/Middleware/ThrottleRequests.php(159): Illuminate/Pipeline/Pipeline->Illuminate/Pipeline/{closure}(Object(Illuminate/Http/Request))
#14 D:/xampp/htdocs/Laravel-Assessment/laravel-assessment/vendor/laravel/framework/src/Illuminate/Routing/Middleware/ThrottleRequests.php(135): Illuminate/Routing/Middleware/ThrottleRequests->handleRequest(Object(Illuminate/Http/Request), Object(Closure), Array)
#15 D:/xampp/htdocs/Laravel-Assessment/laravel-assessment/vendor/laravel/framework/src/Illuminate/Routing/Middleware/ThrottleRequests.php(87): Illuminate/Routing/Middleware/ThrottleRequests->handleRequestUsingNamedLimiter(Object(Illuminate/Http/Request), Object(Closure), 'api', Object(Closure))
#16 D:/xampp/htdocs/Laravel-Assessment/laravel-assessment/vendor/laravel/framework/src/Illuminate/Pipeline/Pipeline.php(183): Illuminate/Routing/Middleware/ThrottleRequests->handle(Object(Illuminate/Http/Request), Object(Closure), 'api')
#17 D:/xampp/htdocs/Laravel-Assessment/laravel-assessment/vendor/laravel/framework/src/Illuminate/Auth/Middleware/Authenticate.php(57): Illuminate/Pipeline/Pipeline->Illuminate/Pipeline/{closure}(Object(Illuminate/Http/Request))
#18 D:/xampp/htdocs/Laravel-Assessment/laravel-assessment/vendor/laravel/framework/src/Illuminate/Pipeline/Pipeline.php(183): Illuminate/Auth/Middleware/Authenticate->handle(Object(Illuminate/Http/Request), Object(Closure), 'api')
#19 D:/xampp/htdocs/Laravel-Assessment/laravel-assessment/vendor/laravel/framework/src/Illuminate/Pipeline/Pipeline.php(119): Illuminate/Pipeline/Pipeline->Illuminate/Pipeline/{closure}(Object(Illuminate/Http/Request))
#20 D:/xampp/htdocs/Laravel-Assessment/laravel-assessment/vendor/laravel/framework/src/Illuminate/Routing/Router.php(807): Illuminate/Pipeline/Pipeline->then(Object(Closure))
#21 D:/xampp/htdocs/Laravel-Assessment/laravel-assessment/vendor/laravel/framework/src/Illuminate/Routing/Router.php(784): Illuminate/Routing/Router->runRouteWithinStack(Object(Illuminate/Routing/Route), Object(Illuminate/Http/Request))
#22 D:/xampp/htdocs/Laravel-Assessment/laravel-assessment/vendor/laravel/framework/src/Illuminate/Routing/Router.php(748): Illuminate/Routing/Router->runRoute(Object(Illuminate/Http/Request), Object(Illuminate/Routing/Route))
#23 D:/xampp/htdocs/Laravel-Assessment/laravel-assessment/vendor/laravel/framework/src/Illuminate/Routing/Router.php(737): Illuminate/Routing/Router->dispatchToRoute(Object(Illuminate/Http/Request))
#24 D:/xampp/htdocs/Laravel-Assessment/laravel-assessment/vendor/laravel/framework/src/Illuminate/Foundation/Http/Kernel.php(200): Illuminate/Routing/Router->dispatch(Object(Illuminate/Http/Request))
#25 D:/xampp/htdocs/Laravel-Assessment/laravel-assessment/vendor/laravel/framework/src/Illuminate/Pipeline/Pipeline.php(144): Illuminate/Foundation/Http/Kernel->Illuminate/Foundation/Http/{closure}(Object(Illuminate/Http/Request))
#26 D:/xampp/htdocs/Laravel-Assessment/laravel-assessment/vendor/laravel/framework/src/Illuminate/Foundation/Http/Middleware/TransformsRequest.php(21): Illuminate/Pipeline/Pipeline->Illuminate/Pipeline/{closure}(Object(Illuminate/Http/Request))
#27 D:/xampp/htdocs/Laravel-Assessment/laravel-assessment/vendor/laravel/framework/src/Illuminate/Foundation/Http/Middleware/ConvertEmptyStringsToNull.php(31): Illuminate/Foundation/Http/Middleware/TransformsRequest->handle(Object(Illuminate/Http/Request), Object(Closure))
#28 D:/xampp/htdocs/Laravel-Assessment/laravel-assessment/vendor/laravel/framework/src/Illuminate/Pipeline/Pipeline.php(183): Illuminate/Foundation/Http/Middleware/ConvertEmptyStringsToNull->handle(Object(Illuminate/Http/Request), Object(Closure))
#29 D:/xampp/htdocs/Laravel-Assessment/laravel-assessment/vendor/laravel/framework/src/Illuminate/Foundation/Http/Middleware/TransformsRequest.php(21): Illuminate/Pipeline/Pipeline->Illuminate/Pipeline/{closure}(Object(Illuminate/Http/Request))
#30 D:/xampp/htdocs/Laravel-Assessment/laravel-assessment/vendor/laravel/framework/src/Illuminate/Foundation/Http/Middleware/TrimStrings.php(40): Illuminate/Foundation/Http/Middleware/TransformsRequest->handle(Object(Illuminate/Http/Request), Object(Closure))
#31 D:/xampp/htdocs/Laravel-Assessment/laravel-assessment/vendor/laravel/framework/src/Illuminate/Pipeline/Pipeline.php(183): Illuminate/Foundation/Http/Middleware/TrimStrings->handle(Object(Illuminate/Http/Request), Object(Closure))
#32 D:/xampp/htdocs/Laravel-Assessment/laravel-assessment/vendor/laravel/framework/src/Illuminate/Foundation/Http/Middleware/ValidatePostSize.php(27): Illuminate/Pipeline/Pipeline->Illuminate/Pipeline/{closure}(Object(Illuminate/Http/Request))
#33 D:/xampp/htdocs/Laravel-Assessment/laravel-assessment/vendor/laravel/framework/src/Illuminate/Pipeline/Pipeline.php(183): Illuminate/Foundation/Http/Middleware/ValidatePostSize->handle(Object(Illuminate/Http/Request), Object(Closure))
#34 D:/xampp/htdocs/Laravel-Assessment/laravel-assessment/vendor/laravel/framework/src/Illuminate/Foundation/Http/Middleware/PreventRequestsDuringMaintenance.php(99): Illuminate/Pipeline/Pipeline->Illuminate/Pipeline/{closure}(Object(Illuminate/Http/Request))
#35 D:/xampp/htdocs/Laravel-Assessment/laravel-assessment/vendor/laravel/framework/src/Illuminate/Pipeline/Pipeline.php(183): Illuminate/Foundation/Http/Middleware/PreventRequestsDuringMaintenance->handle(Object(Illuminate/Http/Request), Object(Closure))
#36 D:/xampp/htdocs/Laravel-Assessment/laravel-assessment/vendor/laravel/framework/src/Illuminate/Http/Middleware/HandleCors.php(62): Illuminate/Pipeline/Pipeline->Illuminate/Pipeline/{closure}(Object(Illuminate/Http/Request))
#37 D:/xampp/htdocs/Laravel-Assessment/laravel-assessment/vendor/laravel/framework/src/Illuminate/Pipeline/Pipeline.php(183): Illuminate/Http/Middleware/HandleCors->handle(Object(Illuminate/Http/Request), Object(Closure))
#38 D:/xampp/htdocs/Laravel-Assessment/laravel-assessment/vendor/laravel/framework/src/Illuminate/Http/Middleware/TrustProxies.php(39): Illuminate/Pipeline/Pipeline->Illuminate/Pipeline/{closure}(Object(Illuminate/Http/Request))
#39 D:/xampp/htdocs/Laravel-Assessment/laravel-assessment/vendor/laravel/framework/src/Illuminate/Pipeline/Pipeline.php(183): Illuminate/Http/Middleware/TrustProxies->handle(Object(Illuminate/Http/Request), Object(Closure))
#40 D:/xampp/htdocs/Laravel-Assessment/laravel-assessment/vendor/laravel/framework/src/Illuminate/Pipeline/Pipeline.php(119): Illuminate/Pipeline/Pipeline->Illuminate/Pipeline/{closure}(Object(Illuminate/Http/Request))
#41 D:/xampp/htdocs/Laravel-Assessment/laravel-assessment/vendor/laravel/framework/src/Illuminate/Foundation/Http/Kernel.php(175): Illuminate/Pipeline/Pipeline->then(Object(Closure))
#42 D:/xampp/htdocs/Laravel-Assessment/laravel-assessment/vendor/laravel/framework/src/Illuminate/Foundation/Http/Kernel.php(144): Illuminate/Foundation/Http/Kernel->sendRequestThroughRouter(Object(Illuminate/Http/Request))
#43 D:/xampp/htdocs/Laravel-Assessment/laravel-assessment/public/index.php(52): Illuminate/Foundation/Http/Kernel->handle(Object(Illuminate/Http/Request))
#44 D:/xampp/htdocs/Laravel-Assessment/laravel-assessment/vendor/laravel/framework/src/Illuminate/Foundation/resources/server.php(16): require_once('D://xampp//htdocs...')
#45 {main}

[previous exception] [object] (PDOException(code: 23000): SQLSTATE[23000]: Integrity constraint violation: 1048 Column 'leave_name' cannot be null at D:/xampp/htdocs/Laravel-Assessment/laravel-assessment/vendor/laravel/framework/src/Illuminate/Database/Connection.php:612)
[stacktrace]
#0 D:/xampp/htdocs/Laravel-Assessment/laravel-assessment/vendor/laravel/framework/src/Illuminate/Database/Connection.php(612): PDOStatement->execute()
#1 D:/xampp/htdocs/Laravel-Assessment/laravel-assessment/vendor/laravel/framework/src/Illuminate/Database/Connection.php(816): Illuminate/Database/Connection->Illuminate/Database/{closure}('update `leave_t...', Array)
#2 D:/xampp/htdocs/Laravel-Assessment/laravel-assessment/vendor/laravel/framework/src/Illuminate/Database/Connection.php(783): Illuminate/Database/Connection->runQueryCallback('update `leave_t...', Array, Object(Closure))
#3 D:/xampp/htdocs/Laravel-Assessment/laravel-assessment/vendor/laravel/framework/src/Illuminate/Database/Connection.php(619): Illuminate/Database/Connection->run('update `leave_t...', Array, Object(Closure))
#4 D:/xampp/htdocs/Laravel-Assessment/laravel-assessment/vendor/laravel/framework/src/Illuminate/Database/Connection.php(552): Illuminate/Database/Connection->affectingStatement('update `leave_t...', Array)
#5 D:/xampp/htdocs/Laravel-Assessment/laravel-assessment/vendor/laravel/framework/src/Illuminate/Database/Query/Builder.php(3603): Illuminate/Database/Connection->update('update `leave_t...', Array)
#6 D:/xampp/htdocs/Laravel-Assessment/laravel-assessment/app/Http/Controllers/leaveController.php(72): Illuminate/Database/Query/Builder->update(Array)
#7 D:/xampp/htdocs/Laravel-Assessment/laravel-assessment/vendor/laravel/framework/src/Illuminate/Routing/Controller.php(54): App/Http/Controllers/leaveController->updateleave(Object(Illuminate/Http/Request), '1')
#8 D:/xampp/htdocs/Laravel-Assessment/laravel-assessment/vendor/laravel/framework/src/Illuminate/Routing/ControllerDispatcher.php(43): Illuminate/Routing/Controller->callAction('updateleave', Array)
#9 D:/xampp/htdocs/Laravel-Assessment/laravel-assessment/vendor/laravel/framework/src/Illuminate/Routing/Route.php(260): Illuminate/Routing/ControllerDispatcher->dispatch(Object(Illuminate/Routing/Route), Object(App/Http/Controllers/leaveController), 'updateleave')
#10 D:/xampp/htdocs/Laravel-Assessment/laravel-assessment/vendor/laravel/framework/src/Illuminate/Routing/Route.php(205): Illuminate/Routing/Route->runController()
#11 D:/xampp/htdocs/Laravel-Assessment/laravel-assessment/vendor/laravel/framework/src/Illuminate/Routing/Router.php(806): Illuminate/Routing/Route->run()
#12 D:/xampp/htdocs/Laravel-Assessment/laravel-assessment/vendor/laravel/framework/src/Illuminate/Pipeline/Pipeline.php(144): Illuminate/Routing/Router->Illuminate/Routing/{closure}(Object(Illuminate/Http/Request))
#13 D:/xampp/htdocs/Laravel-Assessment/laravel-assessment/vendor/laravel/framework/src/Illuminate/Routing/Middleware/SubstituteBindings.php(50): Illuminate/Pipeline/Pipeline->Illuminate/Pipeline/{closure}(Object(Illuminate/Http/Request))
#14 D:/xampp/htdocs/Laravel-Assessment/laravel-assessment/vendor/laravel/framework/src/Illuminate/Pipeline/Pipeline.php(183): Illuminate/Routing/Middleware/SubstituteBindings->handle(Object(Illuminate/Http/Request), Object(Closure))
#15 D:/xampp/htdocs/Laravel-Assessment/laravel-assessment/vendor/laravel/framework/src/Illuminate/Routing/Middleware/ThrottleRequests.php(159): Illuminate/Pipeline/Pipeline->Illuminate/Pipeline/{closure}(Object(Illuminate/Http/Request))
#16 D:/xampp/htdocs/Laravel-Assessment/laravel-assessment/vendor/laravel/framework/src/Illuminate/Routing/Middleware/ThrottleRequests.php(135): Illuminate/Routing/Middleware/ThrottleRequests->handleRequest(Object(Illuminate/Http/Request), Object(Closure), Array)
#17 D:/xampp/htdocs/Laravel-Assessment/laravel-assessment/vendor/laravel/framework/src/Illuminate/Routing/Middleware/ThrottleRequests.php(87): Illuminate/Routing/Middleware/ThrottleRequests->handleRequestUsingNamedLimiter(Object(Illuminate/Http/Request), Object(Closure), 'api', Object(Closure))
#18 D:/xampp/htdocs/Laravel-Assessment/laravel-assessment/vendor/laravel/framework/src/Illuminate/Pipeline/Pipeline.php(183): Illuminate/Routing/Middleware/ThrottleRequests->handle(Object(Illuminate/Http/Request), Object(Closure), 'api')
#19 D:/xampp/htdocs/Laravel-Assessment/laravel-assessment/vendor/laravel/framework/src/Illuminate/Auth/Middleware/Authenticate.php(57): Illuminate/Pipeline/Pipeline->Illuminate/Pipeline/{closure}(Object(Illuminate/Http/Request))
#20 D:/xampp/htdocs/Laravel-Assessment/laravel-assessment/vendor/laravel/framework/src/Illuminate/Pipeline/Pipeline.php(183): Illuminate/Auth/Middleware/Authenticate->handle(Object(Illuminate/Http/Request), Object(Closure), 'api')
#21 D:/xampp/htdocs/Laravel-Assessment/laravel-assessment/vendor/laravel/framework/src/Illuminate/Pipeline/Pipeline.php(119): Illuminate/Pipeline/Pipeline->Illuminate/Pipeline/{closure}(Object(Illuminate/Http/Request))
#22 D:/xampp/htdocs/Laravel-Assessment/laravel-assessment/vendor/laravel/framework/src/Illuminate/Routing/Router.php(807): Illuminate/Pipeline/Pipeline->then(Object(Closure))
#23 D:/xampp/htdocs/Laravel-Assessment/laravel-assessment/vendor/laravel/framework/src/Illuminate/Routing/Router.php(784): Illuminate/Routing/Router->runRouteWithinStack(Object(Illuminate/Routing/Route), Object(Illuminate/Http/Request))
#24 D:/xampp/htdocs/Laravel-Assessment/laravel-assessment/vendor/laravel/framework/src/Illuminate/Routing/Router.php(748): Illuminate/Routing/Router->runRoute(Object(Illuminate/Http/Request), Object(Illuminate/Routing/Route))
#25 D:/xampp/htdocs/Laravel-Assessment/laravel-assessment/vendor/laravel/framework/src/Illuminate/Routing/Router.php(737): Illuminate/Routing/Router->dispatchToRoute(Object(Illuminate/Http/Request))
#26 D:/xampp/htdocs/Laravel-Assessment/laravel-assessment/vendor/laravel/framework/src/Illuminate/Foundation/Http/Kernel.php(200): Illuminate/Routing/Router->dispatch(Object(Illuminate/Http/Request))
#27 D:/xampp/htdocs/Laravel-Assessment/laravel-assessment/vendor/laravel/framework/src/Illuminate/Pipeline/Pipeline.php(144): Illuminate/Foundation/Http/Kernel->Illuminate/Foundation/Http/{closure}(Object(Illuminate/Http/Request))
#28 D:/xampp/htdocs/Laravel-Assessment/laravel-assessment/vendor/laravel/framework/src/Illuminate/Foundation/Http/Middleware/TransformsRequest.php(21): Illuminate/Pipeline/Pipeline->Illuminate/Pipeline/{closure}(Object(Illuminate/Http/Request))
#29 D:/xampp/htdocs/Laravel-Assessment/laravel-assessment/vendor/laravel/framework/src/Illuminate/Foundation/Http/Middleware/ConvertEmptyStringsToNull.php(31): Illuminate/Foundation/Http/Middleware/TransformsRequest->handle(Object(Illuminate/Http/Request), Object(Closure))
#30 D:/xampp/htdocs/Laravel-Assessment/laravel-assessment/vendor/laravel/framework/src/Illuminate/Pipeline/Pipeline.php(183): Illuminate/Foundation/Http/Middleware/ConvertEmptyStringsToNull->handle(Object(Illuminate/Http/Request), Object(Closure))
#31 D:/xampp/htdocs/Laravel-Assessment/laravel-assessment/vendor/laravel/framework/src/Illuminate/Foundation/Http/Middleware/TransformsRequest.php(21): Illuminate/Pipeline/Pipeline->Illuminate/Pipeline/{closure}(Object(Illuminate/Http/Request))
#32 D:/xampp/htdocs/Laravel-Assessment/laravel-assessment/vendor/laravel/framework/src/Illuminate/Foundation/Http/Middleware/TrimStrings.php(40): Illuminate/Foundation/Http/Middleware/TransformsRequest->handle(Object(Illuminate/Http/Request), Object(Closure))
#33 D:/xampp/htdocs/Laravel-Assessment/laravel-assessment/vendor/laravel/framework/src/Illuminate/Pipeline/Pipeline.php(183): Illuminate/Foundation/Http/Middleware/TrimStrings->handle(Object(Illuminate/Http/Request), Object(Closure))
#34 D:/xampp/htdocs/Laravel-Assessment/laravel-assessment/vendor/laravel/framework/src/Illuminate/Foundation/Http/Middleware/ValidatePostSize.php(27): Illuminate/Pipeline/Pipeline->Illuminate/Pipeline/{closure}(Object(Illuminate/Http/Request))
#35 D:/xampp/htdocs/Laravel-Assessment/laravel-assessment/vendor/laravel/framework/src/Illuminate/Pipeline/Pipeline.php(183): Illuminate/Foundation/Http/Middleware/ValidatePostSize->handle(Object(Illuminate/Http/Request), Object(Closure))
#36 D:/xampp/htdocs/Laravel-Assessment/laravel-assessment/vendor/laravel/framework/src/Illuminate/Foundation/Http/Middleware/PreventRequestsDuringMaintenance.php(99): Illuminate/Pipeline/Pipeline->Illuminate/Pipeline/{closure}(Object(Illuminate/Http/Request))
#37 D:/xampp/htdocs/Laravel-Assessment/laravel-assessment/vendor/laravel/framework/src/Illuminate/Pipeline/Pipeline.php(183): Illuminate/Foundation/Http/Middleware/PreventRequestsDuringMaintenance->handle(Object(Illuminate/Http/Request), Object(Closure))
#38 D:/xampp/htdocs/Laravel-Assessment/laravel-assessment/vendor/laravel/framework/src/Illuminate/Http/Middleware/HandleCors.php(62): Illuminate/Pipeline/Pipeline->Illuminate/Pipeline/{closure}(Object(Illuminate/Http/Request))
#39 D:/xampp/htdocs/Laravel-Assessment/laravel-assessment/vendor/laravel/framework/src/Illuminate/Pipeline/Pipeline.php(183): Illuminate/Http/Middleware/HandleCors->handle(Object(Illuminate/Http/Request), Object(Closure))
#40 D:/xampp/htdocs/Laravel-Assessment/laravel-assessment/vendor/laravel/framework/src/Illuminate/Http/Middleware/TrustProxies.php(39): Illuminate/Pipeline/Pipeline->Illuminate/Pipeline/{closure}(Object(Illuminate/Http/Request))
#41 D:/xampp/htdocs/Laravel-Assessment/laravel-assessment/vendor/laravel/framework/src/Illuminate/Pipeline/Pipeline.php(183): Illuminate/Http/Middleware/TrustProxies->handle(Object(Illuminate/Http/Request), Object(Closure))
#42 D:/xampp/htdocs/Laravel-Assessment/laravel-assessment/vendor/laravel/framework/src/Illuminate/Pipeline/Pipeline.php(119): Illuminate/Pipeline/Pipeline->Illuminate/Pipeline/{closure}(Object(Illuminate/Http/Request))
#43 D:/xampp/htdocs/Laravel-Assessment/laravel-assessment/vendor/laravel/framework/src/Illuminate/Foundation/Http/Kernel.php(175): Illuminate/Pipeline/Pipeline->then(Object(Closure))
#44 D:/xampp/htdocs/Laravel-Assessment/laravel-assessment/vendor/laravel/framework/src/Illuminate/Foundation/Http/Kernel.php(144): Illuminate/Foundation/Http/Kernel->sendRequestThroughRouter(Object(Illuminate/Http/Request))
#45 D:/xampp/htdocs/Laravel-Assessment/laravel-assessment/public/index.php(52): Illuminate/Foundation/Http/Kernel->handle(Object(Illuminate/Http/Request))
#46 D:/xampp/htdocs/Laravel-Assessment/laravel-assessment/vendor/laravel/framework/src/Illuminate/Foundation/resources/server.php(16): require_once('D://xampp//htdocs...')
#47 {main}
"} 
[2026-07-14 06:16:07] local.ERROR: SQLSTATE[23000]: Integrity constraint violation: 1048 Column 'leave_name' cannot be null (Connection: mysql, SQL: update `leave_types` set `leave_name` = ?, `total_days` = 10, `description` = ? where `id` = 1) {"userId":1,"exception":"[object] (Illuminate\\Database\\QueryException(code: 23000): SQLSTATE[23000]: Integrity constraint violation: 1048 Column 'leave_name' cannot be null (Connection: mysql, SQL: update `leave_types` set `leave_name` = ?, `total_days` = 10, `description` = ? where `id` = 1) at D:/xampp/htdocs/Laravel-Assessment/laravel-assessment/vendor/laravel/framework/src/Illuminate/Database/Connection.php:829)
[stacktrace]
#0 D:/xampp/htdocs/Laravel-Assessment/laravel-assessment/vendor/laravel/framework/src/Illuminate/Database/Connection.php(783): Illuminate/Database/Connection->runQueryCallback('update `leave_t...', Array, Object(Closure))
#1 D:/xampp/htdocs/Laravel-Assessment/laravel-assessment/vendor/laravel/framework/src/Illuminate/Database/Connection.php(619): Illuminate/Database/Connection->run('update `leave_t...', Array, Object(Closure))
#2 D:/xampp/htdocs/Laravel-Assessment/laravel-assessment/vendor/laravel/framework/src/Illuminate/Database/Connection.php(552): Illuminate/Database/Connection->affectingStatement('update `leave_t...', Array)
#3 D:/xampp/htdocs/Laravel-Assessment/laravel-assessment/vendor/laravel/framework/src/Illuminate/Database/Query/Builder.php(3603): Illuminate/Database/Connection->update('update `leave_t...', Array)
#4 D:/xampp/htdocs/Laravel-Assessment/laravel-assessment/app/Http/Controllers/leaveController.php(77): Illuminate/Database/Query/Builder->update(Array)
#5 D:/xampp/htdocs/Laravel-Assessment/laravel-assessment/vendor/laravel/framework/src/Illuminate/Routing/Controller.php(54): App/Http/Controllers/leaveController->updateleave(Object(Illuminate/Http/Request), '1')
#6 D:/xampp/htdocs/Laravel-Assessment/laravel-assessment/vendor/laravel/framework/src/Illuminate/Routing/ControllerDispatcher.php(43): Illuminate/Routing/Controller->callAction('updateleave', Array)
#7 D:/xampp/htdocs/Laravel-Assessment/laravel-assessment/vendor/laravel/framework/src/Illuminate/Routing/Route.php(260): Illuminate/Routing/ControllerDispatcher->dispatch(Object(Illuminate/Routing/Route), Object(App/Http/Controllers/leaveController), 'updateleave')
#8 D:/xampp/htdocs/Laravel-Assessment/laravel-assessment/vendor/laravel/framework/src/Illuminate/Routing/Route.php(205): Illuminate/Routing/Route->runController()
#9 D:/xampp/htdocs/Laravel-Assessment/laravel-assessment/vendor/laravel/framework/src/Illuminate/Routing/Router.php(806): Illuminate/Routing/Route->run()
#10 D:/xampp/htdocs/Laravel-Assessment/laravel-assessment/vendor/laravel/framework/src/Illuminate/Pipeline/Pipeline.php(144): Illuminate/Routing/Router->Illuminate/Routing/{closure}(Object(Illuminate/Http/Request))
#11 D:/xampp/htdocs/Laravel-Assessment/laravel-assessment/vendor/laravel/framework/src/Illuminate/Routing/Middleware/SubstituteBindings.php(50): Illuminate/Pipeline/Pipeline->Illuminate/Pipeline/{closure}(Object(Illuminate/Http/Request))
#12 D:/xampp/htdocs/Laravel-Assessment/laravel-assessment/vendor/laravel/framework/src/Illuminate/Pipeline/Pipeline.php(183): Illuminate/Routing/Middleware/SubstituteBindings->handle(Object(Illuminate/Http/Request), Object(Closure))
#13 D:/xampp/htdocs/Laravel-Assessment/laravel-assessment/vendor/laravel/framework/src/Illuminate/Routing/Middleware/ThrottleRequests.php(159): Illuminate/Pipeline/Pipeline->Illuminate/Pipeline/{closure}(Object(Illuminate/Http/Request))
#14 D:/xampp/htdocs/Laravel-Assessment/laravel-assessment/vendor/laravel/framework/src/Illuminate/Routing/Middleware/ThrottleRequests.php(135): Illuminate/Routing/Middleware/ThrottleRequests->handleRequest(Object(Illuminate/Http/Request), Object(Closure), Array)
#15 D:/xampp/htdocs/Laravel-Assessment/laravel-assessment/vendor/laravel/framework/src/Illuminate/Routing/Middleware/ThrottleRequests.php(87): Illuminate/Routing/Middleware/ThrottleRequests->handleRequestUsingNamedLimiter(Object(Illuminate/Http/Request), Object(Closure), 'api', Object(Closure))
#16 D:/xampp/htdocs/Laravel-Assessment/laravel-assessment/vendor/laravel/framework/src/Illuminate/Pipeline/Pipeline.php(183): Illuminate/Routing/Middleware/ThrottleRequests->handle(Object(Illuminate/Http/Request), Object(Closure), 'api')
#17 D:/xampp/htdocs/Laravel-Assessment/laravel-assessment/vendor/laravel/framework/src/Illuminate/Auth/Middleware/Authenticate.php(57): Illuminate/Pipeline/Pipeline->Illuminate/Pipeline/{closure}(Object(Illuminate/Http/Request))
#18 D:/xampp/htdocs/Laravel-Assessment/laravel-assessment/vendor/laravel/framework/src/Illuminate/Pipeline/Pipeline.php(183): Illuminate/Auth/Middleware/Authenticate->handle(Object(Illuminate/Http/Request), Object(Closure), 'api')
#19 D:/xampp/htdocs/Laravel-Assessment/laravel-assessment/vendor/laravel/framework/src/Illuminate/Pipeline/Pipeline.php(119): Illuminate/Pipeline/Pipeline->Illuminate/Pipeline/{closure}(Object(Illuminate/Http/Request))
#20 D:/xampp/htdocs/Laravel-Assessment/laravel-assessment/vendor/laravel/framework/src/Illuminate/Routing/Router.php(807): Illuminate/Pipeline/Pipeline->then(Object(Closure))
#21 D:/xampp/htdocs/Laravel-Assessment/laravel-assessment/vendor/laravel/framework/src/Illuminate/Routing/Router.php(784): Illuminate/Routing/Router->runRouteWithinStack(Object(Illuminate/Routing/Route), Object(Illuminate/Http/Request))
#22 D:/xampp/htdocs/Laravel-Assessment/laravel-assessment/vendor/laravel/framework/src/Illuminate/Routing/Router.php(748): Illuminate/Routing/Router->runRoute(Object(Illuminate/Http/Request), Object(Illuminate/Routing/Route))
#23 D:/xampp/htdocs/Laravel-Assessment/laravel-assessment/vendor/laravel/framework/src/Illuminate/Routing/Router.php(737): Illuminate/Routing/Router->dispatchToRoute(Object(Illuminate/Http/Request))
#24 D:/xampp/htdocs/Laravel-Assessment/laravel-assessment/vendor/laravel/framework/src/Illuminate/Foundation/Http/Kernel.php(200): Illuminate/Routing/Router->dispatch(Object(Illuminate/Http/Request))
#25 D:/xampp/htdocs/Laravel-Assessment/laravel-assessment/vendor/laravel/framework/src/Illuminate/Pipeline/Pipeline.php(144): Illuminate/Foundation/Http/Kernel->Illuminate/Foundation/Http/{closure}(Object(Illuminate/Http/Request))
#26 D:/xampp/htdocs/Laravel-Assessment/laravel-assessment/vendor/laravel/framework/src/Illuminate/Foundation/Http/Middleware/TransformsRequest.php(21): Illuminate/Pipeline/Pipeline->Illuminate/Pipeline/{closure}(Object(Illuminate/Http/Request))
#27 D:/xampp/htdocs/Laravel-Assessment/laravel-assessment/vendor/laravel/framework/src/Illuminate/Foundation/Http/Middleware/ConvertEmptyStringsToNull.php(31): Illuminate/Foundation/Http/Middleware/TransformsRequest->handle(Object(Illuminate/Http/Request), Object(Closure))
#28 D:/xampp/htdocs/Laravel-Assessment/laravel-assessment/vendor/laravel/framework/src/Illuminate/Pipeline/Pipeline.php(183): Illuminate/Foundation/Http/Middleware/ConvertEmptyStringsToNull->handle(Object(Illuminate/Http/Request), Object(Closure))
#29 D:/xampp/htdocs/Laravel-Assessment/laravel-assessment/vendor/laravel/framework/src/Illuminate/Foundation/Http/Middleware/TransformsRequest.php(21): Illuminate/Pipeline/Pipeline->Illuminate/Pipeline/{closure}(Object(Illuminate/Http/Request))
#30 D:/xampp/htdocs/Laravel-Assessment/laravel-assessment/vendor/laravel/framework/src/Illuminate/Foundation/Http/Middleware/TrimStrings.php(40): Illuminate/Foundation/Http/Middleware/TransformsRequest->handle(Object(Illuminate/Http/Request), Object(Closure))
#31 D:/xampp/htdocs/Laravel-Assessment/laravel-assessment/vendor/laravel/framework/src/Illuminate/Pipeline/Pipeline.php(183): Illuminate/Foundation/Http/Middleware/TrimStrings->handle(Object(Illuminate/Http/Request), Object(Closure))
#32 D:/xampp/htdocs/Laravel-Assessment/laravel-assessment/vendor/laravel/framework/src/Illuminate/Foundation/Http/Middleware/ValidatePostSize.php(27): Illuminate/Pipeline/Pipeline->Illuminate/Pipeline/{closure}(Object(Illuminate/Http/Request))
#33 D:/xampp/htdocs/Laravel-Assessment/laravel-assessment/vendor/laravel/framework/src/Illuminate/Pipeline/Pipeline.php(183): Illuminate/Foundation/Http/Middleware/ValidatePostSize->handle(Object(Illuminate/Http/Request), Object(Closure))
#34 D:/xampp/htdocs/Laravel-Assessment/laravel-assessment/vendor/laravel/framework/src/Illuminate/Foundation/Http/Middleware/PreventRequestsDuringMaintenance.php(99): Illuminate/Pipeline/Pipeline->Illuminate/Pipeline/{closure}(Object(Illuminate/Http/Request))
#35 D:/xampp/htdocs/Laravel-Assessment/laravel-assessment/vendor/laravel/framework/src/Illuminate/Pipeline/Pipeline.php(183): Illuminate/Foundation/Http/Middleware/PreventRequestsDuringMaintenance->handle(Object(Illuminate/Http/Request), Object(Closure))
#36 D:/xampp/htdocs/Laravel-Assessment/laravel-assessment/vendor/laravel/framework/src/Illuminate/Http/Middleware/HandleCors.php(62): Illuminate/Pipeline/Pipeline->Illuminate/Pipeline/{closure}(Object(Illuminate/Http/Request))
#37 D:/xampp/htdocs/Laravel-Assessment/laravel-assessment/vendor/laravel/framework/src/Illuminate/Pipeline/Pipeline.php(183): Illuminate/Http/Middleware/HandleCors->handle(Object(Illuminate/Http/Request), Object(Closure))
#38 D:/xampp/htdocs/Laravel-Assessment/laravel-assessment/vendor/laravel/framework/src/Illuminate/Http/Middleware/TrustProxies.php(39): Illuminate/Pipeline/Pipeline->Illuminate/Pipeline/{closure}(Object(Illuminate/Http/Request))
#39 D:/xampp/htdocs/Laravel-Assessment/laravel-assessment/vendor/laravel/framework/src/Illuminate/Pipeline/Pipeline.php(183): Illuminate/Http/Middleware/TrustProxies->handle(Object(Illuminate/Http/Request), Object(Closure))
#40 D:/xampp/htdocs/Laravel-Assessment/laravel-assessment/vendor/laravel/framework/src/Illuminate/Pipeline/Pipeline.php(119): Illuminate/Pipeline/Pipeline->Illuminate/Pipeline/{closure}(Object(Illuminate/Http/Request))
#41 D:/xampp/htdocs/Laravel-Assessment/laravel-assessment/vendor/laravel/framework/src/Illuminate/Foundation/Http/Kernel.php(175): Illuminate/Pipeline/Pipeline->then(Object(Closure))
#42 D:/xampp/htdocs/Laravel-Assessment/laravel-assessment/vendor/laravel/framework/src/Illuminate/Foundation/Http/Kernel.php(144): Illuminate/Foundation/Http/Kernel->sendRequestThroughRouter(Object(Illuminate/Http/Request))
#43 D:/xampp/htdocs/Laravel-Assessment/laravel-assessment/public/index.php(52): Illuminate/Foundation/Http/Kernel->handle(Object(Illuminate/Http/Request))
#44 D:/xampp/htdocs/Laravel-Assessment/laravel-assessment/vendor/laravel/framework/src/Illuminate/Foundation/resources/server.php(16): require_once('D://xampp//htdocs...')
#45 {main}

[previous exception] [object] (PDOException(code: 23000): SQLSTATE[23000]: Integrity constraint violation: 1048 Column 'leave_name' cannot be null at D:/xampp/htdocs/Laravel-Assessment/laravel-assessment/vendor/laravel/framework/src/Illuminate/Database/Connection.php:612)
[stacktrace]
#0 D:/xampp/htdocs/Laravel-Assessment/laravel-assessment/vendor/laravel/framework/src/Illuminate/Database/Connection.php(612): PDOStatement->execute()
#1 D:/xampp/htdocs/Laravel-Assessment/laravel-assessment/vendor/laravel/framework/src/Illuminate/Database/Connection.php(816): Illuminate/Database/Connection->Illuminate/Database/{closure}('update `leave_t...', Array)
#2 D:/xampp/htdocs/Laravel-Assessment/laravel-assessment/vendor/laravel/framework/src/Illuminate/Database/Connection.php(783): Illuminate/Database/Connection->runQueryCallback('update `leave_t...', Array, Object(Closure))
#3 D:/xampp/htdocs/Laravel-Assessment/laravel-assessment/vendor/laravel/framework/src/Illuminate/Database/Connection.php(619): Illuminate/Database/Connection->run('update `leave_t...', Array, Object(Closure))
#4 D:/xampp/htdocs/Laravel-Assessment/laravel-assessment/vendor/laravel/framework/src/Illuminate/Database/Connection.php(552): Illuminate/Database/Connection->affectingStatement('update `leave_t...', Array)
#5 D:/xampp/htdocs/Laravel-Assessment/laravel-assessment/vendor/laravel/framework/src/Illuminate/Database/Query/Builder.php(3603): Illuminate/Database/Connection->update('update `leave_t...', Array)
#6 D:/xampp/htdocs/Laravel-Assessment/laravel-assessment/app/Http/Controllers/leaveController.php(77): Illuminate/Database/Query/Builder->update(Array)
#7 D:/xampp/htdocs/Laravel-Assessment/laravel-assessment/vendor/laravel/framework/src/Illuminate/Routing/Controller.php(54): App/Http/Controllers/leaveController->updateleave(Object(Illuminate/Http/Request), '1')
#8 D:/xampp/htdocs/Laravel-Assessment/laravel-assessment/vendor/laravel/framework/src/Illuminate/Routing/ControllerDispatcher.php(43): Illuminate/Routing/Controller->callAction('updateleave', Array)
#9 D:/xampp/htdocs/Laravel-Assessment/laravel-assessment/vendor/laravel/framework/src/Illuminate/Routing/Route.php(260): Illuminate/Routing/ControllerDispatcher->dispatch(Object(Illuminate/Routing/Route), Object(App/Http/Controllers/leaveController), 'updateleave')
#10 D:/xampp/htdocs/Laravel-Assessment/laravel-assessment/vendor/laravel/framework/src/Illuminate/Routing/Route.php(205): Illuminate/Routing/Route->runController()
#11 D:/xampp/htdocs/Laravel-Assessment/laravel-assessment/vendor/laravel/framework/src/Illuminate/Routing/Router.php(806): Illuminate/Routing/Route->run()
#12 D:/xampp/htdocs/Laravel-Assessment/laravel-assessment/vendor/laravel/framework/src/Illuminate/Pipeline/Pipeline.php(144): Illuminate/Routing/Router->Illuminate/Routing/{closure}(Object(Illuminate/Http/Request))
#13 D:/xampp/htdocs/Laravel-Assessment/laravel-assessment/vendor/laravel/framework/src/Illuminate/Routing/Middleware/SubstituteBindings.php(50): Illuminate/Pipeline/Pipeline->Illuminate/Pipeline/{closure}(Object(Illuminate/Http/Request))
#14 D:/xampp/htdocs/Laravel-Assessment/laravel-assessment/vendor/laravel/framework/src/Illuminate/Pipeline/Pipeline.php(183): Illuminate/Routing/Middleware/SubstituteBindings->handle(Object(Illuminate/Http/Request), Object(Closure))
#15 D:/xampp/htdocs/Laravel-Assessment/laravel-assessment/vendor/laravel/framework/src/Illuminate/Routing/Middleware/ThrottleRequests.php(159): Illuminate/Pipeline/Pipeline->Illuminate/Pipeline/{closure}(Object(Illuminate/Http/Request))
#16 D:/xampp/htdocs/Laravel-Assessment/laravel-assessment/vendor/laravel/framework/src/Illuminate/Routing/Middleware/ThrottleRequests.php(135): Illuminate/Routing/Middleware/ThrottleRequests->handleRequest(Object(Illuminate/Http/Request), Object(Closure), Array)
#17 D:/xampp/htdocs/Laravel-Assessment/laravel-assessment/vendor/laravel/framework/src/Illuminate/Routing/Middleware/ThrottleRequests.php(87): Illuminate/Routing/Middleware/ThrottleRequests->handleRequestUsingNamedLimiter(Object(Illuminate/Http/Request), Object(Closure), 'api', Object(Closure))
#18 D:/xampp/htdocs/Laravel-Assessment/laravel-assessment/vendor/laravel/framework/src/Illuminate/Pipeline/Pipeline.php(183): Illuminate/Routing/Middleware/ThrottleRequests->handle(Object(Illuminate/Http/Request), Object(Closure), 'api')
#19 D:/xampp/htdocs/Laravel-Assessment/laravel-assessment/vendor/laravel/framework/src/Illuminate/Auth/Middleware/Authenticate.php(57): Illuminate/Pipeline/Pipeline->Illuminate/Pipeline/{closure}(Object(Illuminate/Http/Request))
#20 D:/xampp/htdocs/Laravel-Assessment/laravel-assessment/vendor/laravel/framework/src/Illuminate/Pipeline/Pipeline.php(183): Illuminate/Auth/Middleware/Authenticate->handle(Object(Illuminate/Http/Request), Object(Closure), 'api')
#21 D:/xampp/htdocs/Laravel-Assessment/laravel-assessment/vendor/laravel/framework/src/Illuminate/Pipeline/Pipeline.php(119): Illuminate/Pipeline/Pipeline->Illuminate/Pipeline/{closure}(Object(Illuminate/Http/Request))
#22 D:/xampp/htdocs/Laravel-Assessment/laravel-assessment/vendor/laravel/framework/src/Illuminate/Routing/Router.php(807): Illuminate/Pipeline/Pipeline->then(Object(Closure))
#23 D:/xampp/htdocs/Laravel-Assessment/laravel-assessment/vendor/laravel/framework/src/Illuminate/Routing/Router.php(784): Illuminate/Routing/Router->runRouteWithinStack(Object(Illuminate/Routing/Route), Object(Illuminate/Http/Request))
#24 D:/xampp/htdocs/Laravel-Assessment/laravel-assessment/vendor/laravel/framework/src/Illuminate/Routing/Router.php(748): Illuminate/Routing/Router->runRoute(Object(Illuminate/Http/Request), Object(Illuminate/Routing/Route))
#25 D:/xampp/htdocs/Laravel-Assessment/laravel-assessment/vendor/laravel/framework/src/Illuminate/Routing/Router.php(737): Illuminate/Routing/Router->dispatchToRoute(Object(Illuminate/Http/Request))
#26 D:/xampp/htdocs/Laravel-Assessment/laravel-assessment/vendor/laravel/framework/src/Illuminate/Foundation/Http/Kernel.php(200): Illuminate/Routing/Router->dispatch(Object(Illuminate/Http/Request))
#27 D:/xampp/htdocs/Laravel-Assessment/laravel-assessment/vendor/laravel/framework/src/Illuminate/Pipeline/Pipeline.php(144): Illuminate/Foundation/Http/Kernel->Illuminate/Foundation/Http/{closure}(Object(Illuminate/Http/Request))
#28 D:/xampp/htdocs/Laravel-Assessment/laravel-assessment/vendor/laravel/framework/src/Illuminate/Foundation/Http/Middleware/TransformsRequest.php(21): Illuminate/Pipeline/Pipeline->Illuminate/Pipeline/{closure}(Object(Illuminate/Http/Request))
#29 D:/xampp/htdocs/Laravel-Assessment/laravel-assessment/vendor/laravel/framework/src/Illuminate/Foundation/Http/Middleware/ConvertEmptyStringsToNull.php(31): Illuminate/Foundation/Http/Middleware/TransformsRequest->handle(Object(Illuminate/Http/Request), Object(Closure))
#30 D:/xampp/htdocs/Laravel-Assessment/laravel-assessment/vendor/laravel/framework/src/Illuminate/Pipeline/Pipeline.php(183): Illuminate/Foundation/Http/Middleware/ConvertEmptyStringsToNull->handle(Object(Illuminate/Http/Request), Object(Closure))
#31 D:/xampp/htdocs/Laravel-Assessment/laravel-assessment/vendor/laravel/framework/src/Illuminate/Foundation/Http/Middleware/TransformsRequest.php(21): Illuminate/Pipeline/Pipeline->Illuminate/Pipeline/{closure}(Object(Illuminate/Http/Request))
#32 D:/xampp/htdocs/Laravel-Assessment/laravel-assessment/vendor/laravel/framework/src/Illuminate/Foundation/Http/Middleware/TrimStrings.php(40): Illuminate/Foundation/Http/Middleware/TransformsRequest->handle(Object(Illuminate/Http/Request), Object(Closure))
#33 D:/xampp/htdocs/Laravel-Assessment/laravel-assessment/vendor/laravel/framework/src/Illuminate/Pipeline/Pipeline.php(183): Illuminate/Foundation/Http/Middleware/TrimStrings->handle(Object(Illuminate/Http/Request), Object(Closure))
#34 D:/xampp/htdocs/Laravel-Assessment/laravel-assessment/vendor/laravel/framework/src/Illuminate/Foundation/Http/Middleware/ValidatePostSize.php(27): Illuminate/Pipeline/Pipeline->Illuminate/Pipeline/{closure}(Object(Illuminate/Http/Request))
#35 D:/xampp/htdocs/Laravel-Assessment/laravel-assessment/vendor/laravel/framework/src/Illuminate/Pipeline/Pipeline.php(183): Illuminate/Foundation/Http/Middleware/ValidatePostSize->handle(Object(Illuminate/Http/Request), Object(Closure))
#36 D:/xampp/htdocs/Laravel-Assessment/laravel-assessment/vendor/laravel/framework/src/Illuminate/Foundation/Http/Middleware/PreventRequestsDuringMaintenance.php(99): Illuminate/Pipeline/Pipeline->Illuminate/Pipeline/{closure}(Object(Illuminate/Http/Request))
#37 D:/xampp/htdocs/Laravel-Assessment/laravel-assessment/vendor/laravel/framework/src/Illuminate/Pipeline/Pipeline.php(183): Illuminate/Foundation/Http/Middleware/PreventRequestsDuringMaintenance->handle(Object(Illuminate/Http/Request), Object(Closure))
#38 D:/xampp/htdocs/Laravel-Assessment/laravel-assessment/vendor/laravel/framework/src/Illuminate/Http/Middleware/HandleCors.php(62): Illuminate/Pipeline/Pipeline->Illuminate/Pipeline/{closure}(Object(Illuminate/Http/Request))
#39 D:/xampp/htdocs/Laravel-Assessment/laravel-assessment/vendor/laravel/framework/src/Illuminate/Pipeline/Pipeline.php(183): Illuminate/Http/Middleware/HandleCors->handle(Object(Illuminate/Http/Request), Object(Closure))
#40 D:/xampp/htdocs/Laravel-Assessment/laravel-assessment/vendor/laravel/framework/src/Illuminate/Http/Middleware/TrustProxies.php(39): Illuminate/Pipeline/Pipeline->Illuminate/Pipeline/{closure}(Object(Illuminate/Http/Request))
#41 D:/xampp/htdocs/Laravel-Assessment/laravel-assessment/vendor/laravel/framework/src/Illuminate/Pipeline/Pipeline.php(183): Illuminate/Http/Middleware/TrustProxies->handle(Object(Illuminate/Http/Request), Object(Closure))
#42 D:/xampp/htdocs/Laravel-Assessment/laravel-assessment/vendor/laravel/framework/src/Illuminate/Pipeline/Pipeline.php(119): Illuminate/Pipeline/Pipeline->Illuminate/Pipeline/{closure}(Object(Illuminate/Http/Request))
#43 D:/xampp/htdocs/Laravel-Assessment/laravel-assessment/vendor/laravel/framework/src/Illuminate/Foundation/Http/Kernel.php(175): Illuminate/Pipeline/Pipeline->then(Object(Closure))
#44 D:/xampp/htdocs/Laravel-Assessment/laravel-assessment/vendor/laravel/framework/src/Illuminate/Foundation/Http/Kernel.php(144): Illuminate/Foundation/Http/Kernel->sendRequestThroughRouter(Object(Illuminate/Http/Request))
#45 D:/xampp/htdocs/Laravel-Assessment/laravel-assessment/public/index.php(52): Illuminate/Foundation/Http/Kernel->handle(Object(Illuminate/Http/Request))
#46 D:/xampp/htdocs/Laravel-Assessment/laravel-assessment/vendor/laravel/framework/src/Illuminate/Foundation/resources/server.php(16): require_once('D://xampp//htdocs...')
#47 {main}
"} 
[2026-07-14 06:17:52] local.ERROR: SQLSTATE[23000]: Integrity constraint violation: 1048 Column 'leave_name' cannot be null (Connection: mysql, SQL: update `leave_types` set `leave_name` = ?, `total_days` = 10, `description` = ? where `id` = 1) {"userId":1,"exception":"[object] (Illuminate\\Database\\QueryException(code: 23000): SQLSTATE[23000]: Integrity constraint violation: 1048 Column 'leave_name' cannot be null (Connection: mysql, SQL: update `leave_types` set `leave_name` = ?, `total_days` = 10, `description` = ? where `id` = 1) at D:/xampp/htdocs/Laravel-Assessment/laravel-assessment/vendor/laravel/framework/src/Illuminate/Database/Connection.php:829)
[stacktrace]
#0 D:/xampp/htdocs/Laravel-Assessment/laravel-assessment/vendor/laravel/framework/src/Illuminate/Database/Connection.php(783): Illuminate/Database/Connection->runQueryCallback('update `leave_t...', Array, Object(Closure))
#1 D:/xampp/htdocs/Laravel-Assessment/laravel-assessment/vendor/laravel/framework/src/Illuminate/Database/Connection.php(619): Illuminate/Database/Connection->run('update `leave_t...', Array, Object(Closure))
#2 D:/xampp/htdocs/Laravel-Assessment/laravel-assessment/vendor/laravel/framework/src/Illuminate/Database/Connection.php(552): Illuminate/Database/Connection->affectingStatement('update `leave_t...', Array)
#3 D:/xampp/htdocs/Laravel-Assessment/laravel-assessment/vendor/laravel/framework/src/Illuminate/Database/Query/Builder.php(3603): Illuminate/Database/Connection->update('update `leave_t...', Array)
#4 D:/xampp/htdocs/Laravel-Assessment/laravel-assessment/app/Http/Controllers/leaveController.php(77): Illuminate/Database/Query/Builder->update(Array)
#5 D:/xampp/htdocs/Laravel-Assessment/laravel-assessment/vendor/laravel/framework/src/Illuminate/Routing/Controller.php(54): App/Http/Controllers/leaveController->updateleave(Object(Illuminate/Http/Request), '1')
#6 D:/xampp/htdocs/Laravel-Assessment/laravel-assessment/vendor/laravel/framework/src/Illuminate/Routing/ControllerDispatcher.php(43): Illuminate/Routing/Controller->callAction('updateleave', Array)
#7 D:/xampp/htdocs/Laravel-Assessment/laravel-assessment/vendor/laravel/framework/src/Illuminate/Routing/Route.php(260): Illuminate/Routing/ControllerDispatcher->dispatch(Object(Illuminate/Routing/Route), Object(App/Http/Controllers/leaveController), 'updateleave')
#8 D:/xampp/htdocs/Laravel-Assessment/laravel-assessment/vendor/laravel/framework/src/Illuminate/Routing/Route.php(205): Illuminate/Routing/Route->runController()
#9 D:/xampp/htdocs/Laravel-Assessment/laravel-assessment/vendor/laravel/framework/src/Illuminate/Routing/Router.php(806): Illuminate/Routing/Route->run()
#10 D:/xampp/htdocs/Laravel-Assessment/laravel-assessment/vendor/laravel/framework/src/Illuminate/Pipeline/Pipeline.php(144): Illuminate/Routing/Router->Illuminate/Routing/{closure}(Object(Illuminate/Http/Request))
#11 D:/xampp/htdocs/Laravel-Assessment/laravel-assessment/vendor/laravel/framework/src/Illuminate/Routing/Middleware/SubstituteBindings.php(50): Illuminate/Pipeline/Pipeline->Illuminate/Pipeline/{closure}(Object(Illuminate/Http/Request))
#12 D:/xampp/htdocs/Laravel-Assessment/laravel-assessment/vendor/laravel/framework/src/Illuminate/Pipeline/Pipeline.php(183): Illuminate/Routing/Middleware/SubstituteBindings->handle(Object(Illuminate/Http/Request), Object(Closure))
#13 D:/xampp/htdocs/Laravel-Assessment/laravel-assessment/vendor/laravel/framework/src/Illuminate/Routing/Middleware/ThrottleRequests.php(159): Illuminate/Pipeline/Pipeline->Illuminate/Pipeline/{closure}(Object(Illuminate/Http/Request))
#14 D:/xampp/htdocs/Laravel-Assessment/laravel-assessment/vendor/laravel/framework/src/Illuminate/Routing/Middleware/ThrottleRequests.php(135): Illuminate/Routing/Middleware/ThrottleRequests->handleRequest(Object(Illuminate/Http/Request), Object(Closure), Array)
#15 D:/xampp/htdocs/Laravel-Assessment/laravel-assessment/vendor/laravel/framework/src/Illuminate/Routing/Middleware/ThrottleRequests.php(87): Illuminate/Routing/Middleware/ThrottleRequests->handleRequestUsingNamedLimiter(Object(Illuminate/Http/Request), Object(Closure), 'api', Object(Closure))
#16 D:/xampp/htdocs/Laravel-Assessment/laravel-assessment/vendor/laravel/framework/src/Illuminate/Pipeline/Pipeline.php(183): Illuminate/Routing/Middleware/ThrottleRequests->handle(Object(Illuminate/Http/Request), Object(Closure), 'api')
#17 D:/xampp/htdocs/Laravel-Assessment/laravel-assessment/vendor/laravel/framework/src/Illuminate/Auth/Middleware/Authenticate.php(57): Illuminate/Pipeline/Pipeline->Illuminate/Pipeline/{closure}(Object(Illuminate/Http/Request))
#18 D:/xampp/htdocs/Laravel-Assessment/laravel-assessment/vendor/laravel/framework/src/Illuminate/Pipeline/Pipeline.php(183): Illuminate/Auth/Middleware/Authenticate->handle(Object(Illuminate/Http/Request), Object(Closure), 'api')
#19 D:/xampp/htdocs/Laravel-Assessment/laravel-assessment/vendor/laravel/framework/src/Illuminate/Pipeline/Pipeline.php(119): Illuminate/Pipeline/Pipeline->Illuminate/Pipeline/{closure}(Object(Illuminate/Http/Request))
#20 D:/xampp/htdocs/Laravel-Assessment/laravel-assessment/vendor/laravel/framework/src/Illuminate/Routing/Router.php(807): Illuminate/Pipeline/Pipeline->then(Object(Closure))
#21 D:/xampp/htdocs/Laravel-Assessment/laravel-assessment/vendor/laravel/framework/src/Illuminate/Routing/Router.php(784): Illuminate/Routing/Router->runRouteWithinStack(Object(Illuminate/Routing/Route), Object(Illuminate/Http/Request))
#22 D:/xampp/htdocs/Laravel-Assessment/laravel-assessment/vendor/laravel/framework/src/Illuminate/Routing/Router.php(748): Illuminate/Routing/Router->runRoute(Object(Illuminate/Http/Request), Object(Illuminate/Routing/Route))
#23 D:/xampp/htdocs/Laravel-Assessment/laravel-assessment/vendor/laravel/framework/src/Illuminate/Routing/Router.php(737): Illuminate/Routing/Router->dispatchToRoute(Object(Illuminate/Http/Request))
#24 D:/xampp/htdocs/Laravel-Assessment/laravel-assessment/vendor/laravel/framework/src/Illuminate/Foundation/Http/Kernel.php(200): Illuminate/Routing/Router->dispatch(Object(Illuminate/Http/Request))
#25 D:/xampp/htdocs/Laravel-Assessment/laravel-assessment/vendor/laravel/framework/src/Illuminate/Pipeline/Pipeline.php(144): Illuminate/Foundation/Http/Kernel->Illuminate/Foundation/Http/{closure}(Object(Illuminate/Http/Request))
#26 D:/xampp/htdocs/Laravel-Assessment/laravel-assessment/vendor/laravel/framework/src/Illuminate/Foundation/Http/Middleware/TransformsRequest.php(21): Illuminate/Pipeline/Pipeline->Illuminate/Pipeline/{closure}(Object(Illuminate/Http/Request))
#27 D:/xampp/htdocs/Laravel-Assessment/laravel-assessment/vendor/laravel/framework/src/Illuminate/Foundation/Http/Middleware/ConvertEmptyStringsToNull.php(31): Illuminate/Foundation/Http/Middleware/TransformsRequest->handle(Object(Illuminate/Http/Request), Object(Closure))
#28 D:/xampp/htdocs/Laravel-Assessment/laravel-assessment/vendor/laravel/framework/src/Illuminate/Pipeline/Pipeline.php(183): Illuminate/Foundation/Http/Middleware/ConvertEmptyStringsToNull->handle(Object(Illuminate/Http/Request), Object(Closure))
#29 D:/xampp/htdocs/Laravel-Assessment/laravel-assessment/vendor/laravel/framework/src/Illuminate/Foundation/Http/Middleware/TransformsRequest.php(21): Illuminate/Pipeline/Pipeline->Illuminate/Pipeline/{closure}(Object(Illuminate/Http/Request))
#30 D:/xampp/htdocs/Laravel-Assessment/laravel-assessment/vendor/laravel/framework/src/Illuminate/Foundation/Http/Middleware/TrimStrings.php(40): Illuminate/Foundation/Http/Middleware/TransformsRequest->handle(Object(Illuminate/Http/Request), Object(Closure))
#31 D:/xampp/htdocs/Laravel-Assessment/laravel-assessment/vendor/laravel/framework/src/Illuminate/Pipeline/Pipeline.php(183): Illuminate/Foundation/Http/Middleware/TrimStrings->handle(Object(Illuminate/Http/Request), Object(Closure))
#32 D:/xampp/htdocs/Laravel-Assessment/laravel-assessment/vendor/laravel/framework/src/Illuminate/Foundation/Http/Middleware/ValidatePostSize.php(27): Illuminate/Pipeline/Pipeline->Illuminate/Pipeline/{closure}(Object(Illuminate/Http/Request))
#33 D:/xampp/htdocs/Laravel-Assessment/laravel-assessment/vendor/laravel/framework/src/Illuminate/Pipeline/Pipeline.php(183): Illuminate/Foundation/Http/Middleware/ValidatePostSize->handle(Object(Illuminate/Http/Request), Object(Closure))
#34 D:/xampp/htdocs/Laravel-Assessment/laravel-assessment/vendor/laravel/framework/src/Illuminate/Foundation/Http/Middleware/PreventRequestsDuringMaintenance.php(99): Illuminate/Pipeline/Pipeline->Illuminate/Pipeline/{closure}(Object(Illuminate/Http/Request))
#35 D:/xampp/htdocs/Laravel-Assessment/laravel-assessment/vendor/laravel/framework/src/Illuminate/Pipeline/Pipeline.php(183): Illuminate/Foundation/Http/Middleware/PreventRequestsDuringMaintenance->handle(Object(Illuminate/Http/Request), Object(Closure))
#36 D:/xampp/htdocs/Laravel-Assessment/laravel-assessment/vendor/laravel/framework/src/Illuminate/Http/Middleware/HandleCors.php(62): Illuminate/Pipeline/Pipeline->Illuminate/Pipeline/{closure}(Object(Illuminate/Http/Request))
#37 D:/xampp/htdocs/Laravel-Assessment/laravel-assessment/vendor/laravel/framework/src/Illuminate/Pipeline/Pipeline.php(183): Illuminate/Http/Middleware/HandleCors->handle(Object(Illuminate/Http/Request), Object(Closure))
#38 D:/xampp/htdocs/Laravel-Assessment/laravel-assessment/vendor/laravel/framework/src/Illuminate/Http/Middleware/TrustProxies.php(39): Illuminate/Pipeline/Pipeline->Illuminate/Pipeline/{closure}(Object(Illuminate/Http/Request))
#39 D:/xampp/htdocs/Laravel-Assessment/laravel-assessment/vendor/laravel/framework/src/Illuminate/Pipeline/Pipeline.php(183): Illuminate/Http/Middleware/TrustProxies->handle(Object(Illuminate/Http/Request), Object(Closure))
#40 D:/xampp/htdocs/Laravel-Assessment/laravel-assessment/vendor/laravel/framework/src/Illuminate/Pipeline/Pipeline.php(119): Illuminate/Pipeline/Pipeline->Illuminate/Pipeline/{closure}(Object(Illuminate/Http/Request))
#41 D:/xampp/htdocs/Laravel-Assessment/laravel-assessment/vendor/laravel/framework/src/Illuminate/Foundation/Http/Kernel.php(175): Illuminate/Pipeline/Pipeline->then(Object(Closure))
#42 D:/xampp/htdocs/Laravel-Assessment/laravel-assessment/vendor/laravel/framework/src/Illuminate/Foundation/Http/Kernel.php(144): Illuminate/Foundation/Http/Kernel->sendRequestThroughRouter(Object(Illuminate/Http/Request))
#43 D:/xampp/htdocs/Laravel-Assessment/laravel-assessment/public/index.php(52): Illuminate/Foundation/Http/Kernel->handle(Object(Illuminate/Http/Request))
#44 D:/xampp/htdocs/Laravel-Assessment/laravel-assessment/vendor/laravel/framework/src/Illuminate/Foundation/resources/server.php(16): require_once('D://xampp//htdocs...')
#45 {main}

[previous exception] [object] (PDOException(code: 23000): SQLSTATE[23000]: Integrity constraint violation: 1048 Column 'leave_name' cannot be null at D:/xampp/htdocs/Laravel-Assessment/laravel-assessment/vendor/laravel/framework/src/Illuminate/Database/Connection.php:612)
[stacktrace]
#0 D:/xampp/htdocs/Laravel-Assessment/laravel-assessment/vendor/laravel/framework/src/Illuminate/Database/Connection.php(612): PDOStatement->execute()
#1 D:/xampp/htdocs/Laravel-Assessment/laravel-assessment/vendor/laravel/framework/src/Illuminate/Database/Connection.php(816): Illuminate/Database/Connection->Illuminate/Database/{closure}('update `leave_t...', Array)
#2 D:/xampp/htdocs/Laravel-Assessment/laravel-assessment/vendor/laravel/framework/src/Illuminate/Database/Connection.php(783): Illuminate/Database/Connection->runQueryCallback('update `leave_t...', Array, Object(Closure))
#3 D:/xampp/htdocs/Laravel-Assessment/laravel-assessment/vendor/laravel/framework/src/Illuminate/Database/Connection.php(619): Illuminate/Database/Connection->run('update `leave_t...', Array, Object(Closure))
#4 D:/xampp/htdocs/Laravel-Assessment/laravel-assessment/vendor/laravel/framework/src/Illuminate/Database/Connection.php(552): Illuminate/Database/Connection->affectingStatement('update `leave_t...', Array)
#5 D:/xampp/htdocs/Laravel-Assessment/laravel-assessment/vendor/laravel/framework/src/Illuminate/Database/Query/Builder.php(3603): Illuminate/Database/Connection->update('update `leave_t...', Array)
#6 D:/xampp/htdocs/Laravel-Assessment/laravel-assessment/app/Http/Controllers/leaveController.php(77): Illuminate/Database/Query/Builder->update(Array)
#7 D:/xampp/htdocs/Laravel-Assessment/laravel-assessment/vendor/laravel/framework/src/Illuminate/Routing/Controller.php(54): App/Http/Controllers/leaveController->updateleave(Object(Illuminate/Http/Request), '1')
#8 D:/xampp/htdocs/Laravel-Assessment/laravel-assessment/vendor/laravel/framework/src/Illuminate/Routing/ControllerDispatcher.php(43): Illuminate/Routing/Controller->callAction('updateleave', Array)
#9 D:/xampp/htdocs/Laravel-Assessment/laravel-assessment/vendor/laravel/framework/src/Illuminate/Routing/Route.php(260): Illuminate/Routing/ControllerDispatcher->dispatch(Object(Illuminate/Routing/Route), Object(App/Http/Controllers/leaveController), 'updateleave')
#10 D:/xampp/htdocs/Laravel-Assessment/laravel-assessment/vendor/laravel/framework/src/Illuminate/Routing/Route.php(205): Illuminate/Routing/Route->runController()
#11 D:/xampp/htdocs/Laravel-Assessment/laravel-assessment/vendor/laravel/framework/src/Illuminate/Routing/Router.php(806): Illuminate/Routing/Route->run()
#12 D:/xampp/htdocs/Laravel-Assessment/laravel-assessment/vendor/laravel/framework/src/Illuminate/Pipeline/Pipeline.php(144): Illuminate/Routing/Router->Illuminate/Routing/{closure}(Object(Illuminate/Http/Request))
#13 D:/xampp/htdocs/Laravel-Assessment/laravel-assessment/vendor/laravel/framework/src/Illuminate/Routing/Middleware/SubstituteBindings.php(50): Illuminate/Pipeline/Pipeline->Illuminate/Pipeline/{closure}(Object(Illuminate/Http/Request))
#14 D:/xampp/htdocs/Laravel-Assessment/laravel-assessment/vendor/laravel/framework/src/Illuminate/Pipeline/Pipeline.php(183): Illuminate/Routing/Middleware/SubstituteBindings->handle(Object(Illuminate/Http/Request), Object(Closure))
#15 D:/xampp/htdocs/Laravel-Assessment/laravel-assessment/vendor/laravel/framework/src/Illuminate/Routing/Middleware/ThrottleRequests.php(159): Illuminate/Pipeline/Pipeline->Illuminate/Pipeline/{closure}(Object(Illuminate/Http/Request))
#16 D:/xampp/htdocs/Laravel-Assessment/laravel-assessment/vendor/laravel/framework/src/Illuminate/Routing/Middleware/ThrottleRequests.php(135): Illuminate/Routing/Middleware/ThrottleRequests->handleRequest(Object(Illuminate/Http/Request), Object(Closure), Array)
#17 D:/xampp/htdocs/Laravel-Assessment/laravel-assessment/vendor/laravel/framework/src/Illuminate/Routing/Middleware/ThrottleRequests.php(87): Illuminate/Routing/Middleware/ThrottleRequests->handleRequestUsingNamedLimiter(Object(Illuminate/Http/Request), Object(Closure), 'api', Object(Closure))
#18 D:/xampp/htdocs/Laravel-Assessment/laravel-assessment/vendor/laravel/framework/src/Illuminate/Pipeline/Pipeline.php(183): Illuminate/Routing/Middleware/ThrottleRequests->handle(Object(Illuminate/Http/Request), Object(Closure), 'api')
#19 D:/xampp/htdocs/Laravel-Assessment/laravel-assessment/vendor/laravel/framework/src/Illuminate/Auth/Middleware/Authenticate.php(57): Illuminate/Pipeline/Pipeline->Illuminate/Pipeline/{closure}(Object(Illuminate/Http/Request))
#20 D:/xampp/htdocs/Laravel-Assessment/laravel-assessment/vendor/laravel/framework/src/Illuminate/Pipeline/Pipeline.php(183): Illuminate/Auth/Middleware/Authenticate->handle(Object(Illuminate/Http/Request), Object(Closure), 'api')
#21 D:/xampp/htdocs/Laravel-Assessment/laravel-assessment/vendor/laravel/framework/src/Illuminate/Pipeline/Pipeline.php(119): Illuminate/Pipeline/Pipeline->Illuminate/Pipeline/{closure}(Object(Illuminate/Http/Request))
#22 D:/xampp/htdocs/Laravel-Assessment/laravel-assessment/vendor/laravel/framework/src/Illuminate/Routing/Router.php(807): Illuminate/Pipeline/Pipeline->then(Object(Closure))
#23 D:/xampp/htdocs/Laravel-Assessment/laravel-assessment/vendor/laravel/framework/src/Illuminate/Routing/Router.php(784): Illuminate/Routing/Router->runRouteWithinStack(Object(Illuminate/Routing/Route), Object(Illuminate/Http/Request))
#24 D:/xampp/htdocs/Laravel-Assessment/laravel-assessment/vendor/laravel/framework/src/Illuminate/Routing/Router.php(748): Illuminate/Routing/Router->runRoute(Object(Illuminate/Http/Request), Object(Illuminate/Routing/Route))
#25 D:/xampp/htdocs/Laravel-Assessment/laravel-assessment/vendor/laravel/framework/src/Illuminate/Routing/Router.php(737): Illuminate/Routing/Router->dispatchToRoute(Object(Illuminate/Http/Request))
#26 D:/xampp/htdocs/Laravel-Assessment/laravel-assessment/vendor/laravel/framework/src/Illuminate/Foundation/Http/Kernel.php(200): Illuminate/Routing/Router->dispatch(Object(Illuminate/Http/Request))
#27 D:/xampp/htdocs/Laravel-Assessment/laravel-assessment/vendor/laravel/framework/src/Illuminate/Pipeline/Pipeline.php(144): Illuminate/Foundation/Http/Kernel->Illuminate/Foundation/Http/{closure}(Object(Illuminate/Http/Request))
#28 D:/xampp/htdocs/Laravel-Assessment/laravel-assessment/vendor/laravel/framework/src/Illuminate/Foundation/Http/Middleware/TransformsRequest.php(21): Illuminate/Pipeline/Pipeline->Illuminate/Pipeline/{closure}(Object(Illuminate/Http/Request))
#29 D:/xampp/htdocs/Laravel-Assessment/laravel-assessment/vendor/laravel/framework/src/Illuminate/Foundation/Http/Middleware/ConvertEmptyStringsToNull.php(31): Illuminate/Foundation/Http/Middleware/TransformsRequest->handle(Object(Illuminate/Http/Request), Object(Closure))
#30 D:/xampp/htdocs/Laravel-Assessment/laravel-assessment/vendor/laravel/framework/src/Illuminate/Pipeline/Pipeline.php(183): Illuminate/Foundation/Http/Middleware/ConvertEmptyStringsToNull->handle(Object(Illuminate/Http/Request), Object(Closure))
#31 D:/xampp/htdocs/Laravel-Assessment/laravel-assessment/vendor/laravel/framework/src/Illuminate/Foundation/Http/Middleware/TransformsRequest.php(21): Illuminate/Pipeline/Pipeline->Illuminate/Pipeline/{closure}(Object(Illuminate/Http/Request))
#32 D:/xampp/htdocs/Laravel-Assessment/laravel-assessment/vendor/laravel/framework/src/Illuminate/Foundation/Http/Middleware/TrimStrings.php(40): Illuminate/Foundation/Http/Middleware/TransformsRequest->handle(Object(Illuminate/Http/Request), Object(Closure))
#33 D:/xampp/htdocs/Laravel-Assessment/laravel-assessment/vendor/laravel/framework/src/Illuminate/Pipeline/Pipeline.php(183): Illuminate/Foundation/Http/Middleware/TrimStrings->handle(Object(Illuminate/Http/Request), Object(Closure))
#34 D:/xampp/htdocs/Laravel-Assessment/laravel-assessment/vendor/laravel/framework/src/Illuminate/Foundation/Http/Middleware/ValidatePostSize.php(27): Illuminate/Pipeline/Pipeline->Illuminate/Pipeline/{closure}(Object(Illuminate/Http/Request))
#35 D:/xampp/htdocs/Laravel-Assessment/laravel-assessment/vendor/laravel/framework/src/Illuminate/Pipeline/Pipeline.php(183): Illuminate/Foundation/Http/Middleware/ValidatePostSize->handle(Object(Illuminate/Http/Request), Object(Closure))
#36 D:/xampp/htdocs/Laravel-Assessment/laravel-assessment/vendor/laravel/framework/src/Illuminate/Foundation/Http/Middleware/PreventRequestsDuringMaintenance.php(99): Illuminate/Pipeline/Pipeline->Illuminate/Pipeline/{closure}(Object(Illuminate/Http/Request))
#37 D:/xampp/htdocs/Laravel-Assessment/laravel-assessment/vendor/laravel/framework/src/Illuminate/Pipeline/Pipeline.php(183): Illuminate/Foundation/Http/Middleware/PreventRequestsDuringMaintenance->handle(Object(Illuminate/Http/Request), Object(Closure))
#38 D:/xampp/htdocs/Laravel-Assessment/laravel-assessment/vendor/laravel/framework/src/Illuminate/Http/Middleware/HandleCors.php(62): Illuminate/Pipeline/Pipeline->Illuminate/Pipeline/{closure}(Object(Illuminate/Http/Request))
#39 D:/xampp/htdocs/Laravel-Assessment/laravel-assessment/vendor/laravel/framework/src/Illuminate/Pipeline/Pipeline.php(183): Illuminate/Http/Middleware/HandleCors->handle(Object(Illuminate/Http/Request), Object(Closure))
#40 D:/xampp/htdocs/Laravel-Assessment/laravel-assessment/vendor/laravel/framework/src/Illuminate/Http/Middleware/TrustProxies.php(39): Illuminate/Pipeline/Pipeline->Illuminate/Pipeline/{closure}(Object(Illuminate/Http/Request))
#41 D:/xampp/htdocs/Laravel-Assessment/laravel-assessment/vendor/laravel/framework/src/Illuminate/Pipeline/Pipeline.php(183): Illuminate/Http/Middleware/TrustProxies->handle(Object(Illuminate/Http/Request), Object(Closure))
#42 D:/xampp/htdocs/Laravel-Assessment/laravel-assessment/vendor/laravel/framework/src/Illuminate/Pipeline/Pipeline.php(119): Illuminate/Pipeline/Pipeline->Illuminate/Pipeline/{closure}(Object(Illuminate/Http/Request))
#43 D:/xampp/htdocs/Laravel-Assessment/laravel-assessment/vendor/laravel/framework/src/Illuminate/Foundation/Http/Kernel.php(175): Illuminate/Pipeline/Pipeline->then(Object(Closure))
#44 D:/xampp/htdocs/Laravel-Assessment/laravel-assessment/vendor/laravel/framework/src/Illuminate/Foundation/Http/Kernel.php(144): Illuminate/Foundation/Http/Kernel->sendRequestThroughRouter(Object(Illuminate/Http/Request))
#45 D:/xampp/htdocs/Laravel-Assessment/laravel-assessment/public/index.php(52): Illuminate/Foundation/Http/Kernel->handle(Object(Illuminate/Http/Request))
#46 D:/xampp/htdocs/Laravel-Assessment/laravel-assessment/vendor/laravel/framework/src/Illuminate/Foundation/resources/server.php(16): require_once('D://xampp//htdocs...')
#47 {main}
"} 
[2026-07-14 06:19:40] local.ERROR: SQLSTATE[23000]: Integrity constraint violation: 1048 Column 'leave_name' cannot be null (Connection: mysql, SQL: update `leave_types` set `leave_name` = ?, `total_days` = 11, `description` = ?, `status` = ? where `id` = 1) {"userId":1,"exception":"[object] (Illuminate\\Database\\QueryException(code: 23000): SQLSTATE[23000]: Integrity constraint violation: 1048 Column 'leave_name' cannot be null (Connection: mysql, SQL: update `leave_types` set `leave_name` = ?, `total_days` = 11, `description` = ?, `status` = ? where `id` = 1) at D:/xampp/htdocs/Laravel-Assessment/laravel-assessment/vendor/laravel/framework/src/Illuminate/Database/Connection.php:829)
[stacktrace]
#0 D:/xampp/htdocs/Laravel-Assessment/laravel-assessment/vendor/laravel/framework/src/Illuminate/Database/Connection.php(783): Illuminate/Database/Connection->runQueryCallback('update `leave_t...', Array, Object(Closure))
#1 D:/xampp/htdocs/Laravel-Assessment/laravel-assessment/vendor/laravel/framework/src/Illuminate/Database/Connection.php(619): Illuminate/Database/Connection->run('update `leave_t...', Array, Object(Closure))
#2 D:/xampp/htdocs/Laravel-Assessment/laravel-assessment/vendor/laravel/framework/src/Illuminate/Database/Connection.php(552): Illuminate/Database/Connection->affectingStatement('update `leave_t...', Array)
#3 D:/xampp/htdocs/Laravel-Assessment/laravel-assessment/vendor/laravel/framework/src/Illuminate/Database/Query/Builder.php(3603): Illuminate/Database/Connection->update('update `leave_t...', Array)
#4 D:/xampp/htdocs/Laravel-Assessment/laravel-assessment/app/Http/Controllers/leaveController.php(72): Illuminate/Database/Query/Builder->update(Array)
#5 D:/xampp/htdocs/Laravel-Assessment/laravel-assessment/vendor/laravel/framework/src/Illuminate/Routing/Controller.php(54): App/Http/Controllers/leaveController->updateleave(Object(Illuminate/Http/Request), '1')
#6 D:/xampp/htdocs/Laravel-Assessment/laravel-assessment/vendor/laravel/framework/src/Illuminate/Routing/ControllerDispatcher.php(43): Illuminate/Routing/Controller->callAction('updateleave', Array)
#7 D:/xampp/htdocs/Laravel-Assessment/laravel-assessment/vendor/laravel/framework/src/Illuminate/Routing/Route.php(260): Illuminate/Routing/ControllerDispatcher->dispatch(Object(Illuminate/Routing/Route), Object(App/Http/Controllers/leaveController), 'updateleave')
#8 D:/xampp/htdocs/Laravel-Assessment/laravel-assessment/vendor/laravel/framework/src/Illuminate/Routing/Route.php(205): Illuminate/Routing/Route->runController()
#9 D:/xampp/htdocs/Laravel-Assessment/laravel-assessment/vendor/laravel/framework/src/Illuminate/Routing/Router.php(806): Illuminate/Routing/Route->run()
#10 D:/xampp/htdocs/Laravel-Assessment/laravel-assessment/vendor/laravel/framework/src/Illuminate/Pipeline/Pipeline.php(144): Illuminate/Routing/Router->Illuminate/Routing/{closure}(Object(Illuminate/Http/Request))
#11 D:/xampp/htdocs/Laravel-Assessment/laravel-assessment/vendor/laravel/framework/src/Illuminate/Routing/Middleware/SubstituteBindings.php(50): Illuminate/Pipeline/Pipeline->Illuminate/Pipeline/{closure}(Object(Illuminate/Http/Request))
#12 D:/xampp/htdocs/Laravel-Assessment/laravel-assessment/vendor/laravel/framework/src/Illuminate/Pipeline/Pipeline.php(183): Illuminate/Routing/Middleware/SubstituteBindings->handle(Object(Illuminate/Http/Request), Object(Closure))
#13 D:/xampp/htdocs/Laravel-Assessment/laravel-assessment/vendor/laravel/framework/src/Illuminate/Routing/Middleware/ThrottleRequests.php(159): Illuminate/Pipeline/Pipeline->Illuminate/Pipeline/{closure}(Object(Illuminate/Http/Request))
#14 D:/xampp/htdocs/Laravel-Assessment/laravel-assessment/vendor/laravel/framework/src/Illuminate/Routing/Middleware/ThrottleRequests.php(135): Illuminate/Routing/Middleware/ThrottleRequests->handleRequest(Object(Illuminate/Http/Request), Object(Closure), Array)
#15 D:/xampp/htdocs/Laravel-Assessment/laravel-assessment/vendor/laravel/framework/src/Illuminate/Routing/Middleware/ThrottleRequests.php(87): Illuminate/Routing/Middleware/ThrottleRequests->handleRequestUsingNamedLimiter(Object(Illuminate/Http/Request), Object(Closure), 'api', Object(Closure))
#16 D:/xampp/htdocs/Laravel-Assessment/laravel-assessment/vendor/laravel/framework/src/Illuminate/Pipeline/Pipeline.php(183): Illuminate/Routing/Middleware/ThrottleRequests->handle(Object(Illuminate/Http/Request), Object(Closure), 'api')
#17 D:/xampp/htdocs/Laravel-Assessment/laravel-assessment/vendor/laravel/framework/src/Illuminate/Auth/Middleware/Authenticate.php(57): Illuminate/Pipeline/Pipeline->Illuminate/Pipeline/{closure}(Object(Illuminate/Http/Request))
#18 D:/xampp/htdocs/Laravel-Assessment/laravel-assessment/vendor/laravel/framework/src/Illuminate/Pipeline/Pipeline.php(183): Illuminate/Auth/Middleware/Authenticate->handle(Object(Illuminate/Http/Request), Object(Closure), 'api')
#19 D:/xampp/htdocs/Laravel-Assessment/laravel-assessment/vendor/laravel/framework/src/Illuminate/Pipeline/Pipeline.php(119): Illuminate/Pipeline/Pipeline->Illuminate/Pipeline/{closure}(Object(Illuminate/Http/Request))
#20 D:/xampp/htdocs/Laravel-Assessment/laravel-assessment/vendor/laravel/framework/src/Illuminate/Routing/Router.php(807): Illuminate/Pipeline/Pipeline->then(Object(Closure))
#21 D:/xampp/htdocs/Laravel-Assessment/laravel-assessment/vendor/laravel/framework/src/Illuminate/Routing/Router.php(784): Illuminate/Routing/Router->runRouteWithinStack(Object(Illuminate/Routing/Route), Object(Illuminate/Http/Request))
#22 D:/xampp/htdocs/Laravel-Assessment/laravel-assessment/vendor/laravel/framework/src/Illuminate/Routing/Router.php(748): Illuminate/Routing/Router->runRoute(Object(Illuminate/Http/Request), Object(Illuminate/Routing/Route))
#23 D:/xampp/htdocs/Laravel-Assessment/laravel-assessment/vendor/laravel/framework/src/Illuminate/Routing/Router.php(737): Illuminate/Routing/Router->dispatchToRoute(Object(Illuminate/Http/Request))
#24 D:/xampp/htdocs/Laravel-Assessment/laravel-assessment/vendor/laravel/framework/src/Illuminate/Foundation/Http/Kernel.php(200): Illuminate/Routing/Router->dispatch(Object(Illuminate/Http/Request))
#25 D:/xampp/htdocs/Laravel-Assessment/laravel-assessment/vendor/laravel/framework/src/Illuminate/Pipeline/Pipeline.php(144): Illuminate/Foundation/Http/Kernel->Illuminate/Foundation/Http/{closure}(Object(Illuminate/Http/Request))
#26 D:/xampp/htdocs/Laravel-Assessment/laravel-assessment/vendor/laravel/framework/src/Illuminate/Foundation/Http/Middleware/TransformsRequest.php(21): Illuminate/Pipeline/Pipeline->Illuminate/Pipeline/{closure}(Object(Illuminate/Http/Request))
#27 D:/xampp/htdocs/Laravel-Assessment/laravel-assessment/vendor/laravel/framework/src/Illuminate/Foundation/Http/Middleware/ConvertEmptyStringsToNull.php(31): Illuminate/Foundation/Http/Middleware/TransformsRequest->handle(Object(Illuminate/Http/Request), Object(Closure))
#28 D:/xampp/htdocs/Laravel-Assessment/laravel-assessment/vendor/laravel/framework/src/Illuminate/Pipeline/Pipeline.php(183): Illuminate/Foundation/Http/Middleware/ConvertEmptyStringsToNull->handle(Object(Illuminate/Http/Request), Object(Closure))
#29 D:/xampp/htdocs/Laravel-Assessment/laravel-assessment/vendor/laravel/framework/src/Illuminate/Foundation/Http/Middleware/TransformsRequest.php(21): Illuminate/Pipeline/Pipeline->Illuminate/Pipeline/{closure}(Object(Illuminate/Http/Request))
#30 D:/xampp/htdocs/Laravel-Assessment/laravel-assessment/vendor/laravel/framework/src/Illuminate/Foundation/Http/Middleware/TrimStrings.php(40): Illuminate/Foundation/Http/Middleware/TransformsRequest->handle(Object(Illuminate/Http/Request), Object(Closure))
#31 D:/xampp/htdocs/Laravel-Assessment/laravel-assessment/vendor/laravel/framework/src/Illuminate/Pipeline/Pipeline.php(183): Illuminate/Foundation/Http/Middleware/TrimStrings->handle(Object(Illuminate/Http/Request), Object(Closure))
#32 D:/xampp/htdocs/Laravel-Assessment/laravel-assessment/vendor/laravel/framework/src/Illuminate/Foundation/Http/Middleware/ValidatePostSize.php(27): Illuminate/Pipeline/Pipeline->Illuminate/Pipeline/{closure}(Object(Illuminate/Http/Request))
#33 D:/xampp/htdocs/Laravel-Assessment/laravel-assessment/vendor/laravel/framework/src/Illuminate/Pipeline/Pipeline.php(183): Illuminate/Foundation/Http/Middleware/ValidatePostSize->handle(Object(Illuminate/Http/Request), Object(Closure))
#34 D:/xampp/htdocs/Laravel-Assessment/laravel-assessment/vendor/laravel/framework/src/Illuminate/Foundation/Http/Middleware/PreventRequestsDuringMaintenance.php(99): Illuminate/Pipeline/Pipeline->Illuminate/Pipeline/{closure}(Object(Illuminate/Http/Request))
#35 D:/xampp/htdocs/Laravel-Assessment/laravel-assessment/vendor/laravel/framework/src/Illuminate/Pipeline/Pipeline.php(183): Illuminate/Foundation/Http/Middleware/PreventRequestsDuringMaintenance->handle(Object(Illuminate/Http/Request), Object(Closure))
#36 D:/xampp/htdocs/Laravel-Assessment/laravel-assessment/vendor/laravel/framework/src/Illuminate/Http/Middleware/HandleCors.php(62): Illuminate/Pipeline/Pipeline->Illuminate/Pipeline/{closure}(Object(Illuminate/Http/Request))
#37 D:/xampp/htdocs/Laravel-Assessment/laravel-assessment/vendor/laravel/framework/src/Illuminate/Pipeline/Pipeline.php(183): Illuminate/Http/Middleware/HandleCors->handle(Object(Illuminate/Http/Request), Object(Closure))
#38 D:/xampp/htdocs/Laravel-Assessment/laravel-assessment/vendor/laravel/framework/src/Illuminate/Http/Middleware/TrustProxies.php(39): Illuminate/Pipeline/Pipeline->Illuminate/Pipeline/{closure}(Object(Illuminate/Http/Request))
#39 D:/xampp/htdocs/Laravel-Assessment/laravel-assessment/vendor/laravel/framework/src/Illuminate/Pipeline/Pipeline.php(183): Illuminate/Http/Middleware/TrustProxies->handle(Object(Illuminate/Http/Request), Object(Closure))
#40 D:/xampp/htdocs/Laravel-Assessment/laravel-assessment/vendor/laravel/framework/src/Illuminate/Pipeline/Pipeline.php(119): Illuminate/Pipeline/Pipeline->Illuminate/Pipeline/{closure}(Object(Illuminate/Http/Request))
#41 D:/xampp/htdocs/Laravel-Assessment/laravel-assessment/vendor/laravel/framework/src/Illuminate/Foundation/Http/Kernel.php(175): Illuminate/Pipeline/Pipeline->then(Object(Closure))
#42 D:/xampp/htdocs/Laravel-Assessment/laravel-assessment/vendor/laravel/framework/src/Illuminate/Foundation/Http/Kernel.php(144): Illuminate/Foundation/Http/Kernel->sendRequestThroughRouter(Object(Illuminate/Http/Request))
#43 D:/xampp/htdocs/Laravel-Assessment/laravel-assessment/public/index.php(52): Illuminate/Foundation/Http/Kernel->handle(Object(Illuminate/Http/Request))
#44 D:/xampp/htdocs/Laravel-Assessment/laravel-assessment/vendor/laravel/framework/src/Illuminate/Foundation/resources/server.php(16): require_once('D://xampp//htdocs...')
#45 {main}

[previous exception] [object] (PDOException(code: 23000): SQLSTATE[23000]: Integrity constraint violation: 1048 Column 'leave_name' cannot be null at D:/xampp/htdocs/Laravel-Assessment/laravel-assessment/vendor/laravel/framework/src/Illuminate/Database/Connection.php:612)
[stacktrace]
#0 D:/xampp/htdocs/Laravel-Assessment/laravel-assessment/vendor/laravel/framework/src/Illuminate/Database/Connection.php(612): PDOStatement->execute()
#1 D:/xampp/htdocs/Laravel-Assessment/laravel-assessment/vendor/laravel/framework/src/Illuminate/Database/Connection.php(816): Illuminate/Database/Connection->Illuminate/Database/{closure}('update `leave_t...', Array)
#2 D:/xampp/htdocs/Laravel-Assessment/laravel-assessment/vendor/laravel/framework/src/Illuminate/Database/Connection.php(783): Illuminate/Database/Connection->runQueryCallback('update `leave_t...', Array, Object(Closure))
#3 D:/xampp/htdocs/Laravel-Assessment/laravel-assessment/vendor/laravel/framework/src/Illuminate/Database/Connection.php(619): Illuminate/Database/Connection->run('update `leave_t...', Array, Object(Closure))
#4 D:/xampp/htdocs/Laravel-Assessment/laravel-assessment/vendor/laravel/framework/src/Illuminate/Database/Connection.php(552): Illuminate/Database/Connection->affectingStatement('update `leave_t...', Array)
#5 D:/xampp/htdocs/Laravel-Assessment/laravel-assessment/vendor/laravel/framework/src/Illuminate/Database/Query/Builder.php(3603): Illuminate/Database/Connection->update('update `leave_t...', Array)
#6 D:/xampp/htdocs/Laravel-Assessment/laravel-assessment/app/Http/Controllers/leaveController.php(72): Illuminate/Database/Query/Builder->update(Array)
#7 D:/xampp/htdocs/Laravel-Assessment/laravel-assessment/vendor/laravel/framework/src/Illuminate/Routing/Controller.php(54): App/Http/Controllers/leaveController->updateleave(Object(Illuminate/Http/Request), '1')
#8 D:/xampp/htdocs/Laravel-Assessment/laravel-assessment/vendor/laravel/framework/src/Illuminate/Routing/ControllerDispatcher.php(43): Illuminate/Routing/Controller->callAction('updateleave', Array)
#9 D:/xampp/htdocs/Laravel-Assessment/laravel-assessment/vendor/laravel/framework/src/Illuminate/Routing/Route.php(260): Illuminate/Routing/ControllerDispatcher->dispatch(Object(Illuminate/Routing/Route), Object(App/Http/Controllers/leaveController), 'updateleave')
#10 D:/xampp/htdocs/Laravel-Assessment/laravel-assessment/vendor/laravel/framework/src/Illuminate/Routing/Route.php(205): Illuminate/Routing/Route->runController()
#11 D:/xampp/htdocs/Laravel-Assessment/laravel-assessment/vendor/laravel/framework/src/Illuminate/Routing/Router.php(806): Illuminate/Routing/Route->run()
#12 D:/xampp/htdocs/Laravel-Assessment/laravel-assessment/vendor/laravel/framework/src/Illuminate/Pipeline/Pipeline.php(144): Illuminate/Routing/Router->Illuminate/Routing/{closure}(Object(Illuminate/Http/Request))
#13 D:/xampp/htdocs/Laravel-Assessment/laravel-assessment/vendor/laravel/framework/src/Illuminate/Routing/Middleware/SubstituteBindings.php(50): Illuminate/Pipeline/Pipeline->Illuminate/Pipeline/{closure}(Object(Illuminate/Http/Request))
#14 D:/xampp/htdocs/Laravel-Assessment/laravel-assessment/vendor/laravel/framework/src/Illuminate/Pipeline/Pipeline.php(183): Illuminate/Routing/Middleware/SubstituteBindings->handle(Object(Illuminate/Http/Request), Object(Closure))
#15 D:/xampp/htdocs/Laravel-Assessment/laravel-assessment/vendor/laravel/framework/src/Illuminate/Routing/Middleware/ThrottleRequests.php(159): Illuminate/Pipeline/Pipeline->Illuminate/Pipeline/{closure}(Object(Illuminate/Http/Request))
#16 D:/xampp/htdocs/Laravel-Assessment/laravel-assessment/vendor/laravel/framework/src/Illuminate/Routing/Middleware/ThrottleRequests.php(135): Illuminate/Routing/Middleware/ThrottleRequests->handleRequest(Object(Illuminate/Http/Request), Object(Closure), Array)
#17 D:/xampp/htdocs/Laravel-Assessment/laravel-assessment/vendor/laravel/framework/src/Illuminate/Routing/Middleware/ThrottleRequests.php(87): Illuminate/Routing/Middleware/ThrottleRequests->handleRequestUsingNamedLimiter(Object(Illuminate/Http/Request), Object(Closure), 'api', Object(Closure))
#18 D:/xampp/htdocs/Laravel-Assessment/laravel-assessment/vendor/laravel/framework/src/Illuminate/Pipeline/Pipeline.php(183): Illuminate/Routing/Middleware/ThrottleRequests->handle(Object(Illuminate/Http/Request), Object(Closure), 'api')
#19 D:/xampp/htdocs/Laravel-Assessment/laravel-assessment/vendor/laravel/framework/src/Illuminate/Auth/Middleware/Authenticate.php(57): Illuminate/Pipeline/Pipeline->Illuminate/Pipeline/{closure}(Object(Illuminate/Http/Request))
#20 D:/xampp/htdocs/Laravel-Assessment/laravel-assessment/vendor/laravel/framework/src/Illuminate/Pipeline/Pipeline.php(183): Illuminate/Auth/Middleware/Authenticate->handle(Object(Illuminate/Http/Request), Object(Closure), 'api')
#21 D:/xampp/htdocs/Laravel-Assessment/laravel-assessment/vendor/laravel/framework/src/Illuminate/Pipeline/Pipeline.php(119): Illuminate/Pipeline/Pipeline->Illuminate/Pipeline/{closure}(Object(Illuminate/Http/Request))
#22 D:/xampp/htdocs/Laravel-Assessment/laravel-assessment/vendor/laravel/framework/src/Illuminate/Routing/Router.php(807): Illuminate/Pipeline/Pipeline->then(Object(Closure))
#23 D:/xampp/htdocs/Laravel-Assessment/laravel-assessment/vendor/laravel/framework/src/Illuminate/Routing/Router.php(784): Illuminate/Routing/Router->runRouteWithinStack(Object(Illuminate/Routing/Route), Object(Illuminate/Http/Request))
#24 D:/xampp/htdocs/Laravel-Assessment/laravel-assessment/vendor/laravel/framework/src/Illuminate/Routing/Router.php(748): Illuminate/Routing/Router->runRoute(Object(Illuminate/Http/Request), Object(Illuminate/Routing/Route))
#25 D:/xampp/htdocs/Laravel-Assessment/laravel-assessment/vendor/laravel/framework/src/Illuminate/Routing/Router.php(737): Illuminate/Routing/Router->dispatchToRoute(Object(Illuminate/Http/Request))
#26 D:/xampp/htdocs/Laravel-Assessment/laravel-assessment/vendor/laravel/framework/src/Illuminate/Foundation/Http/Kernel.php(200): Illuminate/Routing/Router->dispatch(Object(Illuminate/Http/Request))
#27 D:/xampp/htdocs/Laravel-Assessment/laravel-assessment/vendor/laravel/framework/src/Illuminate/Pipeline/Pipeline.php(144): Illuminate/Foundation/Http/Kernel->Illuminate/Foundation/Http/{closure}(Object(Illuminate/Http/Request))
#28 D:/xampp/htdocs/Laravel-Assessment/laravel-assessment/vendor/laravel/framework/src/Illuminate/Foundation/Http/Middleware/TransformsRequest.php(21): Illuminate/Pipeline/Pipeline->Illuminate/Pipeline/{closure}(Object(Illuminate/Http/Request))
#29 D:/xampp/htdocs/Laravel-Assessment/laravel-assessment/vendor/laravel/framework/src/Illuminate/Foundation/Http/Middleware/ConvertEmptyStringsToNull.php(31): Illuminate/Foundation/Http/Middleware/TransformsRequest->handle(Object(Illuminate/Http/Request), Object(Closure))
#30 D:/xampp/htdocs/Laravel-Assessment/laravel-assessment/vendor/laravel/framework/src/Illuminate/Pipeline/Pipeline.php(183): Illuminate/Foundation/Http/Middleware/ConvertEmptyStringsToNull->handle(Object(Illuminate/Http/Request), Object(Closure))
#31 D:/xampp/htdocs/Laravel-Assessment/laravel-assessment/vendor/laravel/framework/src/Illuminate/Foundation/Http/Middleware/TransformsRequest.php(21): Illuminate/Pipeline/Pipeline->Illuminate/Pipeline/{closure}(Object(Illuminate/Http/Request))
#32 D:/xampp/htdocs/Laravel-Assessment/laravel-assessment/vendor/laravel/framework/src/Illuminate/Foundation/Http/Middleware/TrimStrings.php(40): Illuminate/Foundation/Http/Middleware/TransformsRequest->handle(Object(Illuminate/Http/Request), Object(Closure))
#33 D:/xampp/htdocs/Laravel-Assessment/laravel-assessment/vendor/laravel/framework/src/Illuminate/Pipeline/Pipeline.php(183): Illuminate/Foundation/Http/Middleware/TrimStrings->handle(Object(Illuminate/Http/Request), Object(Closure))
#34 D:/xampp/htdocs/Laravel-Assessment/laravel-assessment/vendor/laravel/framework/src/Illuminate/Foundation/Http/Middleware/ValidatePostSize.php(27): Illuminate/Pipeline/Pipeline->Illuminate/Pipeline/{closure}(Object(Illuminate/Http/Request))
#35 D:/xampp/htdocs/Laravel-Assessment/laravel-assessment/vendor/laravel/framework/src/Illuminate/Pipeline/Pipeline.php(183): Illuminate/Foundation/Http/Middleware/ValidatePostSize->handle(Object(Illuminate/Http/Request), Object(Closure))
#36 D:/xampp/htdocs/Laravel-Assessment/laravel-assessment/vendor/laravel/framework/src/Illuminate/Foundation/Http/Middleware/PreventRequestsDuringMaintenance.php(99): Illuminate/Pipeline/Pipeline->Illuminate/Pipeline/{closure}(Object(Illuminate/Http/Request))
#37 D:/xampp/htdocs/Laravel-Assessment/laravel-assessment/vendor/laravel/framework/src/Illuminate/Pipeline/Pipeline.php(183): Illuminate/Foundation/Http/Middleware/PreventRequestsDuringMaintenance->handle(Object(Illuminate/Http/Request), Object(Closure))
#38 D:/xampp/htdocs/Laravel-Assessment/laravel-assessment/vendor/laravel/framework/src/Illuminate/Http/Middleware/HandleCors.php(62): Illuminate/Pipeline/Pipeline->Illuminate/Pipeline/{closure}(Object(Illuminate/Http/Request))
#39 D:/xampp/htdocs/Laravel-Assessment/laravel-assessment/vendor/laravel/framework/src/Illuminate/Pipeline/Pipeline.php(183): Illuminate/Http/Middleware/HandleCors->handle(Object(Illuminate/Http/Request), Object(Closure))
#40 D:/xampp/htdocs/Laravel-Assessment/laravel-assessment/vendor/laravel/framework/src/Illuminate/Http/Middleware/TrustProxies.php(39): Illuminate/Pipeline/Pipeline->Illuminate/Pipeline/{closure}(Object(Illuminate/Http/Request))
#41 D:/xampp/htdocs/Laravel-Assessment/laravel-assessment/vendor/laravel/framework/src/Illuminate/Pipeline/Pipeline.php(183): Illuminate/Http/Middleware/TrustProxies->handle(Object(Illuminate/Http/Request), Object(Closure))
#42 D:/xampp/htdocs/Laravel-Assessment/laravel-assessment/vendor/laravel/framework/src/Illuminate/Pipeline/Pipeline.php(119): Illuminate/Pipeline/Pipeline->Illuminate/Pipeline/{closure}(Object(Illuminate/Http/Request))
#43 D:/xampp/htdocs/Laravel-Assessment/laravel-assessment/vendor/laravel/framework/src/Illuminate/Foundation/Http/Kernel.php(175): Illuminate/Pipeline/Pipeline->then(Object(Closure))
#44 D:/xampp/htdocs/Laravel-Assessment/laravel-assessment/vendor/laravel/framework/src/Illuminate/Foundation/Http/Kernel.php(144): Illuminate/Foundation/Http/Kernel->sendRequestThroughRouter(Object(Illuminate/Http/Request))
#45 D:/xampp/htdocs/Laravel-Assessment/laravel-assessment/public/index.php(52): Illuminate/Foundation/Http/Kernel->handle(Object(Illuminate/Http/Request))
#46 D:/xampp/htdocs/Laravel-Assessment/laravel-assessment/vendor/laravel/framework/src/Illuminate/Foundation/resources/server.php(16): require_once('D://xampp//htdocs...')
#47 {main}
"} 
[2026-07-14 06:20:07] local.ERROR: SQLSTATE[23000]: Integrity constraint violation: 1048 Column 'leave_name' cannot be null (Connection: mysql, SQL: update `leave_types` set `leave_name` = ?, `total_days` = 11, `description` = ?, `status` = ? where `id` = 1) {"userId":1,"exception":"[object] (Illuminate\\Database\\QueryException(code: 23000): SQLSTATE[23000]: Integrity constraint violation: 1048 Column 'leave_name' cannot be null (Connection: mysql, SQL: update `leave_types` set `leave_name` = ?, `total_days` = 11, `description` = ?, `status` = ? where `id` = 1) at D:/xampp/htdocs/Laravel-Assessment/laravel-assessment/vendor/laravel/framework/src/Illuminate/Database/Connection.php:829)
[stacktrace]
#0 D:/xampp/htdocs/Laravel-Assessment/laravel-assessment/vendor/laravel/framework/src/Illuminate/Database/Connection.php(783): Illuminate/Database/Connection->runQueryCallback('update `leave_t...', Array, Object(Closure))
#1 D:/xampp/htdocs/Laravel-Assessment/laravel-assessment/vendor/laravel/framework/src/Illuminate/Database/Connection.php(619): Illuminate/Database/Connection->run('update `leave_t...', Array, Object(Closure))
#2 D:/xampp/htdocs/Laravel-Assessment/laravel-assessment/vendor/laravel/framework/src/Illuminate/Database/Connection.php(552): Illuminate/Database/Connection->affectingStatement('update `leave_t...', Array)
#3 D:/xampp/htdocs/Laravel-Assessment/laravel-assessment/vendor/laravel/framework/src/Illuminate/Database/Query/Builder.php(3603): Illuminate/Database/Connection->update('update `leave_t...', Array)
#4 D:/xampp/htdocs/Laravel-Assessment/laravel-assessment/app/Http/Controllers/leaveController.php(72): Illuminate/Database/Query/Builder->update(Array)
#5 D:/xampp/htdocs/Laravel-Assessment/laravel-assessment/vendor/laravel/framework/src/Illuminate/Routing/Controller.php(54): App/Http/Controllers/leaveController->updateleave(Object(Illuminate/Http/Request), '1')
#6 D:/xampp/htdocs/Laravel-Assessment/laravel-assessment/vendor/laravel/framework/src/Illuminate/Routing/ControllerDispatcher.php(43): Illuminate/Routing/Controller->callAction('updateleave', Array)
#7 D:/xampp/htdocs/Laravel-Assessment/laravel-assessment/vendor/laravel/framework/src/Illuminate/Routing/Route.php(260): Illuminate/Routing/ControllerDispatcher->dispatch(Object(Illuminate/Routing/Route), Object(App/Http/Controllers/leaveController), 'updateleave')
#8 D:/xampp/htdocs/Laravel-Assessment/laravel-assessment/vendor/laravel/framework/src/Illuminate/Routing/Route.php(205): Illuminate/Routing/Route->runController()
#9 D:/xampp/htdocs/Laravel-Assessment/laravel-assessment/vendor/laravel/framework/src/Illuminate/Routing/Router.php(806): Illuminate/Routing/Route->run()
#10 D:/xampp/htdocs/Laravel-Assessment/laravel-assessment/vendor/laravel/framework/src/Illuminate/Pipeline/Pipeline.php(144): Illuminate/Routing/Router->Illuminate/Routing/{closure}(Object(Illuminate/Http/Request))
#11 D:/xampp/htdocs/Laravel-Assessment/laravel-assessment/vendor/laravel/framework/src/Illuminate/Routing/Middleware/SubstituteBindings.php(50): Illuminate/Pipeline/Pipeline->Illuminate/Pipeline/{closure}(Object(Illuminate/Http/Request))
#12 D:/xampp/htdocs/Laravel-Assessment/laravel-assessment/vendor/laravel/framework/src/Illuminate/Pipeline/Pipeline.php(183): Illuminate/Routing/Middleware/SubstituteBindings->handle(Object(Illuminate/Http/Request), Object(Closure))
#13 D:/xampp/htdocs/Laravel-Assessment/laravel-assessment/vendor/laravel/framework/src/Illuminate/Routing/Middleware/ThrottleRequests.php(159): Illuminate/Pipeline/Pipeline->Illuminate/Pipeline/{closure}(Object(Illuminate/Http/Request))
#14 D:/xampp/htdocs/Laravel-Assessment/laravel-assessment/vendor/laravel/framework/src/Illuminate/Routing/Middleware/ThrottleRequests.php(135): Illuminate/Routing/Middleware/ThrottleRequests->handleRequest(Object(Illuminate/Http/Request), Object(Closure), Array)
#15 D:/xampp/htdocs/Laravel-Assessment/laravel-assessment/vendor/laravel/framework/src/Illuminate/Routing/Middleware/ThrottleRequests.php(87): Illuminate/Routing/Middleware/ThrottleRequests->handleRequestUsingNamedLimiter(Object(Illuminate/Http/Request), Object(Closure), 'api', Object(Closure))
#16 D:/xampp/htdocs/Laravel-Assessment/laravel-assessment/vendor/laravel/framework/src/Illuminate/Pipeline/Pipeline.php(183): Illuminate/Routing/Middleware/ThrottleRequests->handle(Object(Illuminate/Http/Request), Object(Closure), 'api')
#17 D:/xampp/htdocs/Laravel-Assessment/laravel-assessment/vendor/laravel/framework/src/Illuminate/Auth/Middleware/Authenticate.php(57): Illuminate/Pipeline/Pipeline->Illuminate/Pipeline/{closure}(Object(Illuminate/Http/Request))
#18 D:/xampp/htdocs/Laravel-Assessment/laravel-assessment/vendor/laravel/framework/src/Illuminate/Pipeline/Pipeline.php(183): Illuminate/Auth/Middleware/Authenticate->handle(Object(Illuminate/Http/Request), Object(Closure), 'api')
#19 D:/xampp/htdocs/Laravel-Assessment/laravel-assessment/vendor/laravel/framework/src/Illuminate/Pipeline/Pipeline.php(119): Illuminate/Pipeline/Pipeline->Illuminate/Pipeline/{closure}(Object(Illuminate/Http/Request))
#20 D:/xampp/htdocs/Laravel-Assessment/laravel-assessment/vendor/laravel/framework/src/Illuminate/Routing/Router.php(807): Illuminate/Pipeline/Pipeline->then(Object(Closure))
#21 D:/xampp/htdocs/Laravel-Assessment/laravel-assessment/vendor/laravel/framework/src/Illuminate/Routing/Router.php(784): Illuminate/Routing/Router->runRouteWithinStack(Object(Illuminate/Routing/Route), Object(Illuminate/Http/Request))
#22 D:/xampp/htdocs/Laravel-Assessment/laravel-assessment/vendor/laravel/framework/src/Illuminate/Routing/Router.php(748): Illuminate/Routing/Router->runRoute(Object(Illuminate/Http/Request), Object(Illuminate/Routing/Route))
#23 D:/xampp/htdocs/Laravel-Assessment/laravel-assessment/vendor/laravel/framework/src/Illuminate/Routing/Router.php(737): Illuminate/Routing/Router->dispatchToRoute(Object(Illuminate/Http/Request))
#24 D:/xampp/htdocs/Laravel-Assessment/laravel-assessment/vendor/laravel/framework/src/Illuminate/Foundation/Http/Kernel.php(200): Illuminate/Routing/Router->dispatch(Object(Illuminate/Http/Request))
#25 D:/xampp/htdocs/Laravel-Assessment/laravel-assessment/vendor/laravel/framework/src/Illuminate/Pipeline/Pipeline.php(144): Illuminate/Foundation/Http/Kernel->Illuminate/Foundation/Http/{closure}(Object(Illuminate/Http/Request))
#26 D:/xampp/htdocs/Laravel-Assessment/laravel-assessment/vendor/laravel/framework/src/Illuminate/Foundation/Http/Middleware/TransformsRequest.php(21): Illuminate/Pipeline/Pipeline->Illuminate/Pipeline/{closure}(Object(Illuminate/Http/Request))
#27 D:/xampp/htdocs/Laravel-Assessment/laravel-assessment/vendor/laravel/framework/src/Illuminate/Foundation/Http/Middleware/ConvertEmptyStringsToNull.php(31): Illuminate/Foundation/Http/Middleware/TransformsRequest->handle(Object(Illuminate/Http/Request), Object(Closure))
#28 D:/xampp/htdocs/Laravel-Assessment/laravel-assessment/vendor/laravel/framework/src/Illuminate/Pipeline/Pipeline.php(183): Illuminate/Foundation/Http/Middleware/ConvertEmptyStringsToNull->handle(Object(Illuminate/Http/Request), Object(Closure))
#29 D:/xampp/htdocs/Laravel-Assessment/laravel-assessment/vendor/laravel/framework/src/Illuminate/Foundation/Http/Middleware/TransformsRequest.php(21): Illuminate/Pipeline/Pipeline->Illuminate/Pipeline/{closure}(Object(Illuminate/Http/Request))
#30 D:/xampp/htdocs/Laravel-Assessment/laravel-assessment/vendor/laravel/framework/src/Illuminate/Foundation/Http/Middleware/TrimStrings.php(40): Illuminate/Foundation/Http/Middleware/TransformsRequest->handle(Object(Illuminate/Http/Request), Object(Closure))
#31 D:/xampp/htdocs/Laravel-Assessment/laravel-assessment/vendor/laravel/framework/src/Illuminate/Pipeline/Pipeline.php(183): Illuminate/Foundation/Http/Middleware/TrimStrings->handle(Object(Illuminate/Http/Request), Object(Closure))
#32 D:/xampp/htdocs/Laravel-Assessment/laravel-assessment/vendor/laravel/framework/src/Illuminate/Foundation/Http/Middleware/ValidatePostSize.php(27): Illuminate/Pipeline/Pipeline->Illuminate/Pipeline/{closure}(Object(Illuminate/Http/Request))
#33 D:/xampp/htdocs/Laravel-Assessment/laravel-assessment/vendor/laravel/framework/src/Illuminate/Pipeline/Pipeline.php(183): Illuminate/Foundation/Http/Middleware/ValidatePostSize->handle(Object(Illuminate/Http/Request), Object(Closure))
#34 D:/xampp/htdocs/Laravel-Assessment/laravel-assessment/vendor/laravel/framework/src/Illuminate/Foundation/Http/Middleware/PreventRequestsDuringMaintenance.php(99): Illuminate/Pipeline/Pipeline->Illuminate/Pipeline/{closure}(Object(Illuminate/Http/Request))
#35 D:/xampp/htdocs/Laravel-Assessment/laravel-assessment/vendor/laravel/framework/src/Illuminate/Pipeline/Pipeline.php(183): Illuminate/Foundation/Http/Middleware/PreventRequestsDuringMaintenance->handle(Object(Illuminate/Http/Request), Object(Closure))
#36 D:/xampp/htdocs/Laravel-Assessment/laravel-assessment/vendor/laravel/framework/src/Illuminate/Http/Middleware/HandleCors.php(62): Illuminate/Pipeline/Pipeline->Illuminate/Pipeline/{closure}(Object(Illuminate/Http/Request))
#37 D:/xampp/htdocs/Laravel-Assessment/laravel-assessment/vendor/laravel/framework/src/Illuminate/Pipeline/Pipeline.php(183): Illuminate/Http/Middleware/HandleCors->handle(Object(Illuminate/Http/Request), Object(Closure))
#38 D:/xampp/htdocs/Laravel-Assessment/laravel-assessment/vendor/laravel/framework/src/Illuminate/Http/Middleware/TrustProxies.php(39): Illuminate/Pipeline/Pipeline->Illuminate/Pipeline/{closure}(Object(Illuminate/Http/Request))
#39 D:/xampp/htdocs/Laravel-Assessment/laravel-assessment/vendor/laravel/framework/src/Illuminate/Pipeline/Pipeline.php(183): Illuminate/Http/Middleware/TrustProxies->handle(Object(Illuminate/Http/Request), Object(Closure))
#40 D:/xampp/htdocs/Laravel-Assessment/laravel-assessment/vendor/laravel/framework/src/Illuminate/Pipeline/Pipeline.php(119): Illuminate/Pipeline/Pipeline->Illuminate/Pipeline/{closure}(Object(Illuminate/Http/Request))
#41 D:/xampp/htdocs/Laravel-Assessment/laravel-assessment/vendor/laravel/framework/src/Illuminate/Foundation/Http/Kernel.php(175): Illuminate/Pipeline/Pipeline->then(Object(Closure))
#42 D:/xampp/htdocs/Laravel-Assessment/laravel-assessment/vendor/laravel/framework/src/Illuminate/Foundation/Http/Kernel.php(144): Illuminate/Foundation/Http/Kernel->sendRequestThroughRouter(Object(Illuminate/Http/Request))
#43 D:/xampp/htdocs/Laravel-Assessment/laravel-assessment/public/index.php(52): Illuminate/Foundation/Http/Kernel->handle(Object(Illuminate/Http/Request))
#44 D:/xampp/htdocs/Laravel-Assessment/laravel-assessment/vendor/laravel/framework/src/Illuminate/Foundation/resources/server.php(16): require_once('D://xampp//htdocs...')
#45 {main}

[previous exception] [object] (PDOException(code: 23000): SQLSTATE[23000]: Integrity constraint violation: 1048 Column 'leave_name' cannot be null at D:/xampp/htdocs/Laravel-Assessment/laravel-assessment/vendor/laravel/framework/src/Illuminate/Database/Connection.php:612)
[stacktrace]
#0 D:/xampp/htdocs/Laravel-Assessment/laravel-assessment/vendor/laravel/framework/src/Illuminate/Database/Connection.php(612): PDOStatement->execute()
#1 D:/xampp/htdocs/Laravel-Assessment/laravel-assessment/vendor/laravel/framework/src/Illuminate/Database/Connection.php(816): Illuminate/Database/Connection->Illuminate/Database/{closure}('update `leave_t...', Array)
#2 D:/xampp/htdocs/Laravel-Assessment/laravel-assessment/vendor/laravel/framework/src/Illuminate/Database/Connection.php(783): Illuminate/Database/Connection->runQueryCallback('update `leave_t...', Array, Object(Closure))
#3 D:/xampp/htdocs/Laravel-Assessment/laravel-assessment/vendor/laravel/framework/src/Illuminate/Database/Connection.php(619): Illuminate/Database/Connection->run('update `leave_t...', Array, Object(Closure))
#4 D:/xampp/htdocs/Laravel-Assessment/laravel-assessment/vendor/laravel/framework/src/Illuminate/Database/Connection.php(552): Illuminate/Database/Connection->affectingStatement('update `leave_t...', Array)
#5 D:/xampp/htdocs/Laravel-Assessment/laravel-assessment/vendor/laravel/framework/src/Illuminate/Database/Query/Builder.php(3603): Illuminate/Database/Connection->update('update `leave_t...', Array)
#6 D:/xampp/htdocs/Laravel-Assessment/laravel-assessment/app/Http/Controllers/leaveController.php(72): Illuminate/Database/Query/Builder->update(Array)
#7 D:/xampp/htdocs/Laravel-Assessment/laravel-assessment/vendor/laravel/framework/src/Illuminate/Routing/Controller.php(54): App/Http/Controllers/leaveController->updateleave(Object(Illuminate/Http/Request), '1')
#8 D:/xampp/htdocs/Laravel-Assessment/laravel-assessment/vendor/laravel/framework/src/Illuminate/Routing/ControllerDispatcher.php(43): Illuminate/Routing/Controller->callAction('updateleave', Array)
#9 D:/xampp/htdocs/Laravel-Assessment/laravel-assessment/vendor/laravel/framework/src/Illuminate/Routing/Route.php(260): Illuminate/Routing/ControllerDispatcher->dispatch(Object(Illuminate/Routing/Route), Object(App/Http/Controllers/leaveController), 'updateleave')
#10 D:/xampp/htdocs/Laravel-Assessment/laravel-assessment/vendor/laravel/framework/src/Illuminate/Routing/Route.php(205): Illuminate/Routing/Route->runController()
#11 D:/xampp/htdocs/Laravel-Assessment/laravel-assessment/vendor/laravel/framework/src/Illuminate/Routing/Router.php(806): Illuminate/Routing/Route->run()
#12 D:/xampp/htdocs/Laravel-Assessment/laravel-assessment/vendor/laravel/framework/src/Illuminate/Pipeline/Pipeline.php(144): Illuminate/Routing/Router->Illuminate/Routing/{closure}(Object(Illuminate/Http/Request))
#13 D:/xampp/htdocs/Laravel-Assessment/laravel-assessment/vendor/laravel/framework/src/Illuminate/Routing/Middleware/SubstituteBindings.php(50): Illuminate/Pipeline/Pipeline->Illuminate/Pipeline/{closure}(Object(Illuminate/Http/Request))
#14 D:/xampp/htdocs/Laravel-Assessment/laravel-assessment/vendor/laravel/framework/src/Illuminate/Pipeline/Pipeline.php(183): Illuminate/Routing/Middleware/SubstituteBindings->handle(Object(Illuminate/Http/Request), Object(Closure))
#15 D:/xampp/htdocs/Laravel-Assessment/laravel-assessment/vendor/laravel/framework/src/Illuminate/Routing/Middleware/ThrottleRequests.php(159): Illuminate/Pipeline/Pipeline->Illuminate/Pipeline/{closure}(Object(Illuminate/Http/Request))
#16 D:/xampp/htdocs/Laravel-Assessment/laravel-assessment/vendor/laravel/framework/src/Illuminate/Routing/Middleware/ThrottleRequests.php(135): Illuminate/Routing/Middleware/ThrottleRequests->handleRequest(Object(Illuminate/Http/Request), Object(Closure), Array)
#17 D:/xampp/htdocs/Laravel-Assessment/laravel-assessment/vendor/laravel/framework/src/Illuminate/Routing/Middleware/ThrottleRequests.php(87): Illuminate/Routing/Middleware/ThrottleRequests->handleRequestUsingNamedLimiter(Object(Illuminate/Http/Request), Object(Closure), 'api', Object(Closure))
#18 D:/xampp/htdocs/Laravel-Assessment/laravel-assessment/vendor/laravel/framework/src/Illuminate/Pipeline/Pipeline.php(183): Illuminate/Routing/Middleware/ThrottleRequests->handle(Object(Illuminate/Http/Request), Object(Closure), 'api')
#19 D:/xampp/htdocs/Laravel-Assessment/laravel-assessment/vendor/laravel/framework/src/Illuminate/Auth/Middleware/Authenticate.php(57): Illuminate/Pipeline/Pipeline->Illuminate/Pipeline/{closure}(Object(Illuminate/Http/Request))
#20 D:/xampp/htdocs/Laravel-Assessment/laravel-assessment/vendor/laravel/framework/src/Illuminate/Pipeline/Pipeline.php(183): Illuminate/Auth/Middleware/Authenticate->handle(Object(Illuminate/Http/Request), Object(Closure), 'api')
#21 D:/xampp/htdocs/Laravel-Assessment/laravel-assessment/vendor/laravel/framework/src/Illuminate/Pipeline/Pipeline.php(119): Illuminate/Pipeline/Pipeline->Illuminate/Pipeline/{closure}(Object(Illuminate/Http/Request))
#22 D:/xampp/htdocs/Laravel-Assessment/laravel-assessment/vendor/laravel/framework/src/Illuminate/Routing/Router.php(807): Illuminate/Pipeline/Pipeline->then(Object(Closure))
#23 D:/xampp/htdocs/Laravel-Assessment/laravel-assessment/vendor/laravel/framework/src/Illuminate/Routing/Router.php(784): Illuminate/Routing/Router->runRouteWithinStack(Object(Illuminate/Routing/Route), Object(Illuminate/Http/Request))
#24 D:/xampp/htdocs/Laravel-Assessment/laravel-assessment/vendor/laravel/framework/src/Illuminate/Routing/Router.php(748): Illuminate/Routing/Router->runRoute(Object(Illuminate/Http/Request), Object(Illuminate/Routing/Route))
#25 D:/xampp/htdocs/Laravel-Assessment/laravel-assessment/vendor/laravel/framework/src/Illuminate/Routing/Router.php(737): Illuminate/Routing/Router->dispatchToRoute(Object(Illuminate/Http/Request))
#26 D:/xampp/htdocs/Laravel-Assessment/laravel-assessment/vendor/laravel/framework/src/Illuminate/Foundation/Http/Kernel.php(200): Illuminate/Routing/Router->dispatch(Object(Illuminate/Http/Request))
#27 D:/xampp/htdocs/Laravel-Assessment/laravel-assessment/vendor/laravel/framework/src/Illuminate/Pipeline/Pipeline.php(144): Illuminate/Foundation/Http/Kernel->Illuminate/Foundation/Http/{closure}(Object(Illuminate/Http/Request))
#28 D:/xampp/htdocs/Laravel-Assessment/laravel-assessment/vendor/laravel/framework/src/Illuminate/Foundation/Http/Middleware/TransformsRequest.php(21): Illuminate/Pipeline/Pipeline->Illuminate/Pipeline/{closure}(Object(Illuminate/Http/Request))
#29 D:/xampp/htdocs/Laravel-Assessment/laravel-assessment/vendor/laravel/framework/src/Illuminate/Foundation/Http/Middleware/ConvertEmptyStringsToNull.php(31): Illuminate/Foundation/Http/Middleware/TransformsRequest->handle(Object(Illuminate/Http/Request), Object(Closure))
#30 D:/xampp/htdocs/Laravel-Assessment/laravel-assessment/vendor/laravel/framework/src/Illuminate/Pipeline/Pipeline.php(183): Illuminate/Foundation/Http/Middleware/ConvertEmptyStringsToNull->handle(Object(Illuminate/Http/Request), Object(Closure))
#31 D:/xampp/htdocs/Laravel-Assessment/laravel-assessment/vendor/laravel/framework/src/Illuminate/Foundation/Http/Middleware/TransformsRequest.php(21): Illuminate/Pipeline/Pipeline->Illuminate/Pipeline/{closure}(Object(Illuminate/Http/Request))
#32 D:/xampp/htdocs/Laravel-Assessment/laravel-assessment/vendor/laravel/framework/src/Illuminate/Foundation/Http/Middleware/TrimStrings.php(40): Illuminate/Foundation/Http/Middleware/TransformsRequest->handle(Object(Illuminate/Http/Request), Object(Closure))
#33 D:/xampp/htdocs/Laravel-Assessment/laravel-assessment/vendor/laravel/framework/src/Illuminate/Pipeline/Pipeline.php(183): Illuminate/Foundation/Http/Middleware/TrimStrings->handle(Object(Illuminate/Http/Request), Object(Closure))
#34 D:/xampp/htdocs/Laravel-Assessment/laravel-assessment/vendor/laravel/framework/src/Illuminate/Foundation/Http/Middleware/ValidatePostSize.php(27): Illuminate/Pipeline/Pipeline->Illuminate/Pipeline/{closure}(Object(Illuminate/Http/Request))
#35 D:/xampp/htdocs/Laravel-Assessment/laravel-assessment/vendor/laravel/framework/src/Illuminate/Pipeline/Pipeline.php(183): Illuminate/Foundation/Http/Middleware/ValidatePostSize->handle(Object(Illuminate/Http/Request), Object(Closure))
#36 D:/xampp/htdocs/Laravel-Assessment/laravel-assessment/vendor/laravel/framework/src/Illuminate/Foundation/Http/Middleware/PreventRequestsDuringMaintenance.php(99): Illuminate/Pipeline/Pipeline->Illuminate/Pipeline/{closure}(Object(Illuminate/Http/Request))
#37 D:/xampp/htdocs/Laravel-Assessment/laravel-assessment/vendor/laravel/framework/src/Illuminate/Pipeline/Pipeline.php(183): Illuminate/Foundation/Http/Middleware/PreventRequestsDuringMaintenance->handle(Object(Illuminate/Http/Request), Object(Closure))
#38 D:/xampp/htdocs/Laravel-Assessment/laravel-assessment/vendor/laravel/framework/src/Illuminate/Http/Middleware/HandleCors.php(62): Illuminate/Pipeline/Pipeline->Illuminate/Pipeline/{closure}(Object(Illuminate/Http/Request))
#39 D:/xampp/htdocs/Laravel-Assessment/laravel-assessment/vendor/laravel/framework/src/Illuminate/Pipeline/Pipeline.php(183): Illuminate/Http/Middleware/HandleCors->handle(Object(Illuminate/Http/Request), Object(Closure))
#40 D:/xampp/htdocs/Laravel-Assessment/laravel-assessment/vendor/laravel/framework/src/Illuminate/Http/Middleware/TrustProxies.php(39): Illuminate/Pipeline/Pipeline->Illuminate/Pipeline/{closure}(Object(Illuminate/Http/Request))
#41 D:/xampp/htdocs/Laravel-Assessment/laravel-assessment/vendor/laravel/framework/src/Illuminate/Pipeline/Pipeline.php(183): Illuminate/Http/Middleware/TrustProxies->handle(Object(Illuminate/Http/Request), Object(Closure))
#42 D:/xampp/htdocs/Laravel-Assessment/laravel-assessment/vendor/laravel/framework/src/Illuminate/Pipeline/Pipeline.php(119): Illuminate/Pipeline/Pipeline->Illuminate/Pipeline/{closure}(Object(Illuminate/Http/Request))
#43 D:/xampp/htdocs/Laravel-Assessment/laravel-assessment/vendor/laravel/framework/src/Illuminate/Foundation/Http/Kernel.php(175): Illuminate/Pipeline/Pipeline->then(Object(Closure))
#44 D:/xampp/htdocs/Laravel-Assessment/laravel-assessment/vendor/laravel/framework/src/Illuminate/Foundation/Http/Kernel.php(144): Illuminate/Foundation/Http/Kernel->sendRequestThroughRouter(Object(Illuminate/Http/Request))
#45 D:/xampp/htdocs/Laravel-Assessment/laravel-assessment/public/index.php(52): Illuminate/Foundation/Http/Kernel->handle(Object(Illuminate/Http/Request))
#46 D:/xampp/htdocs/Laravel-Assessment/laravel-assessment/vendor/laravel/framework/src/Illuminate/Foundation/resources/server.php(16): require_once('D://xampp//htdocs...')
#47 {main}
"} 
[2026-07-14 06:27:57] local.ERROR: Undefined constant "App\Http\Controllers\id" {"userId":1,"exception":"[object] (Error(code: 0): Undefined constant \"App\\Http\\Controllers\\id\" at D:/xampp/htdocs/Laravel-Assessment/laravel-assessment/app/Http/Controllers/leaveController.php:99)
[stacktrace]
#0 D:/xampp/htdocs/Laravel-Assessment/laravel-assessment/vendor/laravel/framework/src/Illuminate/Routing/Controller.php(54): App/Http/Controllers/leaveController->deleteleave('1')
#1 D:/xampp/htdocs/Laravel-Assessment/laravel-assessment/vendor/laravel/framework/src/Illuminate/Routing/ControllerDispatcher.php(43): Illuminate/Routing/Controller->callAction('deleteleave', Array)
#2 D:/xampp/htdocs/Laravel-Assessment/laravel-assessment/vendor/laravel/framework/src/Illuminate/Routing/Route.php(260): Illuminate/Routing/ControllerDispatcher->dispatch(Object(Illuminate/Routing/Route), Object(App/Http/Controllers/leaveController), 'deleteleave')
#3 D:/xampp/htdocs/Laravel-Assessment/laravel-assessment/vendor/laravel/framework/src/Illuminate/Routing/Route.php(205): Illuminate/Routing/Route->runController()
#4 D:/xampp/htdocs/Laravel-Assessment/laravel-assessment/vendor/laravel/framework/src/Illuminate/Routing/Router.php(806): Illuminate/Routing/Route->run()
#5 D:/xampp/htdocs/Laravel-Assessment/laravel-assessment/vendor/laravel/framework/src/Illuminate/Pipeline/Pipeline.php(144): Illuminate/Routing/Router->Illuminate/Routing/{closure}(Object(Illuminate/Http/Request))
#6 D:/xampp/htdocs/Laravel-Assessment/laravel-assessment/vendor/laravel/framework/src/Illuminate/Routing/Middleware/SubstituteBindings.php(50): Illuminate/Pipeline/Pipeline->Illuminate/Pipeline/{closure}(Object(Illuminate/Http/Request))
#7 D:/xampp/htdocs/Laravel-Assessment/laravel-assessment/vendor/laravel/framework/src/Illuminate/Pipeline/Pipeline.php(183): Illuminate/Routing/Middleware/SubstituteBindings->handle(Object(Illuminate/Http/Request), Object(Closure))
#8 D:/xampp/htdocs/Laravel-Assessment/laravel-assessment/vendor/laravel/framework/src/Illuminate/Routing/Middleware/ThrottleRequests.php(159): Illuminate/Pipeline/Pipeline->Illuminate/Pipeline/{closure}(Object(Illuminate/Http/Request))
#9 D:/xampp/htdocs/Laravel-Assessment/laravel-assessment/vendor/laravel/framework/src/Illuminate/Routing/Middleware/ThrottleRequests.php(135): Illuminate/Routing/Middleware/ThrottleRequests->handleRequest(Object(Illuminate/Http/Request), Object(Closure), Array)
#10 D:/xampp/htdocs/Laravel-Assessment/laravel-assessment/vendor/laravel/framework/src/Illuminate/Routing/Middleware/ThrottleRequests.php(87): Illuminate/Routing/Middleware/ThrottleRequests->handleRequestUsingNamedLimiter(Object(Illuminate/Http/Request), Object(Closure), 'api', Object(Closure))
#11 D:/xampp/htdocs/Laravel-Assessment/laravel-assessment/vendor/laravel/framework/src/Illuminate/Pipeline/Pipeline.php(183): Illuminate/Routing/Middleware/ThrottleRequests->handle(Object(Illuminate/Http/Request), Object(Closure), 'api')
#12 D:/xampp/htdocs/Laravel-Assessment/laravel-assessment/vendor/laravel/framework/src/Illuminate/Auth/Middleware/Authenticate.php(57): Illuminate/Pipeline/Pipeline->Illuminate/Pipeline/{closure}(Object(Illuminate/Http/Request))
#13 D:/xampp/htdocs/Laravel-Assessment/laravel-assessment/vendor/laravel/framework/src/Illuminate/Pipeline/Pipeline.php(183): Illuminate/Auth/Middleware/Authenticate->handle(Object(Illuminate/Http/Request), Object(Closure), 'api')
#14 D:/xampp/htdocs/Laravel-Assessment/laravel-assessment/vendor/laravel/framework/src/Illuminate/Pipeline/Pipeline.php(119): Illuminate/Pipeline/Pipeline->Illuminate/Pipeline/{closure}(Object(Illuminate/Http/Request))
#15 D:/xampp/htdocs/Laravel-Assessment/laravel-assessment/vendor/laravel/framework/src/Illuminate/Routing/Router.php(807): Illuminate/Pipeline/Pipeline->then(Object(Closure))
#16 D:/xampp/htdocs/Laravel-Assessment/laravel-assessment/vendor/laravel/framework/src/Illuminate/Routing/Router.php(784): Illuminate/Routing/Router->runRouteWithinStack(Object(Illuminate/Routing/Route), Object(Illuminate/Http/Request))
#17 D:/xampp/htdocs/Laravel-Assessment/laravel-assessment/vendor/laravel/framework/src/Illuminate/Routing/Router.php(748): Illuminate/Routing/Router->runRoute(Object(Illuminate/Http/Request), Object(Illuminate/Routing/Route))
#18 D:/xampp/htdocs/Laravel-Assessment/laravel-assessment/vendor/laravel/framework/src/Illuminate/Routing/Router.php(737): Illuminate/Routing/Router->dispatchToRoute(Object(Illuminate/Http/Request))
#19 D:/xampp/htdocs/Laravel-Assessment/laravel-assessment/vendor/laravel/framework/src/Illuminate/Foundation/Http/Kernel.php(200): Illuminate/Routing/Router->dispatch(Object(Illuminate/Http/Request))
#20 D:/xampp/htdocs/Laravel-Assessment/laravel-assessment/vendor/laravel/framework/src/Illuminate/Pipeline/Pipeline.php(144): Illuminate/Foundation/Http/Kernel->Illuminate/Foundation/Http/{closure}(Object(Illuminate/Http/Request))
#21 D:/xampp/htdocs/Laravel-Assessment/laravel-assessment/vendor/laravel/framework/src/Illuminate/Foundation/Http/Middleware/TransformsRequest.php(21): Illuminate/Pipeline/Pipeline->Illuminate/Pipeline/{closure}(Object(Illuminate/Http/Request))
#22 D:/xampp/htdocs/Laravel-Assessment/laravel-assessment/vendor/laravel/framework/src/Illuminate/Foundation/Http/Middleware/ConvertEmptyStringsToNull.php(31): Illuminate/Foundation/Http/Middleware/TransformsRequest->handle(Object(Illuminate/Http/Request), Object(Closure))
#23 D:/xampp/htdocs/Laravel-Assessment/laravel-assessment/vendor/laravel/framework/src/Illuminate/Pipeline/Pipeline.php(183): Illuminate/Foundation/Http/Middleware/ConvertEmptyStringsToNull->handle(Object(Illuminate/Http/Request), Object(Closure))
#24 D:/xampp/htdocs/Laravel-Assessment/laravel-assessment/vendor/laravel/framework/src/Illuminate/Foundation/Http/Middleware/TransformsRequest.php(21): Illuminate/Pipeline/Pipeline->Illuminate/Pipeline/{closure}(Object(Illuminate/Http/Request))
#25 D:/xampp/htdocs/Laravel-Assessment/laravel-assessment/vendor/laravel/framework/src/Illuminate/Foundation/Http/Middleware/TrimStrings.php(40): Illuminate/Foundation/Http/Middleware/TransformsRequest->handle(Object(Illuminate/Http/Request), Object(Closure))
#26 D:/xampp/htdocs/Laravel-Assessment/laravel-assessment/vendor/laravel/framework/src/Illuminate/Pipeline/Pipeline.php(183): Illuminate/Foundation/Http/Middleware/TrimStrings->handle(Object(Illuminate/Http/Request), Object(Closure))
#27 D:/xampp/htdocs/Laravel-Assessment/laravel-assessment/vendor/laravel/framework/src/Illuminate/Foundation/Http/Middleware/ValidatePostSize.php(27): Illuminate/Pipeline/Pipeline->Illuminate/Pipeline/{closure}(Object(Illuminate/Http/Request))
#28 D:/xampp/htdocs/Laravel-Assessment/laravel-assessment/vendor/laravel/framework/src/Illuminate/Pipeline/Pipeline.php(183): Illuminate/Foundation/Http/Middleware/ValidatePostSize->handle(Object(Illuminate/Http/Request), Object(Closure))
#29 D:/xampp/htdocs/Laravel-Assessment/laravel-assessment/vendor/laravel/framework/src/Illuminate/Foundation/Http/Middleware/PreventRequestsDuringMaintenance.php(99): Illuminate/Pipeline/Pipeline->Illuminate/Pipeline/{closure}(Object(Illuminate/Http/Request))
#30 D:/xampp/htdocs/Laravel-Assessment/laravel-assessment/vendor/laravel/framework/src/Illuminate/Pipeline/Pipeline.php(183): Illuminate/Foundation/Http/Middleware/PreventRequestsDuringMaintenance->handle(Object(Illuminate/Http/Request), Object(Closure))
#31 D:/xampp/htdocs/Laravel-Assessment/laravel-assessment/vendor/laravel/framework/src/Illuminate/Http/Middleware/HandleCors.php(62): Illuminate/Pipeline/Pipeline->Illuminate/Pipeline/{closure}(Object(Illuminate/Http/Request))
#32 D:/xampp/htdocs/Laravel-Assessment/laravel-assessment/vendor/laravel/framework/src/Illuminate/Pipeline/Pipeline.php(183): Illuminate/Http/Middleware/HandleCors->handle(Object(Illuminate/Http/Request), Object(Closure))
#33 D:/xampp/htdocs/Laravel-Assessment/laravel-assessment/vendor/laravel/framework/src/Illuminate/Http/Middleware/TrustProxies.php(39): Illuminate/Pipeline/Pipeline->Illuminate/Pipeline/{closure}(Object(Illuminate/Http/Request))
#34 D:/xampp/htdocs/Laravel-Assessment/laravel-assessment/vendor/laravel/framework/src/Illuminate/Pipeline/Pipeline.php(183): Illuminate/Http/Middleware/TrustProxies->handle(Object(Illuminate/Http/Request), Object(Closure))
#35 D:/xampp/htdocs/Laravel-Assessment/laravel-assessment/vendor/laravel/framework/src/Illuminate/Pipeline/Pipeline.php(119): Illuminate/Pipeline/Pipeline->Illuminate/Pipeline/{closure}(Object(Illuminate/Http/Request))
#36 D:/xampp/htdocs/Laravel-Assessment/laravel-assessment/vendor/laravel/framework/src/Illuminate/Foundation/Http/Kernel.php(175): Illuminate/Pipeline/Pipeline->then(Object(Closure))
#37 D:/xampp/htdocs/Laravel-Assessment/laravel-assessment/vendor/laravel/framework/src/Illuminate/Foundation/Http/Kernel.php(144): Illuminate/Foundation/Http/Kernel->sendRequestThroughRouter(Object(Illuminate/Http/Request))
#38 D:/xampp/htdocs/Laravel-Assessment/laravel-assessment/public/index.php(52): Illuminate/Foundation/Http/Kernel->handle(Object(Illuminate/Http/Request))
#39 D:/xampp/htdocs/Laravel-Assessment/laravel-assessment/vendor/laravel/framework/src/Illuminate/Foundation/resources/server.php(16): require_once('D://xampp//htdocs...')
#40 {main}
"} 
[2026-07-14 06:28:15] local.ERROR: Undefined constant "App\Http\Controllers\id" {"userId":1,"exception":"[object] (Error(code: 0): Undefined constant \"App\\Http\\Controllers\\id\" at D:/xampp/htdocs/Laravel-Assessment/laravel-assessment/app/Http/Controllers/leaveController.php:99)
[stacktrace]
#0 D:/xampp/htdocs/Laravel-Assessment/laravel-assessment/vendor/laravel/framework/src/Illuminate/Routing/Controller.php(54): App/Http/Controllers/leaveController->deleteleave('1')
#1 D:/xampp/htdocs/Laravel-Assessment/laravel-assessment/vendor/laravel/framework/src/Illuminate/Routing/ControllerDispatcher.php(43): Illuminate/Routing/Controller->callAction('deleteleave', Array)
#2 D:/xampp/htdocs/Laravel-Assessment/laravel-assessment/vendor/laravel/framework/src/Illuminate/Routing/Route.php(260): Illuminate/Routing/ControllerDispatcher->dispatch(Object(Illuminate/Routing/Route), Object(App/Http/Controllers/leaveController), 'deleteleave')
#3 D:/xampp/htdocs/Laravel-Assessment/laravel-assessment/vendor/laravel/framework/src/Illuminate/Routing/Route.php(205): Illuminate/Routing/Route->runController()
#4 D:/xampp/htdocs/Laravel-Assessment/laravel-assessment/vendor/laravel/framework/src/Illuminate/Routing/Router.php(806): Illuminate/Routing/Route->run()
#5 D:/xampp/htdocs/Laravel-Assessment/laravel-assessment/vendor/laravel/framework/src/Illuminate/Pipeline/Pipeline.php(144): Illuminate/Routing/Router->Illuminate/Routing/{closure}(Object(Illuminate/Http/Request))
#6 D:/xampp/htdocs/Laravel-Assessment/laravel-assessment/vendor/laravel/framework/src/Illuminate/Routing/Middleware/SubstituteBindings.php(50): Illuminate/Pipeline/Pipeline->Illuminate/Pipeline/{closure}(Object(Illuminate/Http/Request))
#7 D:/xampp/htdocs/Laravel-Assessment/laravel-assessment/vendor/laravel/framework/src/Illuminate/Pipeline/Pipeline.php(183): Illuminate/Routing/Middleware/SubstituteBindings->handle(Object(Illuminate/Http/Request), Object(Closure))
#8 D:/xampp/htdocs/Laravel-Assessment/laravel-assessment/vendor/laravel/framework/src/Illuminate/Routing/Middleware/ThrottleRequests.php(159): Illuminate/Pipeline/Pipeline->Illuminate/Pipeline/{closure}(Object(Illuminate/Http/Request))
#9 D:/xampp/htdocs/Laravel-Assessment/laravel-assessment/vendor/laravel/framework/src/Illuminate/Routing/Middleware/ThrottleRequests.php(135): Illuminate/Routing/Middleware/ThrottleRequests->handleRequest(Object(Illuminate/Http/Request), Object(Closure), Array)
#10 D:/xampp/htdocs/Laravel-Assessment/laravel-assessment/vendor/laravel/framework/src/Illuminate/Routing/Middleware/ThrottleRequests.php(87): Illuminate/Routing/Middleware/ThrottleRequests->handleRequestUsingNamedLimiter(Object(Illuminate/Http/Request), Object(Closure), 'api', Object(Closure))
#11 D:/xampp/htdocs/Laravel-Assessment/laravel-assessment/vendor/laravel/framework/src/Illuminate/Pipeline/Pipeline.php(183): Illuminate/Routing/Middleware/ThrottleRequests->handle(Object(Illuminate/Http/Request), Object(Closure), 'api')
#12 D:/xampp/htdocs/Laravel-Assessment/laravel-assessment/vendor/laravel/framework/src/Illuminate/Auth/Middleware/Authenticate.php(57): Illuminate/Pipeline/Pipeline->Illuminate/Pipeline/{closure}(Object(Illuminate/Http/Request))
#13 D:/xampp/htdocs/Laravel-Assessment/laravel-assessment/vendor/laravel/framework/src/Illuminate/Pipeline/Pipeline.php(183): Illuminate/Auth/Middleware/Authenticate->handle(Object(Illuminate/Http/Request), Object(Closure), 'api')
#14 D:/xampp/htdocs/Laravel-Assessment/laravel-assessment/vendor/laravel/framework/src/Illuminate/Pipeline/Pipeline.php(119): Illuminate/Pipeline/Pipeline->Illuminate/Pipeline/{closure}(Object(Illuminate/Http/Request))
#15 D:/xampp/htdocs/Laravel-Assessment/laravel-assessment/vendor/laravel/framework/src/Illuminate/Routing/Router.php(807): Illuminate/Pipeline/Pipeline->then(Object(Closure))
#16 D:/xampp/htdocs/Laravel-Assessment/laravel-assessment/vendor/laravel/framework/src/Illuminate/Routing/Router.php(784): Illuminate/Routing/Router->runRouteWithinStack(Object(Illuminate/Routing/Route), Object(Illuminate/Http/Request))
#17 D:/xampp/htdocs/Laravel-Assessment/laravel-assessment/vendor/laravel/framework/src/Illuminate/Routing/Router.php(748): Illuminate/Routing/Router->runRoute(Object(Illuminate/Http/Request), Object(Illuminate/Routing/Route))
#18 D:/xampp/htdocs/Laravel-Assessment/laravel-assessment/vendor/laravel/framework/src/Illuminate/Routing/Router.php(737): Illuminate/Routing/Router->dispatchToRoute(Object(Illuminate/Http/Request))
#19 D:/xampp/htdocs/Laravel-Assessment/laravel-assessment/vendor/laravel/framework/src/Illuminate/Foundation/Http/Kernel.php(200): Illuminate/Routing/Router->dispatch(Object(Illuminate/Http/Request))
#20 D:/xampp/htdocs/Laravel-Assessment/laravel-assessment/vendor/laravel/framework/src/Illuminate/Pipeline/Pipeline.php(144): Illuminate/Foundation/Http/Kernel->Illuminate/Foundation/Http/{closure}(Object(Illuminate/Http/Request))
#21 D:/xampp/htdocs/Laravel-Assessment/laravel-assessment/vendor/laravel/framework/src/Illuminate/Foundation/Http/Middleware/TransformsRequest.php(21): Illuminate/Pipeline/Pipeline->Illuminate/Pipeline/{closure}(Object(Illuminate/Http/Request))
#22 D:/xampp/htdocs/Laravel-Assessment/laravel-assessment/vendor/laravel/framework/src/Illuminate/Foundation/Http/Middleware/ConvertEmptyStringsToNull.php(31): Illuminate/Foundation/Http/Middleware/TransformsRequest->handle(Object(Illuminate/Http/Request), Object(Closure))
#23 D:/xampp/htdocs/Laravel-Assessment/laravel-assessment/vendor/laravel/framework/src/Illuminate/Pipeline/Pipeline.php(183): Illuminate/Foundation/Http/Middleware/ConvertEmptyStringsToNull->handle(Object(Illuminate/Http/Request), Object(Closure))
#24 D:/xampp/htdocs/Laravel-Assessment/laravel-assessment/vendor/laravel/framework/src/Illuminate/Foundation/Http/Middleware/TransformsRequest.php(21): Illuminate/Pipeline/Pipeline->Illuminate/Pipeline/{closure}(Object(Illuminate/Http/Request))
#25 D:/xampp/htdocs/Laravel-Assessment/laravel-assessment/vendor/laravel/framework/src/Illuminate/Foundation/Http/Middleware/TrimStrings.php(40): Illuminate/Foundation/Http/Middleware/TransformsRequest->handle(Object(Illuminate/Http/Request), Object(Closure))
#26 D:/xampp/htdocs/Laravel-Assessment/laravel-assessment/vendor/laravel/framework/src/Illuminate/Pipeline/Pipeline.php(183): Illuminate/Foundation/Http/Middleware/TrimStrings->handle(Object(Illuminate/Http/Request), Object(Closure))
#27 D:/xampp/htdocs/Laravel-Assessment/laravel-assessment/vendor/laravel/framework/src/Illuminate/Foundation/Http/Middleware/ValidatePostSize.php(27): Illuminate/Pipeline/Pipeline->Illuminate/Pipeline/{closure}(Object(Illuminate/Http/Request))
#28 D:/xampp/htdocs/Laravel-Assessment/laravel-assessment/vendor/laravel/framework/src/Illuminate/Pipeline/Pipeline.php(183): Illuminate/Foundation/Http/Middleware/ValidatePostSize->handle(Object(Illuminate/Http/Request), Object(Closure))
#29 D:/xampp/htdocs/Laravel-Assessment/laravel-assessment/vendor/laravel/framework/src/Illuminate/Foundation/Http/Middleware/PreventRequestsDuringMaintenance.php(99): Illuminate/Pipeline/Pipeline->Illuminate/Pipeline/{closure}(Object(Illuminate/Http/Request))
#30 D:/xampp/htdocs/Laravel-Assessment/laravel-assessment/vendor/laravel/framework/src/Illuminate/Pipeline/Pipeline.php(183): Illuminate/Foundation/Http/Middleware/PreventRequestsDuringMaintenance->handle(Object(Illuminate/Http/Request), Object(Closure))
#31 D:/xampp/htdocs/Laravel-Assessment/laravel-assessment/vendor/laravel/framework/src/Illuminate/Http/Middleware/HandleCors.php(62): Illuminate/Pipeline/Pipeline->Illuminate/Pipeline/{closure}(Object(Illuminate/Http/Request))
#32 D:/xampp/htdocs/Laravel-Assessment/laravel-assessment/vendor/laravel/framework/src/Illuminate/Pipeline/Pipeline.php(183): Illuminate/Http/Middleware/HandleCors->handle(Object(Illuminate/Http/Request), Object(Closure))
#33 D:/xampp/htdocs/Laravel-Assessment/laravel-assessment/vendor/laravel/framework/src/Illuminate/Http/Middleware/TrustProxies.php(39): Illuminate/Pipeline/Pipeline->Illuminate/Pipeline/{closure}(Object(Illuminate/Http/Request))
#34 D:/xampp/htdocs/Laravel-Assessment/laravel-assessment/vendor/laravel/framework/src/Illuminate/Pipeline/Pipeline.php(183): Illuminate/Http/Middleware/TrustProxies->handle(Object(Illuminate/Http/Request), Object(Closure))
#35 D:/xampp/htdocs/Laravel-Assessment/laravel-assessment/vendor/laravel/framework/src/Illuminate/Pipeline/Pipeline.php(119): Illuminate/Pipeline/Pipeline->Illuminate/Pipeline/{closure}(Object(Illuminate/Http/Request))
#36 D:/xampp/htdocs/Laravel-Assessment/laravel-assessment/vendor/laravel/framework/src/Illuminate/Foundation/Http/Kernel.php(175): Illuminate/Pipeline/Pipeline->then(Object(Closure))
#37 D:/xampp/htdocs/Laravel-Assessment/laravel-assessment/vendor/laravel/framework/src/Illuminate/Foundation/Http/Kernel.php(144): Illuminate/Foundation/Http/Kernel->sendRequestThroughRouter(Object(Illuminate/Http/Request))
#38 D:/xampp/htdocs/Laravel-Assessment/laravel-assessment/public/index.php(52): Illuminate/Foundation/Http/Kernel->handle(Object(Illuminate/Http/Request))
#39 D:/xampp/htdocs/Laravel-Assessment/laravel-assessment/vendor/laravel/framework/src/Illuminate/Foundation/resources/server.php(16): require_once('D://xampp//htdocs...')
#40 {main}
"} 
[2026-07-14 06:31:52] local.ERROR: Undefined constant "App\Http\Controllers\id" {"userId":1,"exception":"[object] (Error(code: 0): Undefined constant \"App\\Http\\Controllers\\id\" at D:/xampp/htdocs/Laravel-Assessment/laravel-assessment/app/Http/Controllers/leaveController.php:99)
[stacktrace]
#0 D:/xampp/htdocs/Laravel-Assessment/laravel-assessment/vendor/laravel/framework/src/Illuminate/Routing/Controller.php(54): App/Http/Controllers/leaveController->deleteleave('1')
#1 D:/xampp/htdocs/Laravel-Assessment/laravel-assessment/vendor/laravel/framework/src/Illuminate/Routing/ControllerDispatcher.php(43): Illuminate/Routing/Controller->callAction('deleteleave', Array)
#2 D:/xampp/htdocs/Laravel-Assessment/laravel-assessment/vendor/laravel/framework/src/Illuminate/Routing/Route.php(260): Illuminate/Routing/ControllerDispatcher->dispatch(Object(Illuminate/Routing/Route), Object(App/Http/Controllers/leaveController), 'deleteleave')
#3 D:/xampp/htdocs/Laravel-Assessment/laravel-assessment/vendor/laravel/framework/src/Illuminate/Routing/Route.php(205): Illuminate/Routing/Route->runController()
#4 D:/xampp/htdocs/Laravel-Assessment/laravel-assessment/vendor/laravel/framework/src/Illuminate/Routing/Router.php(806): Illuminate/Routing/Route->run()
#5 D:/xampp/htdocs/Laravel-Assessment/laravel-assessment/vendor/laravel/framework/src/Illuminate/Pipeline/Pipeline.php(144): Illuminate/Routing/Router->Illuminate/Routing/{closure}(Object(Illuminate/Http/Request))
#6 D:/xampp/htdocs/Laravel-Assessment/laravel-assessment/vendor/laravel/framework/src/Illuminate/Routing/Middleware/SubstituteBindings.php(50): Illuminate/Pipeline/Pipeline->Illuminate/Pipeline/{closure}(Object(Illuminate/Http/Request))
#7 D:/xampp/htdocs/Laravel-Assessment/laravel-assessment/vendor/laravel/framework/src/Illuminate/Pipeline/Pipeline.php(183): Illuminate/Routing/Middleware/SubstituteBindings->handle(Object(Illuminate/Http/Request), Object(Closure))
#8 D:/xampp/htdocs/Laravel-Assessment/laravel-assessment/vendor/laravel/framework/src/Illuminate/Routing/Middleware/ThrottleRequests.php(159): Illuminate/Pipeline/Pipeline->Illuminate/Pipeline/{closure}(Object(Illuminate/Http/Request))
#9 D:/xampp/htdocs/Laravel-Assessment/laravel-assessment/vendor/laravel/framework/src/Illuminate/Routing/Middleware/ThrottleRequests.php(135): Illuminate/Routing/Middleware/ThrottleRequests->handleRequest(Object(Illuminate/Http/Request), Object(Closure), Array)
#10 D:/xampp/htdocs/Laravel-Assessment/laravel-assessment/vendor/laravel/framework/src/Illuminate/Routing/Middleware/ThrottleRequests.php(87): Illuminate/Routing/Middleware/ThrottleRequests->handleRequestUsingNamedLimiter(Object(Illuminate/Http/Request), Object(Closure), 'api', Object(Closure))
#11 D:/xampp/htdocs/Laravel-Assessment/laravel-assessment/vendor/laravel/framework/src/Illuminate/Pipeline/Pipeline.php(183): Illuminate/Routing/Middleware/ThrottleRequests->handle(Object(Illuminate/Http/Request), Object(Closure), 'api')
#12 D:/xampp/htdocs/Laravel-Assessment/laravel-assessment/vendor/laravel/framework/src/Illuminate/Auth/Middleware/Authenticate.php(57): Illuminate/Pipeline/Pipeline->Illuminate/Pipeline/{closure}(Object(Illuminate/Http/Request))
#13 D:/xampp/htdocs/Laravel-Assessment/laravel-assessment/vendor/laravel/framework/src/Illuminate/Pipeline/Pipeline.php(183): Illuminate/Auth/Middleware/Authenticate->handle(Object(Illuminate/Http/Request), Object(Closure), 'api')
#14 D:/xampp/htdocs/Laravel-Assessment/laravel-assessment/vendor/laravel/framework/src/Illuminate/Pipeline/Pipeline.php(119): Illuminate/Pipeline/Pipeline->Illuminate/Pipeline/{closure}(Object(Illuminate/Http/Request))
#15 D:/xampp/htdocs/Laravel-Assessment/laravel-assessment/vendor/laravel/framework/src/Illuminate/Routing/Router.php(807): Illuminate/Pipeline/Pipeline->then(Object(Closure))
#16 D:/xampp/htdocs/Laravel-Assessment/laravel-assessment/vendor/laravel/framework/src/Illuminate/Routing/Router.php(784): Illuminate/Routing/Router->runRouteWithinStack(Object(Illuminate/Routing/Route), Object(Illuminate/Http/Request))
#17 D:/xampp/htdocs/Laravel-Assessment/laravel-assessment/vendor/laravel/framework/src/Illuminate/Routing/Router.php(748): Illuminate/Routing/Router->runRoute(Object(Illuminate/Http/Request), Object(Illuminate/Routing/Route))
#18 D:/xampp/htdocs/Laravel-Assessment/laravel-assessment/vendor/laravel/framework/src/Illuminate/Routing/Router.php(737): Illuminate/Routing/Router->dispatchToRoute(Object(Illuminate/Http/Request))
#19 D:/xampp/htdocs/Laravel-Assessment/laravel-assessment/vendor/laravel/framework/src/Illuminate/Foundation/Http/Kernel.php(200): Illuminate/Routing/Router->dispatch(Object(Illuminate/Http/Request))
#20 D:/xampp/htdocs/Laravel-Assessment/laravel-assessment/vendor/laravel/framework/src/Illuminate/Pipeline/Pipeline.php(144): Illuminate/Foundation/Http/Kernel->Illuminate/Foundation/Http/{closure}(Object(Illuminate/Http/Request))
#21 D:/xampp/htdocs/Laravel-Assessment/laravel-assessment/vendor/laravel/framework/src/Illuminate/Foundation/Http/Middleware/TransformsRequest.php(21): Illuminate/Pipeline/Pipeline->Illuminate/Pipeline/{closure}(Object(Illuminate/Http/Request))
#22 D:/xampp/htdocs/Laravel-Assessment/laravel-assessment/vendor/laravel/framework/src/Illuminate/Foundation/Http/Middleware/ConvertEmptyStringsToNull.php(31): Illuminate/Foundation/Http/Middleware/TransformsRequest->handle(Object(Illuminate/Http/Request), Object(Closure))
#23 D:/xampp/htdocs/Laravel-Assessment/laravel-assessment/vendor/laravel/framework/src/Illuminate/Pipeline/Pipeline.php(183): Illuminate/Foundation/Http/Middleware/ConvertEmptyStringsToNull->handle(Object(Illuminate/Http/Request), Object(Closure))
#24 D:/xampp/htdocs/Laravel-Assessment/laravel-assessment/vendor/laravel/framework/src/Illuminate/Foundation/Http/Middleware/TransformsRequest.php(21): Illuminate/Pipeline/Pipeline->Illuminate/Pipeline/{closure}(Object(Illuminate/Http/Request))
#25 D:/xampp/htdocs/Laravel-Assessment/laravel-assessment/vendor/laravel/framework/src/Illuminate/Foundation/Http/Middleware/TrimStrings.php(40): Illuminate/Foundation/Http/Middleware/TransformsRequest->handle(Object(Illuminate/Http/Request), Object(Closure))
#26 D:/xampp/htdocs/Laravel-Assessment/laravel-assessment/vendor/laravel/framework/src/Illuminate/Pipeline/Pipeline.php(183): Illuminate/Foundation/Http/Middleware/TrimStrings->handle(Object(Illuminate/Http/Request), Object(Closure))
#27 D:/xampp/htdocs/Laravel-Assessment/laravel-assessment/vendor/laravel/framework/src/Illuminate/Foundation/Http/Middleware/ValidatePostSize.php(27): Illuminate/Pipeline/Pipeline->Illuminate/Pipeline/{closure}(Object(Illuminate/Http/Request))
#28 D:/xampp/htdocs/Laravel-Assessment/laravel-assessment/vendor/laravel/framework/src/Illuminate/Pipeline/Pipeline.php(183): Illuminate/Foundation/Http/Middleware/ValidatePostSize->handle(Object(Illuminate/Http/Request), Object(Closure))
#29 D:/xampp/htdocs/Laravel-Assessment/laravel-assessment/vendor/laravel/framework/src/Illuminate/Foundation/Http/Middleware/PreventRequestsDuringMaintenance.php(99): Illuminate/Pipeline/Pipeline->Illuminate/Pipeline/{closure}(Object(Illuminate/Http/Request))
#30 D:/xampp/htdocs/Laravel-Assessment/laravel-assessment/vendor/laravel/framework/src/Illuminate/Pipeline/Pipeline.php(183): Illuminate/Foundation/Http/Middleware/PreventRequestsDuringMaintenance->handle(Object(Illuminate/Http/Request), Object(Closure))
#31 D:/xampp/htdocs/Laravel-Assessment/laravel-assessment/vendor/laravel/framework/src/Illuminate/Http/Middleware/HandleCors.php(62): Illuminate/Pipeline/Pipeline->Illuminate/Pipeline/{closure}(Object(Illuminate/Http/Request))
#32 D:/xampp/htdocs/Laravel-Assessment/laravel-assessment/vendor/laravel/framework/src/Illuminate/Pipeline/Pipeline.php(183): Illuminate/Http/Middleware/HandleCors->handle(Object(Illuminate/Http/Request), Object(Closure))
#33 D:/xampp/htdocs/Laravel-Assessment/laravel-assessment/vendor/laravel/framework/src/Illuminate/Http/Middleware/TrustProxies.php(39): Illuminate/Pipeline/Pipeline->Illuminate/Pipeline/{closure}(Object(Illuminate/Http/Request))
#34 D:/xampp/htdocs/Laravel-Assessment/laravel-assessment/vendor/laravel/framework/src/Illuminate/Pipeline/Pipeline.php(183): Illuminate/Http/Middleware/TrustProxies->handle(Object(Illuminate/Http/Request), Object(Closure))
#35 D:/xampp/htdocs/Laravel-Assessment/laravel-assessment/vendor/laravel/framework/src/Illuminate/Pipeline/Pipeline.php(119): Illuminate/Pipeline/Pipeline->Illuminate/Pipeline/{closure}(Object(Illuminate/Http/Request))
#36 D:/xampp/htdocs/Laravel-Assessment/laravel-assessment/vendor/laravel/framework/src/Illuminate/Foundation/Http/Kernel.php(175): Illuminate/Pipeline/Pipeline->then(Object(Closure))
#37 D:/xampp/htdocs/Laravel-Assessment/laravel-assessment/vendor/laravel/framework/src/Illuminate/Foundation/Http/Kernel.php(144): Illuminate/Foundation/Http/Kernel->sendRequestThroughRouter(Object(Illuminate/Http/Request))
#38 D:/xampp/htdocs/Laravel-Assessment/laravel-assessment/public/index.php(52): Illuminate/Foundation/Http/Kernel->handle(Object(Illuminate/Http/Request))
#39 D:/xampp/htdocs/Laravel-Assessment/laravel-assessment/vendor/laravel/framework/src/Illuminate/Foundation/resources/server.php(16): require_once('D://xampp//htdocs...')
#40 {main}
"} 
[2026-09-30 05:24:05] local.ERROR: Route [login] not defined. {"exception":"[object] (Symfony\\Component\\Routing\\Exception\\RouteNotFoundException(code: 0): Route [login] not defined. at D:/xampp/htdocs/Laravel-Assessment/laravel-assessment/vendor/laravel/framework/src/Illuminate/Routing/UrlGenerator.php:477)
[stacktrace]
#0 D:/xampp/htdocs/Laravel-Assessment/laravel-assessment/vendor/laravel/framework/src/Illuminate/Foundation/helpers.php(811): Illuminate/Routing/UrlGenerator->route('login', Array, true)
#1 D:/xampp/htdocs/Laravel-Assessment/laravel-assessment/app/Http/Middleware/Authenticate.php(15): route('login')
#2 D:/xampp/htdocs/Laravel-Assessment/laravel-assessment/vendor/laravel/framework/src/Illuminate/Auth/Middleware/Authenticate.php(96): App/Http/Middleware/Authenticate->redirectTo(Object(Illuminate/Http/Request))
#3 D:/xampp/htdocs/Laravel-Assessment/laravel-assessment/vendor/laravel/framework/src/Illuminate/Auth/Middleware/Authenticate.php(81): Illuminate/Auth/Middleware/Authenticate->unauthenticated(Object(Illuminate/Http/Request), Array)
#4 D:/xampp/htdocs/Laravel-Assessment/laravel-assessment/vendor/laravel/framework/src/Illuminate/Auth/Middleware/Authenticate.php(55): Illuminate/Auth/Middleware/Authenticate->authenticate(Object(Illuminate/Http/Request), Array)
#5 D:/xampp/htdocs/Laravel-Assessment/laravel-assessment/vendor/laravel/framework/src/Illuminate/Pipeline/Pipeline.php(183): Illuminate/Auth/Middleware/Authenticate->handle(Object(Illuminate/Http/Request), Object(Closure), 'api')
#6 D:/xampp/htdocs/Laravel-Assessment/laravel-assessment/vendor/laravel/framework/src/Illuminate/Pipeline/Pipeline.php(119): Illuminate/Pipeline/Pipeline->Illuminate/Pipeline/{closure}(Object(Illuminate/Http/Request))
#7 D:/xampp/htdocs/Laravel-Assessment/laravel-assessment/vendor/laravel/framework/src/Illuminate/Routing/Router.php(807): Illuminate/Pipeline/Pipeline->then(Object(Closure))
#8 D:/xampp/htdocs/Laravel-Assessment/laravel-assessment/vendor/laravel/framework/src/Illuminate/Routing/Router.php(784): Illuminate/Routing/Router->runRouteWithinStack(Object(Illuminate/Routing/Route), Object(Illuminate/Http/Request))
#9 D:/xampp/htdocs/Laravel-Assessment/laravel-assessment/vendor/laravel/framework/src/Illuminate/Routing/Router.php(748): Illuminate/Routing/Router->runRoute(Object(Illuminate/Http/Request), Object(Illuminate/Routing/Route))
#10 D:/xampp/htdocs/Laravel-Assessment/laravel-assessment/vendor/laravel/framework/src/Illuminate/Routing/Router.php(737): Illuminate/Routing/Router->dispatchToRoute(Object(Illuminate/Http/Request))
#11 D:/xampp/htdocs/Laravel-Assessment/laravel-assessment/vendor/laravel/framework/src/Illuminate/Foundation/Http/Kernel.php(200): Illuminate/Routing/Router->dispatch(Object(Illuminate/Http/Request))
#12 D:/xampp/htdocs/Laravel-Assessment/laravel-assessment/vendor/laravel/framework/src/Illuminate/Pipeline/Pipeline.php(144): Illuminate/Foundation/Http/Kernel->Illuminate/Foundation/Http/{closure}(Object(Illuminate/Http/Request))
#13 D:/xampp/htdocs/Laravel-Assessment/laravel-assessment/vendor/laravel/framework/src/Illuminate/Foundation/Http/Middleware/TransformsRequest.php(21): Illuminate/Pipeline/Pipeline->Illuminate/Pipeline/{closure}(Object(Illuminate/Http/Request))
#14 D:/xampp/htdocs/Laravel-Assessment/laravel-assessment/vendor/laravel/framework/src/Illuminate/Foundation/Http/Middleware/ConvertEmptyStringsToNull.php(31): Illuminate/Foundation/Http/Middleware/TransformsRequest->handle(Object(Illuminate/Http/Request), Object(Closure))
#15 D:/xampp/htdocs/Laravel-Assessment/laravel-assessment/vendor/laravel/framework/src/Illuminate/Pipeline/Pipeline.php(183): Illuminate/Foundation/Http/Middleware/ConvertEmptyStringsToNull->handle(Object(Illuminate/Http/Request), Object(Closure))
#16 D:/xampp/htdocs/Laravel-Assessment/laravel-assessment/vendor/laravel/framework/src/Illuminate/Foundation/Http/Middleware/TransformsRequest.php(21): Illuminate/Pipeline/Pipeline->Illuminate/Pipeline/{closure}(Object(Illuminate/Http/Request))
#17 D:/xampp/htdocs/Laravel-Assessment/laravel-assessment/vendor/laravel/framework/src/Illuminate/Foundation/Http/Middleware/TrimStrings.php(40): Illuminate/Foundation/Http/Middleware/TransformsRequest->handle(Object(Illuminate/Http/Request), Object(Closure))
#18 D:/xampp/htdocs/Laravel-Assessment/laravel-assessment/vendor/laravel/framework/src/Illuminate/Pipeline/Pipeline.php(183): Illuminate/Foundation/Http/Middleware/TrimStrings->handle(Object(Illuminate/Http/Request), Object(Closure))
#19 D:/xampp/htdocs/Laravel-Assessment/laravel-assessment/vendor/laravel/framework/src/Illuminate/Foundation/Http/Middleware/ValidatePostSize.php(27): Illuminate/Pipeline/Pipeline->Illuminate/Pipeline/{closure}(Object(Illuminate/Http/Request))
#20 D:/xampp/htdocs/Laravel-Assessment/laravel-assessment/vendor/laravel/framework/src/Illuminate/Pipeline/Pipeline.php(183): Illuminate/Foundation/Http/Middleware/ValidatePostSize->handle(Object(Illuminate/Http/Request), Object(Closure))
#21 D:/xampp/htdocs/Laravel-Assessment/laravel-assessment/vendor/laravel/framework/src/Illuminate/Foundation/Http/Middleware/PreventRequestsDuringMaintenance.php(99): Illuminate/Pipeline/Pipeline->Illuminate/Pipeline/{closure}(Object(Illuminate/Http/Request))
#22 D:/xampp/htdocs/Laravel-Assessment/laravel-assessment/vendor/laravel/framework/src/Illuminate/Pipeline/Pipeline.php(183): Illuminate/Foundation/Http/Middleware/PreventRequestsDuringMaintenance->handle(Object(Illuminate/Http/Request), Object(Closure))
#23 D:/xampp/htdocs/Laravel-Assessment/laravel-assessment/vendor/laravel/framework/src/Illuminate/Http/Middleware/HandleCors.php(62): Illuminate/Pipeline/Pipeline->Illuminate/Pipeline/{closure}(Object(Illuminate/Http/Request))
#24 D:/xampp/htdocs/Laravel-Assessment/laravel-assessment/vendor/laravel/framework/src/Illuminate/Pipeline/Pipeline.php(183): Illuminate/Http/Middleware/HandleCors->handle(Object(Illuminate/Http/Request), Object(Closure))
#25 D:/xampp/htdocs/Laravel-Assessment/laravel-assessment/vendor/laravel/framework/src/Illuminate/Http/Middleware/TrustProxies.php(39): Illuminate/Pipeline/Pipeline->Illuminate/Pipeline/{closure}(Object(Illuminate/Http/Request))
#26 D:/xampp/htdocs/Laravel-Assessment/laravel-assessment/vendor/laravel/framework/src/Illuminate/Pipeline/Pipeline.php(183): Illuminate/Http/Middleware/TrustProxies->handle(Object(Illuminate/Http/Request), Object(Closure))
#27 D:/xampp/htdocs/Laravel-Assessment/laravel-assessment/vendor/laravel/framework/src/Illuminate/Pipeline/Pipeline.php(119): Illuminate/Pipeline/Pipeline->Illuminate/Pipeline/{closure}(Object(Illuminate/Http/Request))
#28 D:/xampp/htdocs/Laravel-Assessment/laravel-assessment/vendor/laravel/framework/src/Illuminate/Foundation/Http/Kernel.php(175): Illuminate/Pipeline/Pipeline->then(Object(Closure))
#29 D:/xampp/htdocs/Laravel-Assessment/laravel-assessment/vendor/laravel/framework/src/Illuminate/Foundation/Http/Kernel.php(144): Illuminate/Foundation/Http/Kernel->sendRequestThroughRouter(Object(Illuminate/Http/Request))
#30 D:/xampp/htdocs/Laravel-Assessment/laravel-assessment/public/index.php(52): Illuminate/Foundation/Http/Kernel->handle(Object(Illuminate/Http/Request))
#31 D:/xampp/htdocs/Laravel-Assessment/laravel-assessment/vendor/laravel/framework/src/Illuminate/Foundation/resources/server.php(16): require_once('D://xampp//htdocs...')
#32 {main}
"} 
[2026-09-30 05:24:41] local.ERROR: Unmatched '}' {"exception":"[object] (ParseError(code: 0): Unmatched '}' at D:/xampp/htdocs/Laravel-Assessment/laravel-assessment/routes/api.php:48)
[stacktrace]
#0 D:/xampp/htdocs/Laravel-Assessment/laravel-assessment/vendor/laravel/framework/src/Illuminate/Routing/Router.php(511): Illuminate/Routing/RouteFileRegistrar->register('D://xampp//htdocs...')
#1 D:/xampp/htdocs/Laravel-Assessment/laravel-assessment/vendor/laravel/framework/src/Illuminate/Routing/Router.php(465): Illuminate/Routing/Router->loadRoutes('D://xampp//htdocs...')
#2 D:/xampp/htdocs/Laravel-Assessment/laravel-assessment/vendor/laravel/framework/src/Illuminate/Routing/RouteRegistrar.php(194): Illuminate/Routing/Router->group(Array, 'D://xampp//htdocs...')
#3 D:/xampp/htdocs/Laravel-Assessment/laravel-assessment/app/Providers/RouteServiceProvider.php(34): Illuminate/Routing/RouteRegistrar->group('D://xampp//htdocs...')
#4 D:/xampp/htdocs/Laravel-Assessment/laravel-assessment/vendor/laravel/framework/src/Illuminate/Container/BoundMethod.php(36): App/Providers/RouteServiceProvider->App/Providers/{closure}()
#5 D:/xampp/htdocs/Laravel-Assessment/laravel-assessment/vendor/laravel/framework/src/Illuminate/Container/Util.php(41): Illuminate/Container/BoundMethod::Illuminate/Container/{closure}()
#6 D:/xampp/htdocs/Laravel-Assessment/laravel-assessment/vendor/laravel/framework/src/Illuminate/Container/BoundMethod.php(81): Illuminate/Container/Util::unwrapIfClosure(Object(Closure))
#7 D:/xampp/htdocs/Laravel-Assessment/laravel-assessment/vendor/laravel/framework/src/Illuminate/Container/BoundMethod.php(37): Illuminate/Container/BoundMethod::callBoundMethod(Object(Illuminate/Foundation/Application), Object(Closure), Object(Closure))
#8 D:/xampp/htdocs/Laravel-Assessment/laravel-assessment/vendor/laravel/framework/src/Illuminate/Container/Container.php(662): Illuminate/Container/BoundMethod::call(Object(Illuminate/Foundation/Application), Object(Closure), Array, NULL)
#9 D:/xampp/htdocs/Laravel-Assessment/laravel-assessment/vendor/laravel/framework/src/Illuminate/Foundation/Support/Providers/RouteServiceProvider.php(120): Illuminate/Container/Container->call(Object(Closure))
#10 D:/xampp/htdocs/Laravel-Assessment/laravel-assessment/vendor/laravel/framework/src/Illuminate/Foundation/Support/Providers/RouteServiceProvider.php(45): Illuminate/Foundation/Support/Providers/RouteServiceProvider->loadRoutes()
#11 D:/xampp/htdocs/Laravel-Assessment/laravel-assessment/vendor/laravel/framework/src/Illuminate/Container/BoundMethod.php(36): Illuminate/Foundation/Support/Providers/RouteServiceProvider->Illuminate/Foundation/Support/Providers/{closure}()
#12 D:/xampp/htdocs/Laravel-Assessment/laravel-assessment/vendor/laravel/framework/src/Illuminate/Container/Util.php(41): Illuminate/Container/BoundMethod::Illuminate/Container/{closure}()
#13 D:/xampp/htdocs/Laravel-Assessment/laravel-assessment/vendor/laravel/framework/src/Illuminate/Container/BoundMethod.php(81): Illuminate/Container/Util::unwrapIfClosure(Object(Closure))
#14 D:/xampp/htdocs/Laravel-Assessment/laravel-assessment/vendor/laravel/framework/src/Illuminate/Container/BoundMethod.php(37): Illuminate/Container/BoundMethod::callBoundMethod(Object(Illuminate/Foundation/Application), Object(Closure), Object(Closure))
#15 D:/xampp/htdocs/Laravel-Assessment/laravel-assessment/vendor/laravel/framework/src/Illuminate/Container/Container.php(662): Illuminate/Container/BoundMethod::call(Object(Illuminate/Foundation/Application), Object(Closure), Array, NULL)
#16 D:/xampp/htdocs/Laravel-Assessment/laravel-assessment/vendor/laravel/framework/src/Illuminate/Support/ServiceProvider.php(119): Illuminate/Container/Container->call(Object(Closure))
#17 D:/xampp/htdocs/Laravel-Assessment/laravel-assessment/vendor/laravel/framework/src/Illuminate/Foundation/Application.php(1062): Illuminate/Support/ServiceProvider->callBootedCallbacks()
#18 D:/xampp/htdocs/Laravel-Assessment/laravel-assessment/vendor/laravel/framework/src/Illuminate/Foundation/Application.php(1040): Illuminate/Foundation/Application->bootProvider(Object(App/Providers/RouteServiceProvider))
#19 [internal function]: Illuminate/Foundation/Application->Illuminate/Foundation/{closure}(Object(App/Providers/RouteServiceProvider), 24)
#20 D:/xampp/htdocs/Laravel-Assessment/laravel-assessment/vendor/laravel/framework/src/Illuminate/Foundation/Application.php(1041): array_walk(Array, Object(Closure))
#21 D:/xampp/htdocs/Laravel-Assessment/laravel-assessment/vendor/laravel/framework/src/Illuminate/Foundation/Bootstrap/BootProviders.php(17): Illuminate/Foundation/Application->boot()
#22 D:/xampp/htdocs/Laravel-Assessment/laravel-assessment/vendor/laravel/framework/src/Illuminate/Foundation/Application.php(286): Illuminate/Foundation/Bootstrap/BootProviders->bootstrap(Object(Illuminate/Foundation/Application))
#23 D:/xampp/htdocs/Laravel-Assessment/laravel-assessment/vendor/laravel/framework/src/Illuminate/Foundation/Console/Kernel.php(447): Illuminate/Foundation/Application->bootstrapWith(Array)
#24 D:/xampp/htdocs/Laravel-Assessment/laravel-assessment/vendor/laravel/framework/src/Illuminate/Foundation/Console/Kernel.php(199): Illuminate/Foundation/Console/Kernel->bootstrap()
#25 D:/xampp/htdocs/Laravel-Assessment/laravel-assessment/artisan(37): Illuminate/Foundation/Console/Kernel->handle(Object(Symfony/Component/Console/Input/ArgvInput), Object(Symfony/Component/Console/Output/ConsoleOutput))
#26 {main}
"} 
[2026-09-30 05:24:42] local.ERROR: Unmatched '}' {"exception":"[object] (ParseError(code: 0): Unmatched '}' at D:/xampp/htdocs/Laravel-Assessment/laravel-assessment/routes/api.php:48)
[stacktrace]
#0 D:/xampp/htdocs/Laravel-Assessment/laravel-assessment/vendor/laravel/framework/src/Illuminate/Routing/Router.php(511): Illuminate/Routing/RouteFileRegistrar->register('D://xampp//htdocs...')
#1 D:/xampp/htdocs/Laravel-Assessment/laravel-assessment/vendor/laravel/framework/src/Illuminate/Routing/Router.php(465): Illuminate/Routing/Router->loadRoutes('D://xampp//htdocs...')
#2 D:/xampp/htdocs/Laravel-Assessment/laravel-assessment/vendor/laravel/framework/src/Illuminate/Routing/RouteRegistrar.php(194): Illuminate/Routing/Router->group(Array, 'D://xampp//htdocs...')
#3 D:/xampp/htdocs/Laravel-Assessment/laravel-assessment/app/Providers/RouteServiceProvider.php(34): Illuminate/Routing/RouteRegistrar->group('D://xampp//htdocs...')
#4 D:/xampp/htdocs/Laravel-Assessment/laravel-assessment/vendor/laravel/framework/src/Illuminate/Container/BoundMethod.php(36): App/Providers/RouteServiceProvider->App/Providers/{closure}()
#5 D:/xampp/htdocs/Laravel-Assessment/laravel-assessment/vendor/laravel/framework/src/Illuminate/Container/Util.php(41): Illuminate/Container/BoundMethod::Illuminate/Container/{closure}()
#6 D:/xampp/htdocs/Laravel-Assessment/laravel-assessment/vendor/laravel/framework/src/Illuminate/Container/BoundMethod.php(81): Illuminate/Container/Util::unwrapIfClosure(Object(Closure))
#7 D:/xampp/htdocs/Laravel-Assessment/laravel-assessment/vendor/laravel/framework/src/Illuminate/Container/BoundMethod.php(37): Illuminate/Container/BoundMethod::callBoundMethod(Object(Illuminate/Foundation/Application), Object(Closure), Object(Closure))
#8 D:/xampp/htdocs/Laravel-Assessment/laravel-assessment/vendor/laravel/framework/src/Illuminate/Container/Container.php(662): Illuminate/Container/BoundMethod::call(Object(Illuminate/Foundation/Application), Object(Closure), Array, NULL)
#9 D:/xampp/htdocs/Laravel-Assessment/laravel-assessment/vendor/laravel/framework/src/Illuminate/Foundation/Support/Providers/RouteServiceProvider.php(120): Illuminate/Container/Container->call(Object(Closure))
#10 D:/xampp/htdocs/Laravel-Assessment/laravel-assessment/vendor/laravel/framework/src/Illuminate/Foundation/Support/Providers/RouteServiceProvider.php(45): Illuminate/Foundation/Support/Providers/RouteServiceProvider->loadRoutes()
#11 D:/xampp/htdocs/Laravel-Assessment/laravel-assessment/vendor/laravel/framework/src/Illuminate/Container/BoundMethod.php(36): Illuminate/Foundation/Support/Providers/RouteServiceProvider->Illuminate/Foundation/Support/Providers/{closure}()
#12 D:/xampp/htdocs/Laravel-Assessment/laravel-assessment/vendor/laravel/framework/src/Illuminate/Container/Util.php(41): Illuminate/Container/BoundMethod::Illuminate/Container/{closure}()
#13 D:/xampp/htdocs/Laravel-Assessment/laravel-assessment/vendor/laravel/framework/src/Illuminate/Container/BoundMethod.php(81): Illuminate/Container/Util::unwrapIfClosure(Object(Closure))
#14 D:/xampp/htdocs/Laravel-Assessment/laravel-assessment/vendor/laravel/framework/src/Illuminate/Container/BoundMethod.php(37): Illuminate/Container/BoundMethod::callBoundMethod(Object(Illuminate/Foundation/Application), Object(Closure), Object(Closure))
#15 D:/xampp/htdocs/Laravel-Assessment/laravel-assessment/vendor/laravel/framework/src/Illuminate/Container/Container.php(662): Illuminate/Container/BoundMethod::call(Object(Illuminate/Foundation/Application), Object(Closure), Array, NULL)
#16 D:/xampp/htdocs/Laravel-Assessment/laravel-assessment/vendor/laravel/framework/src/Illuminate/Support/ServiceProvider.php(119): Illuminate/Container/Container->call(Object(Closure))
#17 D:/xampp/htdocs/Laravel-Assessment/laravel-assessment/vendor/laravel/framework/src/Illuminate/Foundation/Application.php(1062): Illuminate/Support/ServiceProvider->callBootedCallbacks()
#18 D:/xampp/htdocs/Laravel-Assessment/laravel-assessment/vendor/laravel/framework/src/Illuminate/Foundation/Application.php(1040): Illuminate/Foundation/Application->bootProvider(Object(App/Providers/RouteServiceProvider))
#19 [internal function]: Illuminate/Foundation/Application->Illuminate/Foundation/{closure}(Object(App/Providers/RouteServiceProvider), 24)
#20 D:/xampp/htdocs/Laravel-Assessment/laravel-assessment/vendor/laravel/framework/src/Illuminate/Foundation/Application.php(1041): array_walk(Array, Object(Closure))
#21 D:/xampp/htdocs/Laravel-Assessment/laravel-assessment/vendor/laravel/framework/src/Illuminate/Foundation/Bootstrap/BootProviders.php(17): Illuminate/Foundation/Application->boot()
#22 D:/xampp/htdocs/Laravel-Assessment/laravel-assessment/vendor/laravel/framework/src/Illuminate/Foundation/Application.php(286): Illuminate/Foundation/Bootstrap/BootProviders->bootstrap(Object(Illuminate/Foundation/Application))
#23 D:/xampp/htdocs/Laravel-Assessment/laravel-assessment/vendor/laravel/framework/src/Illuminate/Foundation/Console/Kernel.php(447): Illuminate/Foundation/Application->bootstrapWith(Array)
#24 D:/xampp/htdocs/Laravel-Assessment/laravel-assessment/vendor/laravel/framework/src/Illuminate/Foundation/Console/Kernel.php(199): Illuminate/Foundation/Console/Kernel->bootstrap()
#25 D:/xampp/htdocs/Laravel-Assessment/laravel-assessment/artisan(37): Illuminate/Foundation/Console/Kernel->handle(Object(Symfony/Component/Console/Input/ArgvInput), Object(Symfony/Component/Console/Output/ConsoleOutput))
#26 {main}
"} 
[2026-09-30 05:25:23] local.ERROR: SQLSTATE[HY000] [2002] No connection could be made because the target machine actively refused it (Connection: mysql, SQL: select * from `products`) {"exception":"[object] (Illuminate\\Database\\QueryException(code: 2002): SQLSTATE[HY000] [2002] No connection could be made because the target machine actively refused it (Connection: mysql, SQL: select * from `products`) at D:/xampp/htdocs/Laravel-Assessment/laravel-assessment/vendor/laravel/framework/src/Illuminate/Database/Connection.php:829)
[stacktrace]
#0 D:/xampp/htdocs/Laravel-Assessment/laravel-assessment/vendor/laravel/framework/src/Illuminate/Database/Connection.php(983): Illuminate/Database/Connection->runQueryCallback('select * from `...', Array, Object(Closure))
#1 D:/xampp/htdocs/Laravel-Assessment/laravel-assessment/vendor/laravel/framework/src/Illuminate/Database/Connection.php(963): Illuminate/Database/Connection->tryAgainIfCausedByLostConnection(Object(Illuminate/Database/QueryException), 'select * from `...', Array, Object(Closure))
#2 D:/xampp/htdocs/Laravel-Assessment/laravel-assessment/vendor/laravel/framework/src/Illuminate/Database/Connection.php(786): Illuminate/Database/Connection->handleQueryException(Object(Illuminate/Database/QueryException), 'select * from `...', Array, Object(Closure))
#3 D:/xampp/htdocs/Laravel-Assessment/laravel-assessment/vendor/laravel/framework/src/Illuminate/Database/Connection.php(431): Illuminate/Database/Connection->run('select * from `...', Array, Object(Closure))
#4 D:/xampp/htdocs/Laravel-Assessment/laravel-assessment/vendor/laravel/framework/src/Illuminate/Database/Query/Builder.php(2914): Illuminate/Database/Connection->select('select * from `...', Array, true)
#5 D:/xampp/htdocs/Laravel-Assessment/laravel-assessment/vendor/laravel/framework/src/Illuminate/Database/Query/Builder.php(2902): Illuminate/Database/Query/Builder->runSelect()
#6 D:/xampp/htdocs/Laravel-Assessment/laravel-assessment/vendor/laravel/framework/src/Illuminate/Database/Query/Builder.php(3456): Illuminate/Database/Query/Builder->Illuminate/Database/Query/{closure}()
#7 D:/xampp/htdocs/Laravel-Assessment/laravel-assessment/vendor/laravel/framework/src/Illuminate/Database/Query/Builder.php(2903): Illuminate/Database/Query/Builder->onceWithColumns(Array, Object(Closure))
#8 D:/xampp/htdocs/Laravel-Assessment/laravel-assessment/app/Http/Controllers/Api/ProductController.php(68): Illuminate/Database/Query/Builder->get()
#9 D:/xampp/htdocs/Laravel-Assessment/laravel-assessment/vendor/laravel/framework/src/Illuminate/Routing/Controller.php(54): App/Http/Controllers/Api/ProductController->getProducts()
#10 D:/xampp/htdocs/Laravel-Assessment/laravel-assessment/vendor/laravel/framework/src/Illuminate/Routing/ControllerDispatcher.php(43): Illuminate/Routing/Controller->callAction('getProducts', Array)
#11 D:/xampp/htdocs/Laravel-Assessment/laravel-assessment/vendor/laravel/framework/src/Illuminate/Routing/Route.php(260): Illuminate/Routing/ControllerDispatcher->dispatch(Object(Illuminate/Routing/Route), Object(App/Http/Controllers/Api/ProductController), 'getProducts')
#12 D:/xampp/htdocs/Laravel-Assessment/laravel-assessment/vendor/laravel/framework/src/Illuminate/Routing/Route.php(205): Illuminate/Routing/Route->runController()
#13 D:/xampp/htdocs/Laravel-Assessment/laravel-assessment/vendor/laravel/framework/src/Illuminate/Routing/Router.php(806): Illuminate/Routing/Route->run()
#14 D:/xampp/htdocs/Laravel-Assessment/laravel-assessment/vendor/laravel/framework/src/Illuminate/Pipeline/Pipeline.php(144): Illuminate/Routing/Router->Illuminate/Routing/{closure}(Object(Illuminate/Http/Request))
#15 D:/xampp/htdocs/Laravel-Assessment/laravel-assessment/vendor/laravel/framework/src/Illuminate/Routing/Middleware/SubstituteBindings.php(50): Illuminate/Pipeline/Pipeline->Illuminate/Pipeline/{closure}(Object(Illuminate/Http/Request))
#16 D:/xampp/htdocs/Laravel-Assessment/laravel-assessment/vendor/laravel/framework/src/Illuminate/Pipeline/Pipeline.php(183): Illuminate/Routing/Middleware/SubstituteBindings->handle(Object(Illuminate/Http/Request), Object(Closure))
#17 D:/xampp/htdocs/Laravel-Assessment/laravel-assessment/vendor/laravel/framework/src/Illuminate/Routing/Middleware/ThrottleRequests.php(159): Illuminate/Pipeline/Pipeline->Illuminate/Pipeline/{closure}(Object(Illuminate/Http/Request))
#18 D:/xampp/htdocs/Laravel-Assessment/laravel-assessment/vendor/laravel/framework/src/Illuminate/Routing/Middleware/ThrottleRequests.php(135): Illuminate/Routing/Middleware/ThrottleRequests->handleRequest(Object(Illuminate/Http/Request), Object(Closure), Array)
#19 D:/xampp/htdocs/Laravel-Assessment/laravel-assessment/vendor/laravel/framework/src/Illuminate/Routing/Middleware/ThrottleRequests.php(87): Illuminate/Routing/Middleware/ThrottleRequests->handleRequestUsingNamedLimiter(Object(Illuminate/Http/Request), Object(Closure), 'api', Object(Closure))
#20 D:/xampp/htdocs/Laravel-Assessment/laravel-assessment/vendor/laravel/framework/src/Illuminate/Pipeline/Pipeline.php(183): Illuminate/Routing/Middleware/ThrottleRequests->handle(Object(Illuminate/Http/Request), Object(Closure), 'api')
#21 D:/xampp/htdocs/Laravel-Assessment/laravel-assessment/vendor/laravel/framework/src/Illuminate/Pipeline/Pipeline.php(119): Illuminate/Pipeline/Pipeline->Illuminate/Pipeline/{closure}(Object(Illuminate/Http/Request))
#22 D:/xampp/htdocs/Laravel-Assessment/laravel-assessment/vendor/laravel/framework/src/Illuminate/Routing/Router.php(807): Illuminate/Pipeline/Pipeline->then(Object(Closure))
#23 D:/xampp/htdocs/Laravel-Assessment/laravel-assessment/vendor/laravel/framework/src/Illuminate/Routing/Router.php(784): Illuminate/Routing/Router->runRouteWithinStack(Object(Illuminate/Routing/Route), Object(Illuminate/Http/Request))
#24 D:/xampp/htdocs/Laravel-Assessment/laravel-assessment/vendor/laravel/framework/src/Illuminate/Routing/Router.php(748): Illuminate/Routing/Router->runRoute(Object(Illuminate/Http/Request), Object(Illuminate/Routing/Route))
#25 D:/xampp/htdocs/Laravel-Assessment/laravel-assessment/vendor/laravel/framework/src/Illuminate/Routing/Router.php(737): Illuminate/Routing/Router->dispatchToRoute(Object(Illuminate/Http/Request))
#26 D:/xampp/htdocs/Laravel-Assessment/laravel-assessment/vendor/laravel/framework/src/Illuminate/Foundation/Http/Kernel.php(200): Illuminate/Routing/Router->dispatch(Object(Illuminate/Http/Request))
#27 D:/xampp/htdocs/Laravel-Assessment/laravel-assessment/vendor/laravel/framework/src/Illuminate/Pipeline/Pipeline.php(144): Illuminate/Foundation/Http/Kernel->Illuminate/Foundation/Http/{closure}(Object(Illuminate/Http/Request))
#28 D:/xampp/htdocs/Laravel-Assessment/laravel-assessment/vendor/laravel/framework/src/Illuminate/Foundation/Http/Middleware/TransformsRequest.php(21): Illuminate/Pipeline/Pipeline->Illuminate/Pipeline/{closure}(Object(Illuminate/Http/Request))
#29 D:/xampp/htdocs/Laravel-Assessment/laravel-assessment/vendor/laravel/framework/src/Illuminate/Foundation/Http/Middleware/ConvertEmptyStringsToNull.php(31): Illuminate/Foundation/Http/Middleware/TransformsRequest->handle(Object(Illuminate/Http/Request), Object(Closure))
#30 D:/xampp/htdocs/Laravel-Assessment/laravel-assessment/vendor/laravel/framework/src/Illuminate/Pipeline/Pipeline.php(183): Illuminate/Foundation/Http/Middleware/ConvertEmptyStringsToNull->handle(Object(Illuminate/Http/Request), Object(Closure))
#31 D:/xampp/htdocs/Laravel-Assessment/laravel-assessment/vendor/laravel/framework/src/Illuminate/Foundation/Http/Middleware/TransformsRequest.php(21): Illuminate/Pipeline/Pipeline->Illuminate/Pipeline/{closure}(Object(Illuminate/Http/Request))
#32 D:/xampp/htdocs/Laravel-Assessment/laravel-assessment/vendor/laravel/framework/src/Illuminate/Foundation/Http/Middleware/TrimStrings.php(40): Illuminate/Foundation/Http/Middleware/TransformsRequest->handle(Object(Illuminate/Http/Request), Object(Closure))
#33 D:/xampp/htdocs/Laravel-Assessment/laravel-assessment/vendor/laravel/framework/src/Illuminate/Pipeline/Pipeline.php(183): Illuminate/Foundation/Http/Middleware/TrimStrings->handle(Object(Illuminate/Http/Request), Object(Closure))
#34 D:/xampp/htdocs/Laravel-Assessment/laravel-assessment/vendor/laravel/framework/src/Illuminate/Foundation/Http/Middleware/ValidatePostSize.php(27): Illuminate/Pipeline/Pipeline->Illuminate/Pipeline/{closure}(Object(Illuminate/Http/Request))
#35 D:/xampp/htdocs/Laravel-Assessment/laravel-assessment/vendor/laravel/framework/src/Illuminate/Pipeline/Pipeline.php(183): Illuminate/Foundation/Http/Middleware/ValidatePostSize->handle(Object(Illuminate/Http/Request), Object(Closure))
#36 D:/xampp/htdocs/Laravel-Assessment/laravel-assessment/vendor/laravel/framework/src/Illuminate/Foundation/Http/Middleware/PreventRequestsDuringMaintenance.php(99): Illuminate/Pipeline/Pipeline->Illuminate/Pipeline/{closure}(Object(Illuminate/Http/Request))
#37 D:/xampp/htdocs/Laravel-Assessment/laravel-assessment/vendor/laravel/framework/src/Illuminate/Pipeline/Pipeline.php(183): Illuminate/Foundation/Http/Middleware/PreventRequestsDuringMaintenance->handle(Object(Illuminate/Http/Request), Object(Closure))
#38 D:/xampp/htdocs/Laravel-Assessment/laravel-assessment/vendor/laravel/framework/src/Illuminate/Http/Middleware/HandleCors.php(62): Illuminate/Pipeline/Pipeline->Illuminate/Pipeline/{closure}(Object(Illuminate/Http/Request))
#39 D:/xampp/htdocs/Laravel-Assessment/laravel-assessment/vendor/laravel/framework/src/Illuminate/Pipeline/Pipeline.php(183): Illuminate/Http/Middleware/HandleCors->handle(Object(Illuminate/Http/Request), Object(Closure))
#40 D:/xampp/htdocs/Laravel-Assessment/laravel-assessment/vendor/laravel/framework/src/Illuminate/Http/Middleware/TrustProxies.php(39): Illuminate/Pipeline/Pipeline->Illuminate/Pipeline/{closure}(Object(Illuminate/Http/Request))
#41 D:/xampp/htdocs/Laravel-Assessment/laravel-assessment/vendor/laravel/framework/src/Illuminate/Pipeline/Pipeline.php(183): Illuminate/Http/Middleware/TrustProxies->handle(Object(Illuminate/Http/Request), Object(Closure))
#42 D:/xampp/htdocs/Laravel-Assessment/laravel-assessment/vendor/laravel/framework/src/Illuminate/Pipeline/Pipeline.php(119): Illuminate/Pipeline/Pipeline->Illuminate/Pipeline/{closure}(Object(Illuminate/Http/Request))
#43 D:/xampp/htdocs/Laravel-Assessment/laravel-assessment/vendor/laravel/framework/src/Illuminate/Foundation/Http/Kernel.php(175): Illuminate/Pipeline/Pipeline->then(Object(Closure))
#44 D:/xampp/htdocs/Laravel-Assessment/laravel-assessment/vendor/laravel/framework/src/Illuminate/Foundation/Http/Kernel.php(144): Illuminate/Foundation/Http/Kernel->sendRequestThroughRouter(Object(Illuminate/Http/Request))
#45 D:/xampp/htdocs/Laravel-Assessment/laravel-assessment/public/index.php(52): Illuminate/Foundation/Http/Kernel->handle(Object(Illuminate/Http/Request))
#46 D:/xampp/htdocs/Laravel-Assessment/laravel-assessment/vendor/laravel/framework/src/Illuminate/Foundation/resources/server.php(16): require_once('D://xampp//htdocs...')
#47 {main}

[previous exception] [object] (PDOException(code: 2002): SQLSTATE[HY000] [2002] No connection could be made because the target machine actively refused it at D:/xampp/htdocs/Laravel-Assessment/laravel-assessment/vendor/laravel/framework/src/Illuminate/Database/Connectors/Connector.php:65)
[stacktrace]
#0 D:/xampp/htdocs/Laravel-Assessment/laravel-assessment/vendor/laravel/framework/src/Illuminate/Database/Connectors/Connector.php(65): PDO->__construct('mysql:host=127....', 'root', '', Array)
#1 D:/xampp/htdocs/Laravel-Assessment/laravel-assessment/vendor/laravel/framework/src/Illuminate/Database/Connectors/Connector.php(83): Illuminate/Database/Connectors/Connector->createPdoConnection('mysql:host=127....', 'root', '', Array)
#2 D:/xampp/htdocs/Laravel-Assessment/laravel-assessment/vendor/laravel/framework/src/Illuminate/Database/Connectors/Connector.php(49): Illuminate/Database/Connectors/Connector->tryAgainIfCausedByLostConnection(Object(PDOException), 'mysql:host=127....', 'root', '', Array)
#3 D:/xampp/htdocs/Laravel-Assessment/laravel-assessment/vendor/laravel/framework/src/Illuminate/Database/Connectors/MySqlConnector.php(24): Illuminate/Database/Connectors/Connector->createConnection('mysql:host=127....', Array, Array)
#4 D:/xampp/htdocs/Laravel-Assessment/laravel-assessment/vendor/laravel/framework/src/Illuminate/Database/Connectors/ConnectionFactory.php(184): Illuminate/Database/Connectors/MySqlConnector->connect(Array)
#5 [internal function]: Illuminate/Database/Connectors/ConnectionFactory->Illuminate/Database/Connectors/{closure}()
#6 D:/xampp/htdocs/Laravel-Assessment/laravel-assessment/vendor/laravel/framework/src/Illuminate/Database/Connection.php(1339): call_user_func(Object(Closure))
#7 D:/xampp/htdocs/Laravel-Assessment/laravel-assessment/vendor/laravel/framework/src/Illuminate/Database/Connection.php(1375): Illuminate/Database/Connection->getPdo()
#8 D:/xampp/htdocs/Laravel-Assessment/laravel-assessment/vendor/laravel/framework/src/Illuminate/Database/Connection.php(528): Illuminate/Database/Connection->getReadPdo()
#9 D:/xampp/htdocs/Laravel-Assessment/laravel-assessment/vendor/laravel/framework/src/Illuminate/Database/Connection.php(423): Illuminate/Database/Connection->getPdoForSelect(true)
#10 D:/xampp/htdocs/Laravel-Assessment/laravel-assessment/vendor/laravel/framework/src/Illuminate/Database/Connection.php(816): Illuminate/Database/Connection->Illuminate/Database/{closure}('select * from `...', Array)
#11 D:/xampp/htdocs/Laravel-Assessment/laravel-assessment/vendor/laravel/framework/src/Illuminate/Database/Connection.php(983): Illuminate/Database/Connection->runQueryCallback('select * from `...', Array, Object(Closure))
#12 D:/xampp/htdocs/Laravel-Assessment/laravel-assessment/vendor/laravel/framework/src/Illuminate/Database/Connection.php(963): Illuminate/Database/Connection->tryAgainIfCausedByLostConnection(Object(Illuminate/Database/QueryException), 'select * from `...', Array, Object(Closure))
#13 D:/xampp/htdocs/Laravel-Assessment/laravel-assessment/vendor/laravel/framework/src/Illuminate/Database/Connection.php(786): Illuminate/Database/Connection->handleQueryException(Object(Illuminate/Database/QueryException), 'select * from `...', Array, Object(Closure))
#14 D:/xampp/htdocs/Laravel-Assessment/laravel-assessment/vendor/laravel/framework/src/Illuminate/Database/Connection.php(431): Illuminate/Database/Connection->run('select * from `...', Array, Object(Closure))
#15 D:/xampp/htdocs/Laravel-Assessment/laravel-assessment/vendor/laravel/framework/src/Illuminate/Database/Query/Builder.php(2914): Illuminate/Database/Connection->select('select * from `...', Array, true)
#16 D:/xampp/htdocs/Laravel-Assessment/laravel-assessment/vendor/laravel/framework/src/Illuminate/Database/Query/Builder.php(2902): Illuminate/Database/Query/Builder->runSelect()
#17 D:/xampp/htdocs/Laravel-Assessment/laravel-assessment/vendor/laravel/framework/src/Illuminate/Database/Query/Builder.php(3456): Illuminate/Database/Query/Builder->Illuminate/Database/Query/{closure}()
#18 D:/xampp/htdocs/Laravel-Assessment/laravel-assessment/vendor/laravel/framework/src/Illuminate/Database/Query/Builder.php(2903): Illuminate/Database/Query/Builder->onceWithColumns(Array, Object(Closure))
#19 D:/xampp/htdocs/Laravel-Assessment/laravel-assessment/app/Http/Controllers/Api/ProductController.php(68): Illuminate/Database/Query/Builder->get()
#20 D:/xampp/htdocs/Laravel-Assessment/laravel-assessment/vendor/laravel/framework/src/Illuminate/Routing/Controller.php(54): App/Http/Controllers/Api/ProductController->getProducts()
#21 D:/xampp/htdocs/Laravel-Assessment/laravel-assessment/vendor/laravel/framework/src/Illuminate/Routing/ControllerDispatcher.php(43): Illuminate/Routing/Controller->callAction('getProducts', Array)
#22 D:/xampp/htdocs/Laravel-Assessment/laravel-assessment/vendor/laravel/framework/src/Illuminate/Routing/Route.php(260): Illuminate/Routing/ControllerDispatcher->dispatch(Object(Illuminate/Routing/Route), Object(App/Http/Controllers/Api/ProductController), 'getProducts')
#23 D:/xampp/htdocs/Laravel-Assessment/laravel-assessment/vendor/laravel/framework/src/Illuminate/Routing/Route.php(205): Illuminate/Routing/Route->runController()
#24 D:/xampp/htdocs/Laravel-Assessment/laravel-assessment/vendor/laravel/framework/src/Illuminate/Routing/Router.php(806): Illuminate/Routing/Route->run()
#25 D:/xampp/htdocs/Laravel-Assessment/laravel-assessment/vendor/laravel/framework/src/Illuminate/Pipeline/Pipeline.php(144): Illuminate/Routing/Router->Illuminate/Routing/{closure}(Object(Illuminate/Http/Request))
#26 D:/xampp/htdocs/Laravel-Assessment/laravel-assessment/vendor/laravel/framework/src/Illuminate/Routing/Middleware/SubstituteBindings.php(50): Illuminate/Pipeline/Pipeline->Illuminate/Pipeline/{closure}(Object(Illuminate/Http/Request))
#27 D:/xampp/htdocs/Laravel-Assessment/laravel-assessment/vendor/laravel/framework/src/Illuminate/Pipeline/Pipeline.php(183): Illuminate/Routing/Middleware/SubstituteBindings->handle(Object(Illuminate/Http/Request), Object(Closure))
#28 D:/xampp/htdocs/Laravel-Assessment/laravel-assessment/vendor/laravel/framework/src/Illuminate/Routing/Middleware/ThrottleRequests.php(159): Illuminate/Pipeline/Pipeline->Illuminate/Pipeline/{closure}(Object(Illuminate/Http/Request))
#29 D:/xampp/htdocs/Laravel-Assessment/laravel-assessment/vendor/laravel/framework/src/Illuminate/Routing/Middleware/ThrottleRequests.php(135): Illuminate/Routing/Middleware/ThrottleRequests->handleRequest(Object(Illuminate/Http/Request), Object(Closure), Array)
#30 D:/xampp/htdocs/Laravel-Assessment/laravel-assessment/vendor/laravel/framework/src/Illuminate/Routing/Middleware/ThrottleRequests.php(87): Illuminate/Routing/Middleware/ThrottleRequests->handleRequestUsingNamedLimiter(Object(Illuminate/Http/Request), Object(Closure), 'api', Object(Closure))
#31 D:/xampp/htdocs/Laravel-Assessment/laravel-assessment/vendor/laravel/framework/src/Illuminate/Pipeline/Pipeline.php(183): Illuminate/Routing/Middleware/ThrottleRequests->handle(Object(Illuminate/Http/Request), Object(Closure), 'api')
#32 D:/xampp/htdocs/Laravel-Assessment/laravel-assessment/vendor/laravel/framework/src/Illuminate/Pipeline/Pipeline.php(119): Illuminate/Pipeline/Pipeline->Illuminate/Pipeline/{closure}(Object(Illuminate/Http/Request))
#33 D:/xampp/htdocs/Laravel-Assessment/laravel-assessment/vendor/laravel/framework/src/Illuminate/Routing/Router.php(807): Illuminate/Pipeline/Pipeline->then(Object(Closure))
#34 D:/xampp/htdocs/Laravel-Assessment/laravel-assessment/vendor/laravel/framework/src/Illuminate/Routing/Router.php(784): Illuminate/Routing/Router->runRouteWithinStack(Object(Illuminate/Routing/Route), Object(Illuminate/Http/Request))
#35 D:/xampp/htdocs/Laravel-Assessment/laravel-assessment/vendor/laravel/framework/src/Illuminate/Routing/Router.php(748): Illuminate/Routing/Router->runRoute(Object(Illuminate/Http/Request), Object(Illuminate/Routing/Route))
#36 D:/xampp/htdocs/Laravel-Assessment/laravel-assessment/vendor/laravel/framework/src/Illuminate/Routing/Router.php(737): Illuminate/Routing/Router->dispatchToRoute(Object(Illuminate/Http/Request))
#37 D:/xampp/htdocs/Laravel-Assessment/laravel-assessment/vendor/laravel/framework/src/Illuminate/Foundation/Http/Kernel.php(200): Illuminate/Routing/Router->dispatch(Object(Illuminate/Http/Request))
#38 D:/xampp/htdocs/Laravel-Assessment/laravel-assessment/vendor/laravel/framework/src/Illuminate/Pipeline/Pipeline.php(144): Illuminate/Foundation/Http/Kernel->Illuminate/Foundation/Http/{closure}(Object(Illuminate/Http/Request))
#39 D:/xampp/htdocs/Laravel-Assessment/laravel-assessment/vendor/laravel/framework/src/Illuminate/Foundation/Http/Middleware/TransformsRequest.php(21): Illuminate/Pipeline/Pipeline->Illuminate/Pipeline/{closure}(Object(Illuminate/Http/Request))
#40 D:/xampp/htdocs/Laravel-Assessment/laravel-assessment/vendor/laravel/framework/src/Illuminate/Foundation/Http/Middleware/ConvertEmptyStringsToNull.php(31): Illuminate/Foundation/Http/Middleware/TransformsRequest->handle(Object(Illuminate/Http/Request), Object(Closure))
#41 D:/xampp/htdocs/Laravel-Assessment/laravel-assessment/vendor/laravel/framework/src/Illuminate/Pipeline/Pipeline.php(183): Illuminate/Foundation/Http/Middleware/ConvertEmptyStringsToNull->handle(Object(Illuminate/Http/Request), Object(Closure))
#42 D:/xampp/htdocs/Laravel-Assessment/laravel-assessment/vendor/laravel/framework/src/Illuminate/Foundation/Http/Middleware/TransformsRequest.php(21): Illuminate/Pipeline/Pipeline->Illuminate/Pipeline/{closure}(Object(Illuminate/Http/Request))
#43 D:/xampp/htdocs/Laravel-Assessment/laravel-assessment/vendor/laravel/framework/src/Illuminate/Foundation/Http/Middleware/TrimStrings.php(40): Illuminate/Foundation/Http/Middleware/TransformsRequest->handle(Object(Illuminate/Http/Request), Object(Closure))
#44 D:/xampp/htdocs/Laravel-Assessment/laravel-assessment/vendor/laravel/framework/src/Illuminate/Pipeline/Pipeline.php(183): Illuminate/Foundation/Http/Middleware/TrimStrings->handle(Object(Illuminate/Http/Request), Object(Closure))
#45 D:/xampp/htdocs/Laravel-Assessment/laravel-assessment/vendor/laravel/framework/src/Illuminate/Foundation/Http/Middleware/ValidatePostSize.php(27): Illuminate/Pipeline/Pipeline->Illuminate/Pipeline/{closure}(Object(Illuminate/Http/Request))
#46 D:/xampp/htdocs/Laravel-Assessment/laravel-assessment/vendor/laravel/framework/src/Illuminate/Pipeline/Pipeline.php(183): Illuminate/Foundation/Http/Middleware/ValidatePostSize->handle(Object(Illuminate/Http/Request), Object(Closure))
#47 D:/xampp/htdocs/Laravel-Assessment/laravel-assessment/vendor/laravel/framework/src/Illuminate/Foundation/Http/Middleware/PreventRequestsDuringMaintenance.php(99): Illuminate/Pipeline/Pipeline->Illuminate/Pipeline/{closure}(Object(Illuminate/Http/Request))
#48 D:/xampp/htdocs/Laravel-Assessment/laravel-assessment/vendor/laravel/framework/src/Illuminate/Pipeline/Pipeline.php(183): Illuminate/Foundation/Http/Middleware/PreventRequestsDuringMaintenance->handle(Object(Illuminate/Http/Request), Object(Closure))
#49 D:/xampp/htdocs/Laravel-Assessment/laravel-assessment/vendor/laravel/framework/src/Illuminate/Http/Middleware/HandleCors.php(62): Illuminate/Pipeline/Pipeline->Illuminate/Pipeline/{closure}(Object(Illuminate/Http/Request))
#50 D:/xampp/htdocs/Laravel-Assessment/laravel-assessment/vendor/laravel/framework/src/Illuminate/Pipeline/Pipeline.php(183): Illuminate/Http/Middleware/HandleCors->handle(Object(Illuminate/Http/Request), Object(Closure))
#51 D:/xampp/htdocs/Laravel-Assessment/laravel-assessment/vendor/laravel/framework/src/Illuminate/Http/Middleware/TrustProxies.php(39): Illuminate/Pipeline/Pipeline->Illuminate/Pipeline/{closure}(Object(Illuminate/Http/Request))
#52 D:/xampp/htdocs/Laravel-Assessment/laravel-assessment/vendor/laravel/framework/src/Illuminate/Pipeline/Pipeline.php(183): Illuminate/Http/Middleware/TrustProxies->handle(Object(Illuminate/Http/Request), Object(Closure))
#53 D:/xampp/htdocs/Laravel-Assessment/laravel-assessment/vendor/laravel/framework/src/Illuminate/Pipeline/Pipeline.php(119): Illuminate/Pipeline/Pipeline->Illuminate/Pipeline/{closure}(Object(Illuminate/Http/Request))
#54 D:/xampp/htdocs/Laravel-Assessment/laravel-assessment/vendor/laravel/framework/src/Illuminate/Foundation/Http/Kernel.php(175): Illuminate/Pipeline/Pipeline->then(Object(Closure))
#55 D:/xampp/htdocs/Laravel-Assessment/laravel-assessment/vendor/laravel/framework/src/Illuminate/Foundation/Http/Kernel.php(144): Illuminate/Foundation/Http/Kernel->sendRequestThroughRouter(Object(Illuminate/Http/Request))
#56 D:/xampp/htdocs/Laravel-Assessment/laravel-assessment/public/index.php(52): Illuminate/Foundation/Http/Kernel->handle(Object(Illuminate/Http/Request))
#57 D:/xampp/htdocs/Laravel-Assessment/laravel-assessment/vendor/laravel/framework/src/Illuminate/Foundation/resources/server.php(16): require_once('D://xampp//htdocs...')
#58 {main}
"} 
[2026-09-30 05:25:32] local.ERROR: SQLSTATE[HY000] [2002] No connection could be made because the target machine actively refused it (Connection: mysql, SQL: select * from `products`) {"exception":"[object] (Illuminate\\Database\\QueryException(code: 2002): SQLSTATE[HY000] [2002] No connection could be made because the target machine actively refused it (Connection: mysql, SQL: select * from `products`) at D:/xampp/htdocs/Laravel-Assessment/laravel-assessment/vendor/laravel/framework/src/Illuminate/Database/Connection.php:829)
[stacktrace]
#0 D:/xampp/htdocs/Laravel-Assessment/laravel-assessment/vendor/laravel/framework/src/Illuminate/Database/Connection.php(983): Illuminate/Database/Connection->runQueryCallback('select * from `...', Array, Object(Closure))
#1 D:/xampp/htdocs/Laravel-Assessment/laravel-assessment/vendor/laravel/framework/src/Illuminate/Database/Connection.php(963): Illuminate/Database/Connection->tryAgainIfCausedByLostConnection(Object(Illuminate/Database/QueryException), 'select * from `...', Array, Object(Closure))
#2 D:/xampp/htdocs/Laravel-Assessment/laravel-assessment/vendor/laravel/framework/src/Illuminate/Database/Connection.php(786): Illuminate/Database/Connection->handleQueryException(Object(Illuminate/Database/QueryException), 'select * from `...', Array, Object(Closure))
#3 D:/xampp/htdocs/Laravel-Assessment/laravel-assessment/vendor/laravel/framework/src/Illuminate/Database/Connection.php(431): Illuminate/Database/Connection->run('select * from `...', Array, Object(Closure))
#4 D:/xampp/htdocs/Laravel-Assessment/laravel-assessment/vendor/laravel/framework/src/Illuminate/Database/Query/Builder.php(2914): Illuminate/Database/Connection->select('select * from `...', Array, true)
#5 D:/xampp/htdocs/Laravel-Assessment/laravel-assessment/vendor/laravel/framework/src/Illuminate/Database/Query/Builder.php(2902): Illuminate/Database/Query/Builder->runSelect()
#6 D:/xampp/htdocs/Laravel-Assessment/laravel-assessment/vendor/laravel/framework/src/Illuminate/Database/Query/Builder.php(3456): Illuminate/Database/Query/Builder->Illuminate/Database/Query/{closure}()
#7 D:/xampp/htdocs/Laravel-Assessment/laravel-assessment/vendor/laravel/framework/src/Illuminate/Database/Query/Builder.php(2903): Illuminate/Database/Query/Builder->onceWithColumns(Array, Object(Closure))
#8 D:/xampp/htdocs/Laravel-Assessment/laravel-assessment/app/Http/Controllers/Api/ProductController.php(68): Illuminate/Database/Query/Builder->get()
#9 D:/xampp/htdocs/Laravel-Assessment/laravel-assessment/vendor/laravel/framework/src/Illuminate/Routing/Controller.php(54): App/Http/Controllers/Api/ProductController->getProducts()
#10 D:/xampp/htdocs/Laravel-Assessment/laravel-assessment/vendor/laravel/framework/src/Illuminate/Routing/ControllerDispatcher.php(43): Illuminate/Routing/Controller->callAction('getProducts', Array)
#11 D:/xampp/htdocs/Laravel-Assessment/laravel-assessment/vendor/laravel/framework/src/Illuminate/Routing/Route.php(260): Illuminate/Routing/ControllerDispatcher->dispatch(Object(Illuminate/Routing/Route), Object(App/Http/Controllers/Api/ProductController), 'getProducts')
#12 D:/xampp/htdocs/Laravel-Assessment/laravel-assessment/vendor/laravel/framework/src/Illuminate/Routing/Route.php(205): Illuminate/Routing/Route->runController()
#13 D:/xampp/htdocs/Laravel-Assessment/laravel-assessment/vendor/laravel/framework/src/Illuminate/Routing/Router.php(806): Illuminate/Routing/Route->run()
#14 D:/xampp/htdocs/Laravel-Assessment/laravel-assessment/vendor/laravel/framework/src/Illuminate/Pipeline/Pipeline.php(144): Illuminate/Routing/Router->Illuminate/Routing/{closure}(Object(Illuminate/Http/Request))
#15 D:/xampp/htdocs/Laravel-Assessment/laravel-assessment/vendor/laravel/framework/src/Illuminate/Routing/Middleware/SubstituteBindings.php(50): Illuminate/Pipeline/Pipeline->Illuminate/Pipeline/{closure}(Object(Illuminate/Http/Request))
#16 D:/xampp/htdocs/Laravel-Assessment/laravel-assessment/vendor/laravel/framework/src/Illuminate/Pipeline/Pipeline.php(183): Illuminate/Routing/Middleware/SubstituteBindings->handle(Object(Illuminate/Http/Request), Object(Closure))
#17 D:/xampp/htdocs/Laravel-Assessment/laravel-assessment/vendor/laravel/framework/src/Illuminate/Routing/Middleware/ThrottleRequests.php(159): Illuminate/Pipeline/Pipeline->Illuminate/Pipeline/{closure}(Object(Illuminate/Http/Request))
#18 D:/xampp/htdocs/Laravel-Assessment/laravel-assessment/vendor/laravel/framework/src/Illuminate/Routing/Middleware/ThrottleRequests.php(135): Illuminate/Routing/Middleware/ThrottleRequests->handleRequest(Object(Illuminate/Http/Request), Object(Closure), Array)
#19 D:/xampp/htdocs/Laravel-Assessment/laravel-assessment/vendor/laravel/framework/src/Illuminate/Routing/Middleware/ThrottleRequests.php(87): Illuminate/Routing/Middleware/ThrottleRequests->handleRequestUsingNamedLimiter(Object(Illuminate/Http/Request), Object(Closure), 'api', Object(Closure))
#20 D:/xampp/htdocs/Laravel-Assessment/laravel-assessment/vendor/laravel/framework/src/Illuminate/Pipeline/Pipeline.php(183): Illuminate/Routing/Middleware/ThrottleRequests->handle(Object(Illuminate/Http/Request), Object(Closure), 'api')
#21 D:/xampp/htdocs/Laravel-Assessment/laravel-assessment/vendor/laravel/framework/src/Illuminate/Pipeline/Pipeline.php(119): Illuminate/Pipeline/Pipeline->Illuminate/Pipeline/{closure}(Object(Illuminate/Http/Request))
#22 D:/xampp/htdocs/Laravel-Assessment/laravel-assessment/vendor/laravel/framework/src/Illuminate/Routing/Router.php(807): Illuminate/Pipeline/Pipeline->then(Object(Closure))
#23 D:/xampp/htdocs/Laravel-Assessment/laravel-assessment/vendor/laravel/framework/src/Illuminate/Routing/Router.php(784): Illuminate/Routing/Router->runRouteWithinStack(Object(Illuminate/Routing/Route), Object(Illuminate/Http/Request))
#24 D:/xampp/htdocs/Laravel-Assessment/laravel-assessment/vendor/laravel/framework/src/Illuminate/Routing/Router.php(748): Illuminate/Routing/Router->runRoute(Object(Illuminate/Http/Request), Object(Illuminate/Routing/Route))
#25 D:/xampp/htdocs/Laravel-Assessment/laravel-assessment/vendor/laravel/framework/src/Illuminate/Routing/Router.php(737): Illuminate/Routing/Router->dispatchToRoute(Object(Illuminate/Http/Request))
#26 D:/xampp/htdocs/Laravel-Assessment/laravel-assessment/vendor/laravel/framework/src/Illuminate/Foundation/Http/Kernel.php(200): Illuminate/Routing/Router->dispatch(Object(Illuminate/Http/Request))
#27 D:/xampp/htdocs/Laravel-Assessment/laravel-assessment/vendor/laravel/framework/src/Illuminate/Pipeline/Pipeline.php(144): Illuminate/Foundation/Http/Kernel->Illuminate/Foundation/Http/{closure}(Object(Illuminate/Http/Request))
#28 D:/xampp/htdocs/Laravel-Assessment/laravel-assessment/vendor/laravel/framework/src/Illuminate/Foundation/Http/Middleware/TransformsRequest.php(21): Illuminate/Pipeline/Pipeline->Illuminate/Pipeline/{closure}(Object(Illuminate/Http/Request))
#29 D:/xampp/htdocs/Laravel-Assessment/laravel-assessment/vendor/laravel/framework/src/Illuminate/Foundation/Http/Middleware/ConvertEmptyStringsToNull.php(31): Illuminate/Foundation/Http/Middleware/TransformsRequest->handle(Object(Illuminate/Http/Request), Object(Closure))
#30 D:/xampp/htdocs/Laravel-Assessment/laravel-assessment/vendor/laravel/framework/src/Illuminate/Pipeline/Pipeline.php(183): Illuminate/Foundation/Http/Middleware/ConvertEmptyStringsToNull->handle(Object(Illuminate/Http/Request), Object(Closure))
#31 D:/xampp/htdocs/Laravel-Assessment/laravel-assessment/vendor/laravel/framework/src/Illuminate/Foundation/Http/Middleware/TransformsRequest.php(21): Illuminate/Pipeline/Pipeline->Illuminate/Pipeline/{closure}(Object(Illuminate/Http/Request))
#32 D:/xampp/htdocs/Laravel-Assessment/laravel-assessment/vendor/laravel/framework/src/Illuminate/Foundation/Http/Middleware/TrimStrings.php(40): Illuminate/Foundation/Http/Middleware/TransformsRequest->handle(Object(Illuminate/Http/Request), Object(Closure))
#33 D:/xampp/htdocs/Laravel-Assessment/laravel-assessment/vendor/laravel/framework/src/Illuminate/Pipeline/Pipeline.php(183): Illuminate/Foundation/Http/Middleware/TrimStrings->handle(Object(Illuminate/Http/Request), Object(Closure))
#34 D:/xampp/htdocs/Laravel-Assessment/laravel-assessment/vendor/laravel/framework/src/Illuminate/Foundation/Http/Middleware/ValidatePostSize.php(27): Illuminate/Pipeline/Pipeline->Illuminate/Pipeline/{closure}(Object(Illuminate/Http/Request))
#35 D:/xampp/htdocs/Laravel-Assessment/laravel-assessment/vendor/laravel/framework/src/Illuminate/Pipeline/Pipeline.php(183): Illuminate/Foundation/Http/Middleware/ValidatePostSize->handle(Object(Illuminate/Http/Request), Object(Closure))
#36 D:/xampp/htdocs/Laravel-Assessment/laravel-assessment/vendor/laravel/framework/src/Illuminate/Foundation/Http/Middleware/PreventRequestsDuringMaintenance.php(99): Illuminate/Pipeline/Pipeline->Illuminate/Pipeline/{closure}(Object(Illuminate/Http/Request))
#37 D:/xampp/htdocs/Laravel-Assessment/laravel-assessment/vendor/laravel/framework/src/Illuminate/Pipeline/Pipeline.php(183): Illuminate/Foundation/Http/Middleware/PreventRequestsDuringMaintenance->handle(Object(Illuminate/Http/Request), Object(Closure))
#38 D:/xampp/htdocs/Laravel-Assessment/laravel-assessment/vendor/laravel/framework/src/Illuminate/Http/Middleware/HandleCors.php(62): Illuminate/Pipeline/Pipeline->Illuminate/Pipeline/{closure}(Object(Illuminate/Http/Request))
#39 D:/xampp/htdocs/Laravel-Assessment/laravel-assessment/vendor/laravel/framework/src/Illuminate/Pipeline/Pipeline.php(183): Illuminate/Http/Middleware/HandleCors->handle(Object(Illuminate/Http/Request), Object(Closure))
#40 D:/xampp/htdocs/Laravel-Assessment/laravel-assessment/vendor/laravel/framework/src/Illuminate/Http/Middleware/TrustProxies.php(39): Illuminate/Pipeline/Pipeline->Illuminate/Pipeline/{closure}(Object(Illuminate/Http/Request))
#41 D:/xampp/htdocs/Laravel-Assessment/laravel-assessment/vendor/laravel/framework/src/Illuminate/Pipeline/Pipeline.php(183): Illuminate/Http/Middleware/TrustProxies->handle(Object(Illuminate/Http/Request), Object(Closure))
#42 D:/xampp/htdocs/Laravel-Assessment/laravel-assessment/vendor/laravel/framework/src/Illuminate/Pipeline/Pipeline.php(119): Illuminate/Pipeline/Pipeline->Illuminate/Pipeline/{closure}(Object(Illuminate/Http/Request))
#43 D:/xampp/htdocs/Laravel-Assessment/laravel-assessment/vendor/laravel/framework/src/Illuminate/Foundation/Http/Kernel.php(175): Illuminate/Pipeline/Pipeline->then(Object(Closure))
#44 D:/xampp/htdocs/Laravel-Assessment/laravel-assessment/vendor/laravel/framework/src/Illuminate/Foundation/Http/Kernel.php(144): Illuminate/Foundation/Http/Kernel->sendRequestThroughRouter(Object(Illuminate/Http/Request))
#45 D:/xampp/htdocs/Laravel-Assessment/laravel-assessment/public/index.php(52): Illuminate/Foundation/Http/Kernel->handle(Object(Illuminate/Http/Request))
#46 D:/xampp/htdocs/Laravel-Assessment/laravel-assessment/vendor/laravel/framework/src/Illuminate/Foundation/resources/server.php(16): require_once('D://xampp//htdocs...')
#47 {main}

[previous exception] [object] (PDOException(code: 2002): SQLSTATE[HY000] [2002] No connection could be made because the target machine actively refused it at D:/xampp/htdocs/Laravel-Assessment/laravel-assessment/vendor/laravel/framework/src/Illuminate/Database/Connectors/Connector.php:65)
[stacktrace]
#0 D:/xampp/htdocs/Laravel-Assessment/laravel-assessment/vendor/laravel/framework/src/Illuminate/Database/Connectors/Connector.php(65): PDO->__construct('mysql:host=127....', 'root', '', Array)
#1 D:/xampp/htdocs/Laravel-Assessment/laravel-assessment/vendor/laravel/framework/src/Illuminate/Database/Connectors/Connector.php(83): Illuminate/Database/Connectors/Connector->createPdoConnection('mysql:host=127....', 'root', '', Array)
#2 D:/xampp/htdocs/Laravel-Assessment/laravel-assessment/vendor/laravel/framework/src/Illuminate/Database/Connectors/Connector.php(49): Illuminate/Database/Connectors/Connector->tryAgainIfCausedByLostConnection(Object(PDOException), 'mysql:host=127....', 'root', '', Array)
#3 D:/xampp/htdocs/Laravel-Assessment/laravel-assessment/vendor/laravel/framework/src/Illuminate/Database/Connectors/MySqlConnector.php(24): Illuminate/Database/Connectors/Connector->createConnection('mysql:host=127....', Array, Array)
#4 D:/xampp/htdocs/Laravel-Assessment/laravel-assessment/vendor/laravel/framework/src/Illuminate/Database/Connectors/ConnectionFactory.php(184): Illuminate/Database/Connectors/MySqlConnector->connect(Array)
#5 [internal function]: Illuminate/Database/Connectors/ConnectionFactory->Illuminate/Database/Connectors/{closure}()
#6 D:/xampp/htdocs/Laravel-Assessment/laravel-assessment/vendor/laravel/framework/src/Illuminate/Database/Connection.php(1339): call_user_func(Object(Closure))
#7 D:/xampp/htdocs/Laravel-Assessment/laravel-assessment/vendor/laravel/framework/src/Illuminate/Database/Connection.php(1375): Illuminate/Database/Connection->getPdo()
#8 D:/xampp/htdocs/Laravel-Assessment/laravel-assessment/vendor/laravel/framework/src/Illuminate/Database/Connection.php(528): Illuminate/Database/Connection->getReadPdo()
#9 D:/xampp/htdocs/Laravel-Assessment/laravel-assessment/vendor/laravel/framework/src/Illuminate/Database/Connection.php(423): Illuminate/Database/Connection->getPdoForSelect(true)
#10 D:/xampp/htdocs/Laravel-Assessment/laravel-assessment/vendor/laravel/framework/src/Illuminate/Database/Connection.php(816): Illuminate/Database/Connection->Illuminate/Database/{closure}('select * from `...', Array)
#11 D:/xampp/htdocs/Laravel-Assessment/laravel-assessment/vendor/laravel/framework/src/Illuminate/Database/Connection.php(983): Illuminate/Database/Connection->runQueryCallback('select * from `...', Array, Object(Closure))
#12 D:/xampp/htdocs/Laravel-Assessment/laravel-assessment/vendor/laravel/framework/src/Illuminate/Database/Connection.php(963): Illuminate/Database/Connection->tryAgainIfCausedByLostConnection(Object(Illuminate/Database/QueryException), 'select * from `...', Array, Object(Closure))
#13 D:/xampp/htdocs/Laravel-Assessment/laravel-assessment/vendor/laravel/framework/src/Illuminate/Database/Connection.php(786): Illuminate/Database/Connection->handleQueryException(Object(Illuminate/Database/QueryException), 'select * from `...', Array, Object(Closure))
#14 D:/xampp/htdocs/Laravel-Assessment/laravel-assessment/vendor/laravel/framework/src/Illuminate/Database/Connection.php(431): Illuminate/Database/Connection->run('select * from `...', Array, Object(Closure))
#15 D:/xampp/htdocs/Laravel-Assessment/laravel-assessment/vendor/laravel/framework/src/Illuminate/Database/Query/Builder.php(2914): Illuminate/Database/Connection->select('select * from `...', Array, true)
#16 D:/xampp/htdocs/Laravel-Assessment/laravel-assessment/vendor/laravel/framework/src/Illuminate/Database/Query/Builder.php(2902): Illuminate/Database/Query/Builder->runSelect()
#17 D:/xampp/htdocs/Laravel-Assessment/laravel-assessment/vendor/laravel/framework/src/Illuminate/Database/Query/Builder.php(3456): Illuminate/Database/Query/Builder->Illuminate/Database/Query/{closure}()
#18 D:/xampp/htdocs/Laravel-Assessment/laravel-assessment/vendor/laravel/framework/src/Illuminate/Database/Query/Builder.php(2903): Illuminate/Database/Query/Builder->onceWithColumns(Array, Object(Closure))
#19 D:/xampp/htdocs/Laravel-Assessment/laravel-assessment/app/Http/Controllers/Api/ProductController.php(68): Illuminate/Database/Query/Builder->get()
#20 D:/xampp/htdocs/Laravel-Assessment/laravel-assessment/vendor/laravel/framework/src/Illuminate/Routing/Controller.php(54): App/Http/Controllers/Api/ProductController->getProducts()
#21 D:/xampp/htdocs/Laravel-Assessment/laravel-assessment/vendor/laravel/framework/src/Illuminate/Routing/ControllerDispatcher.php(43): Illuminate/Routing/Controller->callAction('getProducts', Array)
#22 D:/xampp/htdocs/Laravel-Assessment/laravel-assessment/vendor/laravel/framework/src/Illuminate/Routing/Route.php(260): Illuminate/Routing/ControllerDispatcher->dispatch(Object(Illuminate/Routing/Route), Object(App/Http/Controllers/Api/ProductController), 'getProducts')
#23 D:/xampp/htdocs/Laravel-Assessment/laravel-assessment/vendor/laravel/framework/src/Illuminate/Routing/Route.php(205): Illuminate/Routing/Route->runController()
#24 D:/xampp/htdocs/Laravel-Assessment/laravel-assessment/vendor/laravel/framework/src/Illuminate/Routing/Router.php(806): Illuminate/Routing/Route->run()
#25 D:/xampp/htdocs/Laravel-Assessment/laravel-assessment/vendor/laravel/framework/src/Illuminate/Pipeline/Pipeline.php(144): Illuminate/Routing/Router->Illuminate/Routing/{closure}(Object(Illuminate/Http/Request))
#26 D:/xampp/htdocs/Laravel-Assessment/laravel-assessment/vendor/laravel/framework/src/Illuminate/Routing/Middleware/SubstituteBindings.php(50): Illuminate/Pipeline/Pipeline->Illuminate/Pipeline/{closure}(Object(Illuminate/Http/Request))
#27 D:/xampp/htdocs/Laravel-Assessment/laravel-assessment/vendor/laravel/framework/src/Illuminate/Pipeline/Pipeline.php(183): Illuminate/Routing/Middleware/SubstituteBindings->handle(Object(Illuminate/Http/Request), Object(Closure))
#28 D:/xampp/htdocs/Laravel-Assessment/laravel-assessment/vendor/laravel/framework/src/Illuminate/Routing/Middleware/ThrottleRequests.php(159): Illuminate/Pipeline/Pipeline->Illuminate/Pipeline/{closure}(Object(Illuminate/Http/Request))
#29 D:/xampp/htdocs/Laravel-Assessment/laravel-assessment/vendor/laravel/framework/src/Illuminate/Routing/Middleware/ThrottleRequests.php(135): Illuminate/Routing/Middleware/ThrottleRequests->handleRequest(Object(Illuminate/Http/Request), Object(Closure), Array)
#30 D:/xampp/htdocs/Laravel-Assessment/laravel-assessment/vendor/laravel/framework/src/Illuminate/Routing/Middleware/ThrottleRequests.php(87): Illuminate/Routing/Middleware/ThrottleRequests->handleRequestUsingNamedLimiter(Object(Illuminate/Http/Request), Object(Closure), 'api', Object(Closure))
#31 D:/xampp/htdocs/Laravel-Assessment/laravel-assessment/vendor/laravel/framework/src/Illuminate/Pipeline/Pipeline.php(183): Illuminate/Routing/Middleware/ThrottleRequests->handle(Object(Illuminate/Http/Request), Object(Closure), 'api')
#32 D:/xampp/htdocs/Laravel-Assessment/laravel-assessment/vendor/laravel/framework/src/Illuminate/Pipeline/Pipeline.php(119): Illuminate/Pipeline/Pipeline->Illuminate/Pipeline/{closure}(Object(Illuminate/Http/Request))
#33 D:/xampp/htdocs/Laravel-Assessment/laravel-assessment/vendor/laravel/framework/src/Illuminate/Routing/Router.php(807): Illuminate/Pipeline/Pipeline->then(Object(Closure))
#34 D:/xampp/htdocs/Laravel-Assessment/laravel-assessment/vendor/laravel/framework/src/Illuminate/Routing/Router.php(784): Illuminate/Routing/Router->runRouteWithinStack(Object(Illuminate/Routing/Route), Object(Illuminate/Http/Request))
#35 D:/xampp/htdocs/Laravel-Assessment/laravel-assessment/vendor/laravel/framework/src/Illuminate/Routing/Router.php(748): Illuminate/Routing/Router->runRoute(Object(Illuminate/Http/Request), Object(Illuminate/Routing/Route))
#36 D:/xampp/htdocs/Laravel-Assessment/laravel-assessment/vendor/laravel/framework/src/Illuminate/Routing/Router.php(737): Illuminate/Routing/Router->dispatchToRoute(Object(Illuminate/Http/Request))
#37 D:/xampp/htdocs/Laravel-Assessment/laravel-assessment/vendor/laravel/framework/src/Illuminate/Foundation/Http/Kernel.php(200): Illuminate/Routing/Router->dispatch(Object(Illuminate/Http/Request))
#38 D:/xampp/htdocs/Laravel-Assessment/laravel-assessment/vendor/laravel/framework/src/Illuminate/Pipeline/Pipeline.php(144): Illuminate/Foundation/Http/Kernel->Illuminate/Foundation/Http/{closure}(Object(Illuminate/Http/Request))
#39 D:/xampp/htdocs/Laravel-Assessment/laravel-assessment/vendor/laravel/framework/src/Illuminate/Foundation/Http/Middleware/TransformsRequest.php(21): Illuminate/Pipeline/Pipeline->Illuminate/Pipeline/{closure}(Object(Illuminate/Http/Request))
#40 D:/xampp/htdocs/Laravel-Assessment/laravel-assessment/vendor/laravel/framework/src/Illuminate/Foundation/Http/Middleware/ConvertEmptyStringsToNull.php(31): Illuminate/Foundation/Http/Middleware/TransformsRequest->handle(Object(Illuminate/Http/Request), Object(Closure))
#41 D:/xampp/htdocs/Laravel-Assessment/laravel-assessment/vendor/laravel/framework/src/Illuminate/Pipeline/Pipeline.php(183): Illuminate/Foundation/Http/Middleware/ConvertEmptyStringsToNull->handle(Object(Illuminate/Http/Request), Object(Closure))
#42 D:/xampp/htdocs/Laravel-Assessment/laravel-assessment/vendor/laravel/framework/src/Illuminate/Foundation/Http/Middleware/TransformsRequest.php(21): Illuminate/Pipeline/Pipeline->Illuminate/Pipeline/{closure}(Object(Illuminate/Http/Request))
#43 D:/xampp/htdocs/Laravel-Assessment/laravel-assessment/vendor/laravel/framework/src/Illuminate/Foundation/Http/Middleware/TrimStrings.php(40): Illuminate/Foundation/Http/Middleware/TransformsRequest->handle(Object(Illuminate/Http/Request), Object(Closure))
#44 D:/xampp/htdocs/Laravel-Assessment/laravel-assessment/vendor/laravel/framework/src/Illuminate/Pipeline/Pipeline.php(183): Illuminate/Foundation/Http/Middleware/TrimStrings->handle(Object(Illuminate/Http/Request), Object(Closure))
#45 D:/xampp/htdocs/Laravel-Assessment/laravel-assessment/vendor/laravel/framework/src/Illuminate/Foundation/Http/Middleware/ValidatePostSize.php(27): Illuminate/Pipeline/Pipeline->Illuminate/Pipeline/{closure}(Object(Illuminate/Http/Request))
#46 D:/xampp/htdocs/Laravel-Assessment/laravel-assessment/vendor/laravel/framework/src/Illuminate/Pipeline/Pipeline.php(183): Illuminate/Foundation/Http/Middleware/ValidatePostSize->handle(Object(Illuminate/Http/Request), Object(Closure))
#47 D:/xampp/htdocs/Laravel-Assessment/laravel-assessment/vendor/laravel/framework/src/Illuminate/Foundation/Http/Middleware/PreventRequestsDuringMaintenance.php(99): Illuminate/Pipeline/Pipeline->Illuminate/Pipeline/{closure}(Object(Illuminate/Http/Request))
#48 D:/xampp/htdocs/Laravel-Assessment/laravel-assessment/vendor/laravel/framework/src/Illuminate/Pipeline/Pipeline.php(183): Illuminate/Foundation/Http/Middleware/PreventRequestsDuringMaintenance->handle(Object(Illuminate/Http/Request), Object(Closure))
#49 D:/xampp/htdocs/Laravel-Assessment/laravel-assessment/vendor/laravel/framework/src/Illuminate/Http/Middleware/HandleCors.php(62): Illuminate/Pipeline/Pipeline->Illuminate/Pipeline/{closure}(Object(Illuminate/Http/Request))
#50 D:/xampp/htdocs/Laravel-Assessment/laravel-assessment/vendor/laravel/framework/src/Illuminate/Pipeline/Pipeline.php(183): Illuminate/Http/Middleware/HandleCors->handle(Object(Illuminate/Http/Request), Object(Closure))
#51 D:/xampp/htdocs/Laravel-Assessment/laravel-assessment/vendor/laravel/framework/src/Illuminate/Http/Middleware/TrustProxies.php(39): Illuminate/Pipeline/Pipeline->Illuminate/Pipeline/{closure}(Object(Illuminate/Http/Request))
#52 D:/xampp/htdocs/Laravel-Assessment/laravel-assessment/vendor/laravel/framework/src/Illuminate/Pipeline/Pipeline.php(183): Illuminate/Http/Middleware/TrustProxies->handle(Object(Illuminate/Http/Request), Object(Closure))
#53 D:/xampp/htdocs/Laravel-Assessment/laravel-assessment/vendor/laravel/framework/src/Illuminate/Pipeline/Pipeline.php(119): Illuminate/Pipeline/Pipeline->Illuminate/Pipeline/{closure}(Object(Illuminate/Http/Request))
#54 D:/xampp/htdocs/Laravel-Assessment/laravel-assessment/vendor/laravel/framework/src/Illuminate/Foundation/Http/Kernel.php(175): Illuminate/Pipeline/Pipeline->then(Object(Closure))
#55 D:/xampp/htdocs/Laravel-Assessment/laravel-assessment/vendor/laravel/framework/src/Illuminate/Foundation/Http/Kernel.php(144): Illuminate/Foundation/Http/Kernel->sendRequestThroughRouter(Object(Illuminate/Http/Request))
#56 D:/xampp/htdocs/Laravel-Assessment/laravel-assessment/public/index.php(52): Illuminate/Foundation/Http/Kernel->handle(Object(Illuminate/Http/Request))
#57 D:/xampp/htdocs/Laravel-Assessment/laravel-assessment/vendor/laravel/framework/src/Illuminate/Foundation/resources/server.php(16): require_once('D://xampp//htdocs...')
#58 {main}
"} 
[2026-09-30 05:31:32] local.ERROR: Method App\Http\Controllers\Api\ProductController::fetch does not exist. {"exception":"[object] (BadMethodCallException(code: 0): Method App\\Http\\Controllers\\Api\\ProductController::fetch does not exist. at D:/xampp/htdocs/Laravel-Assessment/laravel-assessment/vendor/laravel/framework/src/Illuminate/Routing/Controller.php:68)
[stacktrace]
#0 D:/xampp/htdocs/Laravel-Assessment/laravel-assessment/vendor/laravel/framework/src/Illuminate/Routing/Controller.php(54): Illuminate/Routing/Controller->__call('fetch', Array)
#1 D:/xampp/htdocs/Laravel-Assessment/laravel-assessment/vendor/laravel/framework/src/Illuminate/Routing/ControllerDispatcher.php(43): Illuminate/Routing/Controller->callAction('fetch', Array)
#2 D:/xampp/htdocs/Laravel-Assessment/laravel-assessment/vendor/laravel/framework/src/Illuminate/Routing/Route.php(260): Illuminate/Routing/ControllerDispatcher->dispatch(Object(Illuminate/Routing/Route), Object(App/Http/Controllers/Api/ProductController), 'fetch')
#3 D:/xampp/htdocs/Laravel-Assessment/laravel-assessment/vendor/laravel/framework/src/Illuminate/Routing/Route.php(205): Illuminate/Routing/Route->runController()
#4 D:/xampp/htdocs/Laravel-Assessment/laravel-assessment/vendor/laravel/framework/src/Illuminate/Routing/Router.php(806): Illuminate/Routing/Route->run()
#5 D:/xampp/htdocs/Laravel-Assessment/laravel-assessment/vendor/laravel/framework/src/Illuminate/Pipeline/Pipeline.php(144): Illuminate/Routing/Router->Illuminate/Routing/{closure}(Object(Illuminate/Http/Request))
#6 D:/xampp/htdocs/Laravel-Assessment/laravel-assessment/vendor/laravel/framework/src/Illuminate/Routing/Middleware/SubstituteBindings.php(50): Illuminate/Pipeline/Pipeline->Illuminate/Pipeline/{closure}(Object(Illuminate/Http/Request))
#7 D:/xampp/htdocs/Laravel-Assessment/laravel-assessment/vendor/laravel/framework/src/Illuminate/Pipeline/Pipeline.php(183): Illuminate/Routing/Middleware/SubstituteBindings->handle(Object(Illuminate/Http/Request), Object(Closure))
#8 D:/xampp/htdocs/Laravel-Assessment/laravel-assessment/vendor/laravel/framework/src/Illuminate/Routing/Middleware/ThrottleRequests.php(159): Illuminate/Pipeline/Pipeline->Illuminate/Pipeline/{closure}(Object(Illuminate/Http/Request))
#9 D:/xampp/htdocs/Laravel-Assessment/laravel-assessment/vendor/laravel/framework/src/Illuminate/Routing/Middleware/ThrottleRequests.php(135): Illuminate/Routing/Middleware/ThrottleRequests->handleRequest(Object(Illuminate/Http/Request), Object(Closure), Array)
#10 D:/xampp/htdocs/Laravel-Assessment/laravel-assessment/vendor/laravel/framework/src/Illuminate/Routing/Middleware/ThrottleRequests.php(87): Illuminate/Routing/Middleware/ThrottleRequests->handleRequestUsingNamedLimiter(Object(Illuminate/Http/Request), Object(Closure), 'api', Object(Closure))
#11 D:/xampp/htdocs/Laravel-Assessment/laravel-assessment/vendor/laravel/framework/src/Illuminate/Pipeline/Pipeline.php(183): Illuminate/Routing/Middleware/ThrottleRequests->handle(Object(Illuminate/Http/Request), Object(Closure), 'api')
#12 D:/xampp/htdocs/Laravel-Assessment/laravel-assessment/vendor/laravel/framework/src/Illuminate/Pipeline/Pipeline.php(119): Illuminate/Pipeline/Pipeline->Illuminate/Pipeline/{closure}(Object(Illuminate/Http/Request))
#13 D:/xampp/htdocs/Laravel-Assessment/laravel-assessment/vendor/laravel/framework/src/Illuminate/Routing/Router.php(807): Illuminate/Pipeline/Pipeline->then(Object(Closure))
#14 D:/xampp/htdocs/Laravel-Assessment/laravel-assessment/vendor/laravel/framework/src/Illuminate/Routing/Router.php(784): Illuminate/Routing/Router->runRouteWithinStack(Object(Illuminate/Routing/Route), Object(Illuminate/Http/Request))
#15 D:/xampp/htdocs/Laravel-Assessment/laravel-assessment/vendor/laravel/framework/src/Illuminate/Routing/Router.php(748): Illuminate/Routing/Router->runRoute(Object(Illuminate/Http/Request), Object(Illuminate/Routing/Route))
#16 D:/xampp/htdocs/Laravel-Assessment/laravel-assessment/vendor/laravel/framework/src/Illuminate/Routing/Router.php(737): Illuminate/Routing/Router->dispatchToRoute(Object(Illuminate/Http/Request))
#17 D:/xampp/htdocs/Laravel-Assessment/laravel-assessment/vendor/laravel/framework/src/Illuminate/Foundation/Http/Kernel.php(200): Illuminate/Routing/Router->dispatch(Object(Illuminate/Http/Request))
#18 D:/xampp/htdocs/Laravel-Assessment/laravel-assessment/vendor/laravel/framework/src/Illuminate/Pipeline/Pipeline.php(144): Illuminate/Foundation/Http/Kernel->Illuminate/Foundation/Http/{closure}(Object(Illuminate/Http/Request))
#19 D:/xampp/htdocs/Laravel-Assessment/laravel-assessment/vendor/laravel/framework/src/Illuminate/Foundation/Http/Middleware/TransformsRequest.php(21): Illuminate/Pipeline/Pipeline->Illuminate/Pipeline/{closure}(Object(Illuminate/Http/Request))
#20 D:/xampp/htdocs/Laravel-Assessment/laravel-assessment/vendor/laravel/framework/src/Illuminate/Foundation/Http/Middleware/ConvertEmptyStringsToNull.php(31): Illuminate/Foundation/Http/Middleware/TransformsRequest->handle(Object(Illuminate/Http/Request), Object(Closure))
#21 D:/xampp/htdocs/Laravel-Assessment/laravel-assessment/vendor/laravel/framework/src/Illuminate/Pipeline/Pipeline.php(183): Illuminate/Foundation/Http/Middleware/ConvertEmptyStringsToNull->handle(Object(Illuminate/Http/Request), Object(Closure))
#22 D:/xampp/htdocs/Laravel-Assessment/laravel-assessment/vendor/laravel/framework/src/Illuminate/Foundation/Http/Middleware/TransformsRequest.php(21): Illuminate/Pipeline/Pipeline->Illuminate/Pipeline/{closure}(Object(Illuminate/Http/Request))
#23 D:/xampp/htdocs/Laravel-Assessment/laravel-assessment/vendor/laravel/framework/src/Illuminate/Foundation/Http/Middleware/TrimStrings.php(40): Illuminate/Foundation/Http/Middleware/TransformsRequest->handle(Object(Illuminate/Http/Request), Object(Closure))
#24 D:/xampp/htdocs/Laravel-Assessment/laravel-assessment/vendor/laravel/framework/src/Illuminate/Pipeline/Pipeline.php(183): Illuminate/Foundation/Http/Middleware/TrimStrings->handle(Object(Illuminate/Http/Request), Object(Closure))
#25 D:/xampp/htdocs/Laravel-Assessment/laravel-assessment/vendor/laravel/framework/src/Illuminate/Foundation/Http/Middleware/ValidatePostSize.php(27): Illuminate/Pipeline/Pipeline->Illuminate/Pipeline/{closure}(Object(Illuminate/Http/Request))
#26 D:/xampp/htdocs/Laravel-Assessment/laravel-assessment/vendor/laravel/framework/src/Illuminate/Pipeline/Pipeline.php(183): Illuminate/Foundation/Http/Middleware/ValidatePostSize->handle(Object(Illuminate/Http/Request), Object(Closure))
#27 D:/xampp/htdocs/Laravel-Assessment/laravel-assessment/vendor/laravel/framework/src/Illuminate/Foundation/Http/Middleware/PreventRequestsDuringMaintenance.php(99): Illuminate/Pipeline/Pipeline->Illuminate/Pipeline/{closure}(Object(Illuminate/Http/Request))
#28 D:/xampp/htdocs/Laravel-Assessment/laravel-assessment/vendor/laravel/framework/src/Illuminate/Pipeline/Pipeline.php(183): Illuminate/Foundation/Http/Middleware/PreventRequestsDuringMaintenance->handle(Object(Illuminate/Http/Request), Object(Closure))
#29 D:/xampp/htdocs/Laravel-Assessment/laravel-assessment/vendor/laravel/framework/src/Illuminate/Http/Middleware/HandleCors.php(62): Illuminate/Pipeline/Pipeline->Illuminate/Pipeline/{closure}(Object(Illuminate/Http/Request))
#30 D:/xampp/htdocs/Laravel-Assessment/laravel-assessment/vendor/laravel/framework/src/Illuminate/Pipeline/Pipeline.php(183): Illuminate/Http/Middleware/HandleCors->handle(Object(Illuminate/Http/Request), Object(Closure))
#31 D:/xampp/htdocs/Laravel-Assessment/laravel-assessment/vendor/laravel/framework/src/Illuminate/Http/Middleware/TrustProxies.php(39): Illuminate/Pipeline/Pipeline->Illuminate/Pipeline/{closure}(Object(Illuminate/Http/Request))
#32 D:/xampp/htdocs/Laravel-Assessment/laravel-assessment/vendor/laravel/framework/src/Illuminate/Pipeline/Pipeline.php(183): Illuminate/Http/Middleware/TrustProxies->handle(Object(Illuminate/Http/Request), Object(Closure))
#33 D:/xampp/htdocs/Laravel-Assessment/laravel-assessment/vendor/laravel/framework/src/Illuminate/Pipeline/Pipeline.php(119): Illuminate/Pipeline/Pipeline->Illuminate/Pipeline/{closure}(Object(Illuminate/Http/Request))
#34 D:/xampp/htdocs/Laravel-Assessment/laravel-assessment/vendor/laravel/framework/src/Illuminate/Foundation/Http/Kernel.php(175): Illuminate/Pipeline/Pipeline->then(Object(Closure))
#35 D:/xampp/htdocs/Laravel-Assessment/laravel-assessment/vendor/laravel/framework/src/Illuminate/Foundation/Http/Kernel.php(144): Illuminate/Foundation/Http/Kernel->sendRequestThroughRouter(Object(Illuminate/Http/Request))
#36 D:/xampp/htdocs/Laravel-Assessment/laravel-assessment/public/index.php(52): Illuminate/Foundation/Http/Kernel->handle(Object(Illuminate/Http/Request))
#37 D:/xampp/htdocs/Laravel-Assessment/laravel-assessment/vendor/laravel/framework/src/Illuminate/Foundation/resources/server.php(16): require_once('D://xampp//htdocs...')
#38 {main}
"} 
[2026-09-30 05:31:51] local.ERROR: Method App\Http\Controllers\Api\ProductController::fetch does not exist. {"exception":"[object] (BadMethodCallException(code: 0): Method App\\Http\\Controllers\\Api\\ProductController::fetch does not exist. at D:/xampp/htdocs/Laravel-Assessment/laravel-assessment/vendor/laravel/framework/src/Illuminate/Routing/Controller.php:68)
[stacktrace]
#0 D:/xampp/htdocs/Laravel-Assessment/laravel-assessment/vendor/laravel/framework/src/Illuminate/Routing/Controller.php(54): Illuminate/Routing/Controller->__call('fetch', Array)
#1 D:/xampp/htdocs/Laravel-Assessment/laravel-assessment/vendor/laravel/framework/src/Illuminate/Routing/ControllerDispatcher.php(43): Illuminate/Routing/Controller->callAction('fetch', Array)
#2 D:/xampp/htdocs/Laravel-Assessment/laravel-assessment/vendor/laravel/framework/src/Illuminate/Routing/Route.php(260): Illuminate/Routing/ControllerDispatcher->dispatch(Object(Illuminate/Routing/Route), Object(App/Http/Controllers/Api/ProductController), 'fetch')
#3 D:/xampp/htdocs/Laravel-Assessment/laravel-assessment/vendor/laravel/framework/src/Illuminate/Routing/Route.php(205): Illuminate/Routing/Route->runController()
#4 D:/xampp/htdocs/Laravel-Assessment/laravel-assessment/vendor/laravel/framework/src/Illuminate/Routing/Router.php(806): Illuminate/Routing/Route->run()
#5 D:/xampp/htdocs/Laravel-Assessment/laravel-assessment/vendor/laravel/framework/src/Illuminate/Pipeline/Pipeline.php(144): Illuminate/Routing/Router->Illuminate/Routing/{closure}(Object(Illuminate/Http/Request))
#6 D:/xampp/htdocs/Laravel-Assessment/laravel-assessment/vendor/laravel/framework/src/Illuminate/Routing/Middleware/SubstituteBindings.php(50): Illuminate/Pipeline/Pipeline->Illuminate/Pipeline/{closure}(Object(Illuminate/Http/Request))
#7 D:/xampp/htdocs/Laravel-Assessment/laravel-assessment/vendor/laravel/framework/src/Illuminate/Pipeline/Pipeline.php(183): Illuminate/Routing/Middleware/SubstituteBindings->handle(Object(Illuminate/Http/Request), Object(Closure))
#8 D:/xampp/htdocs/Laravel-Assessment/laravel-assessment/vendor/laravel/framework/src/Illuminate/Routing/Middleware/ThrottleRequests.php(159): Illuminate/Pipeline/Pipeline->Illuminate/Pipeline/{closure}(Object(Illuminate/Http/Request))
#9 D:/xampp/htdocs/Laravel-Assessment/laravel-assessment/vendor/laravel/framework/src/Illuminate/Routing/Middleware/ThrottleRequests.php(135): Illuminate/Routing/Middleware/ThrottleRequests->handleRequest(Object(Illuminate/Http/Request), Object(Closure), Array)
#10 D:/xampp/htdocs/Laravel-Assessment/laravel-assessment/vendor/laravel/framework/src/Illuminate/Routing/Middleware/ThrottleRequests.php(87): Illuminate/Routing/Middleware/ThrottleRequests->handleRequestUsingNamedLimiter(Object(Illuminate/Http/Request), Object(Closure), 'api', Object(Closure))
#11 D:/xampp/htdocs/Laravel-Assessment/laravel-assessment/vendor/laravel/framework/src/Illuminate/Pipeline/Pipeline.php(183): Illuminate/Routing/Middleware/ThrottleRequests->handle(Object(Illuminate/Http/Request), Object(Closure), 'api')
#12 D:/xampp/htdocs/Laravel-Assessment/laravel-assessment/vendor/laravel/framework/src/Illuminate/Pipeline/Pipeline.php(119): Illuminate/Pipeline/Pipeline->Illuminate/Pipeline/{closure}(Object(Illuminate/Http/Request))
#13 D:/xampp/htdocs/Laravel-Assessment/laravel-assessment/vendor/laravel/framework/src/Illuminate/Routing/Router.php(807): Illuminate/Pipeline/Pipeline->then(Object(Closure))
#14 D:/xampp/htdocs/Laravel-Assessment/laravel-assessment/vendor/laravel/framework/src/Illuminate/Routing/Router.php(784): Illuminate/Routing/Router->runRouteWithinStack(Object(Illuminate/Routing/Route), Object(Illuminate/Http/Request))
#15 D:/xampp/htdocs/Laravel-Assessment/laravel-assessment/vendor/laravel/framework/src/Illuminate/Routing/Router.php(748): Illuminate/Routing/Router->runRoute(Object(Illuminate/Http/Request), Object(Illuminate/Routing/Route))
#16 D:/xampp/htdocs/Laravel-Assessment/laravel-assessment/vendor/laravel/framework/src/Illuminate/Routing/Router.php(737): Illuminate/Routing/Router->dispatchToRoute(Object(Illuminate/Http/Request))
#17 D:/xampp/htdocs/Laravel-Assessment/laravel-assessment/vendor/laravel/framework/src/Illuminate/Foundation/Http/Kernel.php(200): Illuminate/Routing/Router->dispatch(Object(Illuminate/Http/Request))
#18 D:/xampp/htdocs/Laravel-Assessment/laravel-assessment/vendor/laravel/framework/src/Illuminate/Pipeline/Pipeline.php(144): Illuminate/Foundation/Http/Kernel->Illuminate/Foundation/Http/{closure}(Object(Illuminate/Http/Request))
#19 D:/xampp/htdocs/Laravel-Assessment/laravel-assessment/vendor/laravel/framework/src/Illuminate/Foundation/Http/Middleware/TransformsRequest.php(21): Illuminate/Pipeline/Pipeline->Illuminate/Pipeline/{closure}(Object(Illuminate/Http/Request))
#20 D:/xampp/htdocs/Laravel-Assessment/laravel-assessment/vendor/laravel/framework/src/Illuminate/Foundation/Http/Middleware/ConvertEmptyStringsToNull.php(31): Illuminate/Foundation/Http/Middleware/TransformsRequest->handle(Object(Illuminate/Http/Request), Object(Closure))
#21 D:/xampp/htdocs/Laravel-Assessment/laravel-assessment/vendor/laravel/framework/src/Illuminate/Pipeline/Pipeline.php(183): Illuminate/Foundation/Http/Middleware/ConvertEmptyStringsToNull->handle(Object(Illuminate/Http/Request), Object(Closure))
#22 D:/xampp/htdocs/Laravel-Assessment/laravel-assessment/vendor/laravel/framework/src/Illuminate/Foundation/Http/Middleware/TransformsRequest.php(21): Illuminate/Pipeline/Pipeline->Illuminate/Pipeline/{closure}(Object(Illuminate/Http/Request))
#23 D:/xampp/htdocs/Laravel-Assessment/laravel-assessment/vendor/laravel/framework/src/Illuminate/Foundation/Http/Middleware/TrimStrings.php(40): Illuminate/Foundation/Http/Middleware/TransformsRequest->handle(Object(Illuminate/Http/Request), Object(Closure))
#24 D:/xampp/htdocs/Laravel-Assessment/laravel-assessment/vendor/laravel/framework/src/Illuminate/Pipeline/Pipeline.php(183): Illuminate/Foundation/Http/Middleware/TrimStrings->handle(Object(Illuminate/Http/Request), Object(Closure))
#25 D:/xampp/htdocs/Laravel-Assessment/laravel-assessment/vendor/laravel/framework/src/Illuminate/Foundation/Http/Middleware/ValidatePostSize.php(27): Illuminate/Pipeline/Pipeline->Illuminate/Pipeline/{closure}(Object(Illuminate/Http/Request))
#26 D:/xampp/htdocs/Laravel-Assessment/laravel-assessment/vendor/laravel/framework/src/Illuminate/Pipeline/Pipeline.php(183): Illuminate/Foundation/Http/Middleware/ValidatePostSize->handle(Object(Illuminate/Http/Request), Object(Closure))
#27 D:/xampp/htdocs/Laravel-Assessment/laravel-assessment/vendor/laravel/framework/src/Illuminate/Foundation/Http/Middleware/PreventRequestsDuringMaintenance.php(99): Illuminate/Pipeline/Pipeline->Illuminate/Pipeline/{closure}(Object(Illuminate/Http/Request))
#28 D:/xampp/htdocs/Laravel-Assessment/laravel-assessment/vendor/laravel/framework/src/Illuminate/Pipeline/Pipeline.php(183): Illuminate/Foundation/Http/Middleware/PreventRequestsDuringMaintenance->handle(Object(Illuminate/Http/Request), Object(Closure))
#29 D:/xampp/htdocs/Laravel-Assessment/laravel-assessment/vendor/laravel/framework/src/Illuminate/Http/Middleware/HandleCors.php(62): Illuminate/Pipeline/Pipeline->Illuminate/Pipeline/{closure}(Object(Illuminate/Http/Request))
#30 D:/xampp/htdocs/Laravel-Assessment/laravel-assessment/vendor/laravel/framework/src/Illuminate/Pipeline/Pipeline.php(183): Illuminate/Http/Middleware/HandleCors->handle(Object(Illuminate/Http/Request), Object(Closure))
#31 D:/xampp/htdocs/Laravel-Assessment/laravel-assessment/vendor/laravel/framework/src/Illuminate/Http/Middleware/TrustProxies.php(39): Illuminate/Pipeline/Pipeline->Illuminate/Pipeline/{closure}(Object(Illuminate/Http/Request))
#32 D:/xampp/htdocs/Laravel-Assessment/laravel-assessment/vendor/laravel/framework/src/Illuminate/Pipeline/Pipeline.php(183): Illuminate/Http/Middleware/TrustProxies->handle(Object(Illuminate/Http/Request), Object(Closure))
#33 D:/xampp/htdocs/Laravel-Assessment/laravel-assessment/vendor/laravel/framework/src/Illuminate/Pipeline/Pipeline.php(119): Illuminate/Pipeline/Pipeline->Illuminate/Pipeline/{closure}(Object(Illuminate/Http/Request))
#34 D:/xampp/htdocs/Laravel-Assessment/laravel-assessment/vendor/laravel/framework/src/Illuminate/Foundation/Http/Kernel.php(175): Illuminate/Pipeline/Pipeline->then(Object(Closure))
#35 D:/xampp/htdocs/Laravel-Assessment/laravel-assessment/vendor/laravel/framework/src/Illuminate/Foundation/Http/Kernel.php(144): Illuminate/Foundation/Http/Kernel->sendRequestThroughRouter(Object(Illuminate/Http/Request))
#36 D:/xampp/htdocs/Laravel-Assessment/laravel-assessment/public/index.php(52): Illuminate/Foundation/Http/Kernel->handle(Object(Illuminate/Http/Request))
#37 D:/xampp/htdocs/Laravel-Assessment/laravel-assessment/vendor/laravel/framework/src/Illuminate/Foundation/resources/server.php(16): require_once('D://xampp//htdocs...')
#38 {main}
"} 
[2026-09-30 05:37:12] local.ERROR: Method App\Http\Controllers\Api\ProductController::fetch does not exist. {"exception":"[object] (BadMethodCallException(code: 0): Method App\\Http\\Controllers\\Api\\ProductController::fetch does not exist. at D:/xampp/htdocs/Laravel-Assessment/laravel-assessment/vendor/laravel/framework/src/Illuminate/Routing/Controller.php:68)
[stacktrace]
#0 D:/xampp/htdocs/Laravel-Assessment/laravel-assessment/vendor/laravel/framework/src/Illuminate/Routing/Controller.php(54): Illuminate/Routing/Controller->__call('fetch', Array)
#1 D:/xampp/htdocs/Laravel-Assessment/laravel-assessment/vendor/laravel/framework/src/Illuminate/Routing/ControllerDispatcher.php(43): Illuminate/Routing/Controller->callAction('fetch', Array)
#2 D:/xampp/htdocs/Laravel-Assessment/laravel-assessment/vendor/laravel/framework/src/Illuminate/Routing/Route.php(260): Illuminate/Routing/ControllerDispatcher->dispatch(Object(Illuminate/Routing/Route), Object(App/Http/Controllers/Api/ProductController), 'fetch')
#3 D:/xampp/htdocs/Laravel-Assessment/laravel-assessment/vendor/laravel/framework/src/Illuminate/Routing/Route.php(205): Illuminate/Routing/Route->runController()
#4 D:/xampp/htdocs/Laravel-Assessment/laravel-assessment/vendor/laravel/framework/src/Illuminate/Routing/Router.php(806): Illuminate/Routing/Route->run()
#5 D:/xampp/htdocs/Laravel-Assessment/laravel-assessment/vendor/laravel/framework/src/Illuminate/Pipeline/Pipeline.php(144): Illuminate/Routing/Router->Illuminate/Routing/{closure}(Object(Illuminate/Http/Request))
#6 D:/xampp/htdocs/Laravel-Assessment/laravel-assessment/vendor/laravel/framework/src/Illuminate/Routing/Middleware/SubstituteBindings.php(50): Illuminate/Pipeline/Pipeline->Illuminate/Pipeline/{closure}(Object(Illuminate/Http/Request))
#7 D:/xampp/htdocs/Laravel-Assessment/laravel-assessment/vendor/laravel/framework/src/Illuminate/Pipeline/Pipeline.php(183): Illuminate/Routing/Middleware/SubstituteBindings->handle(Object(Illuminate/Http/Request), Object(Closure))
#8 D:/xampp/htdocs/Laravel-Assessment/laravel-assessment/vendor/laravel/framework/src/Illuminate/Routing/Middleware/ThrottleRequests.php(159): Illuminate/Pipeline/Pipeline->Illuminate/Pipeline/{closure}(Object(Illuminate/Http/Request))
#9 D:/xampp/htdocs/Laravel-Assessment/laravel-assessment/vendor/laravel/framework/src/Illuminate/Routing/Middleware/ThrottleRequests.php(135): Illuminate/Routing/Middleware/ThrottleRequests->handleRequest(Object(Illuminate/Http/Request), Object(Closure), Array)
#10 D:/xampp/htdocs/Laravel-Assessment/laravel-assessment/vendor/laravel/framework/src/Illuminate/Routing/Middleware/ThrottleRequests.php(87): Illuminate/Routing/Middleware/ThrottleRequests->handleRequestUsingNamedLimiter(Object(Illuminate/Http/Request), Object(Closure), 'api', Object(Closure))
#11 D:/xampp/htdocs/Laravel-Assessment/laravel-assessment/vendor/laravel/framework/src/Illuminate/Pipeline/Pipeline.php(183): Illuminate/Routing/Middleware/ThrottleRequests->handle(Object(Illuminate/Http/Request), Object(Closure), 'api')
#12 D:/xampp/htdocs/Laravel-Assessment/laravel-assessment/vendor/laravel/framework/src/Illuminate/Pipeline/Pipeline.php(119): Illuminate/Pipeline/Pipeline->Illuminate/Pipeline/{closure}(Object(Illuminate/Http/Request))
#13 D:/xampp/htdocs/Laravel-Assessment/laravel-assessment/vendor/laravel/framework/src/Illuminate/Routing/Router.php(807): Illuminate/Pipeline/Pipeline->then(Object(Closure))
#14 D:/xampp/htdocs/Laravel-Assessment/laravel-assessment/vendor/laravel/framework/src/Illuminate/Routing/Router.php(784): Illuminate/Routing/Router->runRouteWithinStack(Object(Illuminate/Routing/Route), Object(Illuminate/Http/Request))
#15 D:/xampp/htdocs/Laravel-Assessment/laravel-assessment/vendor/laravel/framework/src/Illuminate/Routing/Router.php(748): Illuminate/Routing/Router->runRoute(Object(Illuminate/Http/Request), Object(Illuminate/Routing/Route))
#16 D:/xampp/htdocs/Laravel-Assessment/laravel-assessment/vendor/laravel/framework/src/Illuminate/Routing/Router.php(737): Illuminate/Routing/Router->dispatchToRoute(Object(Illuminate/Http/Request))
#17 D:/xampp/htdocs/Laravel-Assessment/laravel-assessment/vendor/laravel/framework/src/Illuminate/Foundation/Http/Kernel.php(200): Illuminate/Routing/Router->dispatch(Object(Illuminate/Http/Request))
#18 D:/xampp/htdocs/Laravel-Assessment/laravel-assessment/vendor/laravel/framework/src/Illuminate/Pipeline/Pipeline.php(144): Illuminate/Foundation/Http/Kernel->Illuminate/Foundation/Http/{closure}(Object(Illuminate/Http/Request))
#19 D:/xampp/htdocs/Laravel-Assessment/laravel-assessment/vendor/laravel/framework/src/Illuminate/Foundation/Http/Middleware/TransformsRequest.php(21): Illuminate/Pipeline/Pipeline->Illuminate/Pipeline/{closure}(Object(Illuminate/Http/Request))
#20 D:/xampp/htdocs/Laravel-Assessment/laravel-assessment/vendor/laravel/framework/src/Illuminate/Foundation/Http/Middleware/ConvertEmptyStringsToNull.php(31): Illuminate/Foundation/Http/Middleware/TransformsRequest->handle(Object(Illuminate/Http/Request), Object(Closure))
#21 D:/xampp/htdocs/Laravel-Assessment/laravel-assessment/vendor/laravel/framework/src/Illuminate/Pipeline/Pipeline.php(183): Illuminate/Foundation/Http/Middleware/ConvertEmptyStringsToNull->handle(Object(Illuminate/Http/Request), Object(Closure))
#22 D:/xampp/htdocs/Laravel-Assessment/laravel-assessment/vendor/laravel/framework/src/Illuminate/Foundation/Http/Middleware/TransformsRequest.php(21): Illuminate/Pipeline/Pipeline->Illuminate/Pipeline/{closure}(Object(Illuminate/Http/Request))
#23 D:/xampp/htdocs/Laravel-Assessment/laravel-assessment/vendor/laravel/framework/src/Illuminate/Foundation/Http/Middleware/TrimStrings.php(40): Illuminate/Foundation/Http/Middleware/TransformsRequest->handle(Object(Illuminate/Http/Request), Object(Closure))
#24 D:/xampp/htdocs/Laravel-Assessment/laravel-assessment/vendor/laravel/framework/src/Illuminate/Pipeline/Pipeline.php(183): Illuminate/Foundation/Http/Middleware/TrimStrings->handle(Object(Illuminate/Http/Request), Object(Closure))
#25 D:/xampp/htdocs/Laravel-Assessment/laravel-assessment/vendor/laravel/framework/src/Illuminate/Foundation/Http/Middleware/ValidatePostSize.php(27): Illuminate/Pipeline/Pipeline->Illuminate/Pipeline/{closure}(Object(Illuminate/Http/Request))
#26 D:/xampp/htdocs/Laravel-Assessment/laravel-assessment/vendor/laravel/framework/src/Illuminate/Pipeline/Pipeline.php(183): Illuminate/Foundation/Http/Middleware/ValidatePostSize->handle(Object(Illuminate/Http/Request), Object(Closure))
#27 D:/xampp/htdocs/Laravel-Assessment/laravel-assessment/vendor/laravel/framework/src/Illuminate/Foundation/Http/Middleware/PreventRequestsDuringMaintenance.php(99): Illuminate/Pipeline/Pipeline->Illuminate/Pipeline/{closure}(Object(Illuminate/Http/Request))
#28 D:/xampp/htdocs/Laravel-Assessment/laravel-assessment/vendor/laravel/framework/src/Illuminate/Pipeline/Pipeline.php(183): Illuminate/Foundation/Http/Middleware/PreventRequestsDuringMaintenance->handle(Object(Illuminate/Http/Request), Object(Closure))
#29 D:/xampp/htdocs/Laravel-Assessment/laravel-assessment/vendor/laravel/framework/src/Illuminate/Http/Middleware/HandleCors.php(62): Illuminate/Pipeline/Pipeline->Illuminate/Pipeline/{closure}(Object(Illuminate/Http/Request))
#30 D:/xampp/htdocs/Laravel-Assessment/laravel-assessment/vendor/laravel/framework/src/Illuminate/Pipeline/Pipeline.php(183): Illuminate/Http/Middleware/HandleCors->handle(Object(Illuminate/Http/Request), Object(Closure))
#31 D:/xampp/htdocs/Laravel-Assessment/laravel-assessment/vendor/laravel/framework/src/Illuminate/Http/Middleware/TrustProxies.php(39): Illuminate/Pipeline/Pipeline->Illuminate/Pipeline/{closure}(Object(Illuminate/Http/Request))
#32 D:/xampp/htdocs/Laravel-Assessment/laravel-assessment/vendor/laravel/framework/src/Illuminate/Pipeline/Pipeline.php(183): Illuminate/Http/Middleware/TrustProxies->handle(Object(Illuminate/Http/Request), Object(Closure))
#33 D:/xampp/htdocs/Laravel-Assessment/laravel-assessment/vendor/laravel/framework/src/Illuminate/Pipeline/Pipeline.php(119): Illuminate/Pipeline/Pipeline->Illuminate/Pipeline/{closure}(Object(Illuminate/Http/Request))
#34 D:/xampp/htdocs/Laravel-Assessment/laravel-assessment/vendor/laravel/framework/src/Illuminate/Foundation/Http/Kernel.php(175): Illuminate/Pipeline/Pipeline->then(Object(Closure))
#35 D:/xampp/htdocs/Laravel-Assessment/laravel-assessment/vendor/laravel/framework/src/Illuminate/Foundation/Http/Kernel.php(144): Illuminate/Foundation/Http/Kernel->sendRequestThroughRouter(Object(Illuminate/Http/Request))
#36 D:/xampp/htdocs/Laravel-Assessment/laravel-assessment/public/index.php(52): Illuminate/Foundation/Http/Kernel->handle(Object(Illuminate/Http/Request))
#37 D:/xampp/htdocs/Laravel-Assessment/laravel-assessment/vendor/laravel/framework/src/Illuminate/Foundation/resources/server.php(16): require_once('D://xampp//htdocs...')
#38 {main}
"} 
[2026-09-30 05:37:39] local.ERROR: Method App\Http\Controllers\Api\ProductController::fetch does not exist. {"exception":"[object] (BadMethodCallException(code: 0): Method App\\Http\\Controllers\\Api\\ProductController::fetch does not exist. at D:/xampp/htdocs/Laravel-Assessment/laravel-assessment/vendor/laravel/framework/src/Illuminate/Routing/Controller.php:68)
[stacktrace]
#0 D:/xampp/htdocs/Laravel-Assessment/laravel-assessment/vendor/laravel/framework/src/Illuminate/Routing/Controller.php(54): Illuminate/Routing/Controller->__call('fetch', Array)
#1 D:/xampp/htdocs/Laravel-Assessment/laravel-assessment/vendor/laravel/framework/src/Illuminate/Routing/ControllerDispatcher.php(43): Illuminate/Routing/Controller->callAction('fetch', Array)
#2 D:/xampp/htdocs/Laravel-Assessment/laravel-assessment/vendor/laravel/framework/src/Illuminate/Routing/Route.php(260): Illuminate/Routing/ControllerDispatcher->dispatch(Object(Illuminate/Routing/Route), Object(App/Http/Controllers/Api/ProductController), 'fetch')
#3 D:/xampp/htdocs/Laravel-Assessment/laravel-assessment/vendor/laravel/framework/src/Illuminate/Routing/Route.php(205): Illuminate/Routing/Route->runController()
#4 D:/xampp/htdocs/Laravel-Assessment/laravel-assessment/vendor/laravel/framework/src/Illuminate/Routing/Router.php(806): Illuminate/Routing/Route->run()
#5 D:/xampp/htdocs/Laravel-Assessment/laravel-assessment/vendor/laravel/framework/src/Illuminate/Pipeline/Pipeline.php(144): Illuminate/Routing/Router->Illuminate/Routing/{closure}(Object(Illuminate/Http/Request))
#6 D:/xampp/htdocs/Laravel-Assessment/laravel-assessment/vendor/laravel/framework/src/Illuminate/Routing/Middleware/SubstituteBindings.php(50): Illuminate/Pipeline/Pipeline->Illuminate/Pipeline/{closure}(Object(Illuminate/Http/Request))
#7 D:/xampp/htdocs/Laravel-Assessment/laravel-assessment/vendor/laravel/framework/src/Illuminate/Pipeline/Pipeline.php(183): Illuminate/Routing/Middleware/SubstituteBindings->handle(Object(Illuminate/Http/Request), Object(Closure))
#8 D:/xampp/htdocs/Laravel-Assessment/laravel-assessment/vendor/laravel/framework/src/Illuminate/Routing/Middleware/ThrottleRequests.php(159): Illuminate/Pipeline/Pipeline->Illuminate/Pipeline/{closure}(Object(Illuminate/Http/Request))
#9 D:/xampp/htdocs/Laravel-Assessment/laravel-assessment/vendor/laravel/framework/src/Illuminate/Routing/Middleware/ThrottleRequests.php(135): Illuminate/Routing/Middleware/ThrottleRequests->handleRequest(Object(Illuminate/Http/Request), Object(Closure), Array)
#10 D:/xampp/htdocs/Laravel-Assessment/laravel-assessment/vendor/laravel/framework/src/Illuminate/Routing/Middleware/ThrottleRequests.php(87): Illuminate/Routing/Middleware/ThrottleRequests->handleRequestUsingNamedLimiter(Object(Illuminate/Http/Request), Object(Closure), 'api', Object(Closure))
#11 D:/xampp/htdocs/Laravel-Assessment/laravel-assessment/vendor/laravel/framework/src/Illuminate/Pipeline/Pipeline.php(183): Illuminate/Routing/Middleware/ThrottleRequests->handle(Object(Illuminate/Http/Request), Object(Closure), 'api')
#12 D:/xampp/htdocs/Laravel-Assessment/laravel-assessment/vendor/laravel/framework/src/Illuminate/Pipeline/Pipeline.php(119): Illuminate/Pipeline/Pipeline->Illuminate/Pipeline/{closure}(Object(Illuminate/Http/Request))
#13 D:/xampp/htdocs/Laravel-Assessment/laravel-assessment/vendor/laravel/framework/src/Illuminate/Routing/Router.php(807): Illuminate/Pipeline/Pipeline->then(Object(Closure))
#14 D:/xampp/htdocs/Laravel-Assessment/laravel-assessment/vendor/laravel/framework/src/Illuminate/Routing/Router.php(784): Illuminate/Routing/Router->runRouteWithinStack(Object(Illuminate/Routing/Route), Object(Illuminate/Http/Request))
#15 D:/xampp/htdocs/Laravel-Assessment/laravel-assessment/vendor/laravel/framework/src/Illuminate/Routing/Router.php(748): Illuminate/Routing/Router->runRoute(Object(Illuminate/Http/Request), Object(Illuminate/Routing/Route))
#16 D:/xampp/htdocs/Laravel-Assessment/laravel-assessment/vendor/laravel/framework/src/Illuminate/Routing/Router.php(737): Illuminate/Routing/Router->dispatchToRoute(Object(Illuminate/Http/Request))
#17 D:/xampp/htdocs/Laravel-Assessment/laravel-assessment/vendor/laravel/framework/src/Illuminate/Foundation/Http/Kernel.php(200): Illuminate/Routing/Router->dispatch(Object(Illuminate/Http/Request))
#18 D:/xampp/htdocs/Laravel-Assessment/laravel-assessment/vendor/laravel/framework/src/Illuminate/Pipeline/Pipeline.php(144): Illuminate/Foundation/Http/Kernel->Illuminate/Foundation/Http/{closure}(Object(Illuminate/Http/Request))
#19 D:/xampp/htdocs/Laravel-Assessment/laravel-assessment/vendor/laravel/framework/src/Illuminate/Foundation/Http/Middleware/TransformsRequest.php(21): Illuminate/Pipeline/Pipeline->Illuminate/Pipeline/{closure}(Object(Illuminate/Http/Request))
#20 D:/xampp/htdocs/Laravel-Assessment/laravel-assessment/vendor/laravel/framework/src/Illuminate/Foundation/Http/Middleware/ConvertEmptyStringsToNull.php(31): Illuminate/Foundation/Http/Middleware/TransformsRequest->handle(Object(Illuminate/Http/Request), Object(Closure))
#21 D:/xampp/htdocs/Laravel-Assessment/laravel-assessment/vendor/laravel/framework/src/Illuminate/Pipeline/Pipeline.php(183): Illuminate/Foundation/Http/Middleware/ConvertEmptyStringsToNull->handle(Object(Illuminate/Http/Request), Object(Closure))
#22 D:/xampp/htdocs/Laravel-Assessment/laravel-assessment/vendor/laravel/framework/src/Illuminate/Foundation/Http/Middleware/TransformsRequest.php(21): Illuminate/Pipeline/Pipeline->Illuminate/Pipeline/{closure}(Object(Illuminate/Http/Request))
#23 D:/xampp/htdocs/Laravel-Assessment/laravel-assessment/vendor/laravel/framework/src/Illuminate/Foundation/Http/Middleware/TrimStrings.php(40): Illuminate/Foundation/Http/Middleware/TransformsRequest->handle(Object(Illuminate/Http/Request), Object(Closure))
#24 D:/xampp/htdocs/Laravel-Assessment/laravel-assessment/vendor/laravel/framework/src/Illuminate/Pipeline/Pipeline.php(183): Illuminate/Foundation/Http/Middleware/TrimStrings->handle(Object(Illuminate/Http/Request), Object(Closure))
#25 D:/xampp/htdocs/Laravel-Assessment/laravel-assessment/vendor/laravel/framework/src/Illuminate/Foundation/Http/Middleware/ValidatePostSize.php(27): Illuminate/Pipeline/Pipeline->Illuminate/Pipeline/{closure}(Object(Illuminate/Http/Request))
#26 D:/xampp/htdocs/Laravel-Assessment/laravel-assessment/vendor/laravel/framework/src/Illuminate/Pipeline/Pipeline.php(183): Illuminate/Foundation/Http/Middleware/ValidatePostSize->handle(Object(Illuminate/Http/Request), Object(Closure))
#27 D:/xampp/htdocs/Laravel-Assessment/laravel-assessment/vendor/laravel/framework/src/Illuminate/Foundation/Http/Middleware/PreventRequestsDuringMaintenance.php(99): Illuminate/Pipeline/Pipeline->Illuminate/Pipeline/{closure}(Object(Illuminate/Http/Request))
#28 D:/xampp/htdocs/Laravel-Assessment/laravel-assessment/vendor/laravel/framework/src/Illuminate/Pipeline/Pipeline.php(183): Illuminate/Foundation/Http/Middleware/PreventRequestsDuringMaintenance->handle(Object(Illuminate/Http/Request), Object(Closure))
#29 D:/xampp/htdocs/Laravel-Assessment/laravel-assessment/vendor/laravel/framework/src/Illuminate/Http/Middleware/HandleCors.php(62): Illuminate/Pipeline/Pipeline->Illuminate/Pipeline/{closure}(Object(Illuminate/Http/Request))
#30 D:/xampp/htdocs/Laravel-Assessment/laravel-assessment/vendor/laravel/framework/src/Illuminate/Pipeline/Pipeline.php(183): Illuminate/Http/Middleware/HandleCors->handle(Object(Illuminate/Http/Request), Object(Closure))
#31 D:/xampp/htdocs/Laravel-Assessment/laravel-assessment/vendor/laravel/framework/src/Illuminate/Http/Middleware/TrustProxies.php(39): Illuminate/Pipeline/Pipeline->Illuminate/Pipeline/{closure}(Object(Illuminate/Http/Request))
#32 D:/xampp/htdocs/Laravel-Assessment/laravel-assessment/vendor/laravel/framework/src/Illuminate/Pipeline/Pipeline.php(183): Illuminate/Http/Middleware/TrustProxies->handle(Object(Illuminate/Http/Request), Object(Closure))
#33 D:/xampp/htdocs/Laravel-Assessment/laravel-assessment/vendor/laravel/framework/src/Illuminate/Pipeline/Pipeline.php(119): Illuminate/Pipeline/Pipeline->Illuminate/Pipeline/{closure}(Object(Illuminate/Http/Request))
#34 D:/xampp/htdocs/Laravel-Assessment/laravel-assessment/vendor/laravel/framework/src/Illuminate/Foundation/Http/Kernel.php(175): Illuminate/Pipeline/Pipeline->then(Object(Closure))
#35 D:/xampp/htdocs/Laravel-Assessment/laravel-assessment/vendor/laravel/framework/src/Illuminate/Foundation/Http/Kernel.php(144): Illuminate/Foundation/Http/Kernel->sendRequestThroughRouter(Object(Illuminate/Http/Request))
#36 D:/xampp/htdocs/Laravel-Assessment/laravel-assessment/public/index.php(52): Illuminate/Foundation/Http/Kernel->handle(Object(Illuminate/Http/Request))
#37 D:/xampp/htdocs/Laravel-Assessment/laravel-assessment/vendor/laravel/framework/src/Illuminate/Foundation/resources/server.php(16): require_once('D://xampp//htdocs...')
#38 {main}
"} 
[2026-09-30 10:03:04] local.ERROR: Cannot use Illuminate\Support\Facades\DB as DB because the name is already in use {"exception":"[object] (Symfony\\Component\\ErrorHandler\\Error\\FatalError(code: 0): Cannot use Illuminate\\Support\\Facades\\DB as DB because the name is already in use at D:/xampp/htdocs/Laravel-Assessment/laravel-assessment/routes/api.php:42)
[stacktrace]
#0 {main}
"} 
[2026-09-30 10:03:05] local.ERROR: Cannot use Illuminate\Support\Facades\DB as DB because the name is already in use {"exception":"[object] (Symfony\\Component\\ErrorHandler\\Error\\FatalError(code: 0): Cannot use Illuminate\\Support\\Facades\\DB as DB because the name is already in use at D:/xampp/htdocs/Laravel-Assessment/laravel-assessment/routes/api.php:42)
[stacktrace]
#0 {main}
"} 
[2026-09-30 10:03:07] local.ERROR: Cannot use Illuminate\Support\Facades\DB as DB because the name is already in use {"exception":"[object] (Symfony\\Component\\ErrorHandler\\Error\\FatalError(code: 0): Cannot use Illuminate\\Support\\Facades\\DB as DB because the name is already in use at D:/xampp/htdocs/Laravel-Assessment/laravel-assessment/routes/api.php:42)
[stacktrace]
#0 {main}
"} 
[2026-10-01 04:54:57] local.ERROR: Class "Junges\Kafka\Providers\LaravelKafkaServiceProvider" not found {"exception":"[object] (Error(code: 0): Class \"Junges\\Kafka\\Providers\\LaravelKafkaServiceProvider\" not found at D:/xampp/htdocs/Laravel-Assessment/laravel-assessment/vendor/laravel/framework/src/Illuminate/Foundation/Application.php:880)
[stacktrace]
#0 D:/xampp/htdocs/Laravel-Assessment/laravel-assessment/vendor/laravel/framework/src/Illuminate/Foundation/Application.php(814): Illuminate/Foundation/Application->resolveProvider('Junges//Kafka//Pr...')
#1 D:/xampp/htdocs/Laravel-Assessment/laravel-assessment/vendor/laravel/framework/src/Illuminate/Foundation/ProviderRepository.php(75): Illuminate/Foundation/Application->register('Junges//Kafka//Pr...')
#2 D:/xampp/htdocs/Laravel-Assessment/laravel-assessment/vendor/laravel/framework/src/Illuminate/Foundation/Application.php(794): Illuminate/Foundation/ProviderRepository->load(Array)
#3 D:/xampp/htdocs/Laravel-Assessment/laravel-assessment/vendor/laravel/framework/src/Illuminate/Foundation/Bootstrap/RegisterProviders.php(17): Illuminate/Foundation/Application->registerConfiguredProviders()
#4 D:/xampp/htdocs/Laravel-Assessment/laravel-assessment/vendor/laravel/framework/src/Illuminate/Foundation/Application.php(286): Illuminate/Foundation/Bootstrap/RegisterProviders->bootstrap(Object(Illuminate/Foundation/Application))
#5 D:/xampp/htdocs/Laravel-Assessment/laravel-assessment/vendor/laravel/framework/src/Illuminate/Foundation/Console/Kernel.php(447): Illuminate/Foundation/Application->bootstrapWith(Array)
#6 D:/xampp/htdocs/Laravel-Assessment/laravel-assessment/storage/framework/lsp-9beac977ec440641.php(5): Illuminate/Foundation/Console/Kernel->bootstrap()
#7 {main}
"} 
